<?xml version="1.0" encoding="utf-8" ?>
<kml xmlns="http://www.opengis.net/kml/2.2">
<Document id="root_doc">
<Schema name="recortado" id="recortado">
	<SimpleField name="Name" type="string"></SimpleField>
	<SimpleField name="cd_quilomb" type="float"></SimpleField>
	<SimpleField name="cd_sr" type="string"></SimpleField>
	<SimpleField name="nr_process" type="string"></SimpleField>
	<SimpleField name="nm_municip" type="string"></SimpleField>
	<SimpleField name="cd_uf" type="string"></SimpleField>
	<SimpleField name="dt_publica" type="string"></SimpleField>
	<SimpleField name="dt_public1" type="string"></SimpleField>
	<SimpleField name="nr_familia" type="int"></SimpleField>
	<SimpleField name="dt_titulac" type="string"></SimpleField>
	<SimpleField name="nr_area_ha" type="float"></SimpleField>
	<SimpleField name="nr_perimet" type="float"></SimpleField>
	<SimpleField name="cd_sipra" type="string"></SimpleField>
	<SimpleField name="ob_descric" type="string"></SimpleField>
	<SimpleField name="st_titulad" type="string"></SimpleField>
	<SimpleField name="dt_decreto" type="string"></SimpleField>
	<SimpleField name="tp_levanta" type="string"></SimpleField>
	<SimpleField name="nr_escalao" type="string"></SimpleField>
	<SimpleField name="area_calc_" type="float"></SimpleField>
	<SimpleField name="perimetro_" type="float"></SimpleField>
	<SimpleField name="esfera" type="string"></SimpleField>
	<SimpleField name="fase" type="string"></SimpleField>
	<SimpleField name="responsave" type="string"></SimpleField>
</Schema>
<Folder><name>recortado</name>
  <Placemark id="recortado.1">
	<name>MATA DE SÃO BENEDITO</name>
	<Style><LineStyle><color>ff0000ff</color></LineStyle><PolyStyle><fill>0</fill></PolyStyle></Style>
	<ExtendedData><SchemaData schemaUrl="#recortado">
		<SimpleData name="cd_quilomb">22</SimpleData>
		<SimpleData name="cd_sr">SR-12</SimpleData>
		<SimpleData name="nr_process">54230.001494/2005-88</SimpleData>
		<SimpleData name="nm_municip">ITAPECURU-MIRIM</SimpleData>
		<SimpleData name="cd_uf">MA</SimpleData>
		<SimpleData name="dt_publica">28/07/2005</SimpleData>
		<SimpleData name="dt_public1">25/05/2007</SimpleData>
		<SimpleData name="nr_familia">35</SimpleData>
		<SimpleData name="dt_titulac">02/14/2014</SimpleData>
		<SimpleData name="nr_area_ha">54.787999999999997</SimpleData>
		<SimpleData name="nr_perimet">13768.879999999999200</SimpleData>
		<SimpleData name="ob_descric">estudo de delimitação</SimpleData>
		<SimpleData name="st_titulad">F</SimpleData>
		<SimpleData name="dt_decreto">30/11/2009</SimpleData>
		<SimpleData name="tp_levanta">GPS TOPOGRAFICO</SimpleData>
		<SimpleData name="nr_escalao">1/30.000</SimpleData>
		<SimpleData name="area_calc_">1133.4226</SimpleData>
		<SimpleData name="perimetro_">124247.8592</SimpleData>
		<SimpleData name="esfera">FEDERAL</SimpleData>
		<SimpleData name="fase">TITULO PARCIAL</SimpleData>
		<SimpleData name="responsave">INCRA</SimpleData>
	</SchemaData></ExtendedData>
      <MultiGeometry><Polygon><outerBoundaryIs><LinearRing><coordinates>-44.4317884642377,-3.38702136899174 -44.4205406109904,-3.37185398472986 -44.4204689279062,-3.37175044908944 -44.4096106586178,-3.35669947388159 -44.3976046557687,-3.36488719786538 -44.3955832432147,-3.36662522866192 -44.3887391856569,-3.37104840173737 -44.3969788385456,-3.39524398795142 -44.4215346960067,-3.38915171567713 -44.4317884642377,-3.38702136899174</coordinates></LinearRing></outerBoundaryIs></Polygon></MultiGeometry>
  </Placemark>
  <Placemark id="recortado.2">
	<name>SANTA MARIA DOS PINHEIROS</name>
	<Style><LineStyle><color>ff0000ff</color></LineStyle><PolyStyle><fill>0</fill></PolyStyle></Style>
	<ExtendedData><SchemaData schemaUrl="#recortado">
		<SimpleData name="cd_quilomb">68</SimpleData>
		<SimpleData name="cd_sr">SR-12</SimpleData>
		<SimpleData name="nr_process">54230003776/2004-39</SimpleData>
		<SimpleData name="nm_municip">ITAPECURU-MIRIM</SimpleData>
		<SimpleData name="cd_uf">MA</SimpleData>
		<SimpleData name="dt_publica">31/03/2005</SimpleData>
		<SimpleData name="dt_public1">20/10/2006</SimpleData>
		<SimpleData name="nr_familia">30</SimpleData>
		<SimpleData name="nr_area_ha">1021.095599999999990</SimpleData>
		<SimpleData name="ob_descric">estudo de delimitação</SimpleData>
		<SimpleData name="st_titulad">F</SimpleData>
		<SimpleData name="dt_decreto">16/12/2010</SimpleData>
		<SimpleData name="nr_escalao">1/35.000</SimpleData>
		<SimpleData name="area_calc_">1021.4430</SimpleData>
		<SimpleData name="perimetro_">148220.0196</SimpleData>
		<SimpleData name="esfera">FEDERAL</SimpleData>
		<SimpleData name="fase">CCDRU</SimpleData>
		<SimpleData name="responsave">INCRA</SimpleData>
	</SchemaData></ExtendedData>
      <MultiGeometry><Polygon><outerBoundaryIs><LinearRing><coordinates>-44.4646074658567,-3.38486577440577 -44.458608580519,-3.38528400284944 -44.450480347891,-3.3870154569312 -44.4507942585506,-3.39433642880069 -44.4329126432364,-3.39765620434021 -44.4318261546946,-3.40815928136111 -44.4318817155012,-3.40905022183406 -44.4651492172417,-3.40791165738315 -44.4833353619933,-3.37560558580582 -44.4797979616467,-3.37086785478846 -44.4646074658567,-3.38486577440577</coordinates></LinearRing></outerBoundaryIs></Polygon></MultiGeometry>
  </Placemark>
  <Placemark id="recortado.3">
	<name>QUELUZ</name>
	<Style><LineStyle><color>ff0000ff</color></LineStyle><PolyStyle><fill>0</fill></PolyStyle></Style>
	<ExtendedData><SchemaData schemaUrl="#recortado">
		<SimpleData name="cd_sr">SR-12</SimpleData>
		<SimpleData name="nr_process">2389/05</SimpleData>
		<SimpleData name="nm_municip">ANAJATUBA / ITAPECURU-MIRIM</SimpleData>
		<SimpleData name="cd_uf">MA</SimpleData>
		<SimpleData name="nr_familia">125</SimpleData>
		<SimpleData name="dt_titulac">25/09/2017</SimpleData>
		<SimpleData name="nr_area_ha">243.493799999999993</SimpleData>
		<SimpleData name="area_calc_">244.6103</SimpleData>
		<SimpleData name="perimetro_">62174.5761</SimpleData>
		<SimpleData name="esfera">ESTADUAL</SimpleData>
		<SimpleData name="fase">TITULADO</SimpleData>
		<SimpleData name="responsave">ITERMA</SimpleData>
	</SchemaData></ExtendedData>
      <MultiGeometry><Polygon><outerBoundaryIs><LinearRing><coordinates>-44.4918123399999,-3.33133874099991 -44.4905670129999,-3.33203367199991 -44.4889215519999,-3.33929611599995 -44.4958095759999,-3.34422730699993 -44.5121061249999,-3.33637356199994 -44.5110966359999,-3.33019834099991 -44.4935258879999,-3.33333916299994 -44.4918123399999,-3.33133874099991</coordinates></LinearRing></outerBoundaryIs></Polygon></MultiGeometry>
  </Placemark>
  <Placemark id="recortado.4">
	<name>PEDRINHAS</name>
	<Style><LineStyle><color>ff0000ff</color></LineStyle><PolyStyle><fill>0</fill></PolyStyle></Style>
	<ExtendedData><SchemaData schemaUrl="#recortado">
		<SimpleData name="cd_sr">SR-12</SimpleData>
		<SimpleData name="nr_process">54230.001193/2009-88</SimpleData>
		<SimpleData name="nm_municip">ANAJATUBA / ITAPECURI-MIRIM</SimpleData>
		<SimpleData name="cd_uf">MA</SimpleData>
		<SimpleData name="nr_familia">28</SimpleData>
		<SimpleData name="dt_titulac">14/11/2008</SimpleData>
		<SimpleData name="nr_area_ha">128.636300000000006</SimpleData>
		<SimpleData name="area_calc_">128.7289</SimpleData>
		<SimpleData name="perimetro_">48941.9353</SimpleData>
		<SimpleData name="esfera">ESTADUAL</SimpleData>
		<SimpleData name="fase">TITULADO</SimpleData>
		<SimpleData name="responsave">ITERMA</SimpleData>
	</SchemaData></ExtendedData>
      <MultiGeometry><Polygon><outerBoundaryIs><LinearRing><coordinates>-44.499085,-3.34518000000001 -44.4994951771744,-3.36189932425083 -44.5106276945065,-3.3613397141679 -44.5000267239607,-3.34449248180765 -44.499085,-3.34518000000001</coordinates></LinearRing></outerBoundaryIs></Polygon></MultiGeometry>
  </Placemark>
  <Placemark id="recortado.5">
	<name>MONGE BELO</name>
	<Style><LineStyle><color>ff0000ff</color></LineStyle><PolyStyle><fill>0</fill></PolyStyle></Style>
	<ExtendedData><SchemaData schemaUrl="#recortado">
		<SimpleData name="cd_quilomb">32</SimpleData>
		<SimpleData name="cd_sr">SR-12</SimpleData>
		<SimpleData name="nr_process">54230.003794/2004-11</SimpleData>
		<SimpleData name="nm_municip">ITAPECURU MIRIM</SimpleData>
		<SimpleData name="cd_uf">MA</SimpleData>
		<SimpleData name="dt_publica">25/08/2010</SimpleData>
		<SimpleData name="dt_public1">12/06/2015</SimpleData>
		<SimpleData name="nr_familia">257</SimpleData>
		<SimpleData name="nr_area_ha">72466129.000000000000000</SimpleData>
		<SimpleData name="nr_perimet">35441.349999999998545</SimpleData>
		<SimpleData name="ob_descric">estudo de delimitação</SimpleData>
		<SimpleData name="st_titulad">F</SimpleData>
		<SimpleData name="dt_decreto">04/04/2016</SimpleData>
		<SimpleData name="tp_levanta">GPS E CARTA DSG MI - 610</SimpleData>
		<SimpleData name="nr_escalao">1/70.000</SimpleData>
		<SimpleData name="area_calc_">5655.2013</SimpleData>
		<SimpleData name="perimetro_">319796.9867</SimpleData>
		<SimpleData name="esfera">FEDERAL</SimpleData>
		<SimpleData name="fase">DECRETO</SimpleData>
		<SimpleData name="responsave">INCRA</SimpleData>
	</SchemaData></ExtendedData>
      <MultiGeometry><Polygon><outerBoundaryIs><LinearRing><coordinates>-44.4746275963984,-3.24684594498424 -44.4629559249874,-3.21386478717166 -44.4447764398168,-3.21178298102903 -44.4148181458405,-3.23115014154992 -44.4108450000297,-3.2379327714453 -44.4159348809567,-3.26133020481563 -44.4427116356368,-3.26255770159764 -44.442664529047,-3.29578637841216 -44.4445789068069,-3.29559919221695 -44.4530777610091,-3.29500349026704 -44.4529253460001,-3.29191642219255 -44.4570976172175,-3.29162523929902 -44.4572798469004,-3.29469794103015 -44.4613619871381,-3.2944863936066 -44.4817247620317,-3.29336025377089 -44.4795081438278,-3.29073492421251 -44.4897052573441,-3.29009174887813 -44.4896974895449,-3.28996744334748 -44.5062177282412,-3.24460450896522 -44.4746275963984,-3.24684594498424</coordinates></LinearRing></outerBoundaryIs></Polygon></MultiGeometry>
  </Placemark>
  <Placemark id="recortado.6">
	<name>SANTA ROSA DOS PRETOS</name>
	<Style><LineStyle><color>ff0000ff</color></LineStyle><PolyStyle><fill>0</fill></PolyStyle></Style>
	<ExtendedData><SchemaData schemaUrl="#recortado">
		<SimpleData name="cd_quilomb">24</SimpleData>
		<SimpleData name="cd_sr">SR-12</SimpleData>
		<SimpleData name="nr_process">54230.003909/2005-58</SimpleData>
		<SimpleData name="nm_municip">ITAPECURU-MIRIM</SimpleData>
		<SimpleData name="cd_uf">MA</SimpleData>
		<SimpleData name="dt_publica">15/10/2008</SimpleData>
		<SimpleData name="dt_public1">11/07/2014</SimpleData>
		<SimpleData name="nr_familia">326</SimpleData>
		<SimpleData name="nr_area_ha">7316.511199999999917</SimpleData>
		<SimpleData name="st_titulad">F</SimpleData>
		<SimpleData name="dt_decreto">23/06/2015</SimpleData>
		<SimpleData name="area_calc_">7501.9554</SimpleData>
		<SimpleData name="perimetro_">451499.9849</SimpleData>
		<SimpleData name="esfera">FEDERAL</SimpleData>
		<SimpleData name="fase">DECRETO</SimpleData>
		<SimpleData name="responsave">INCRA</SimpleData>
	</SchemaData></ExtendedData>
      <MultiGeometry><Polygon><outerBoundaryIs><LinearRing><coordinates>-44.330965938453,-3.30521281058298 -44.3318270113372,-3.30543249738057 -44.3819383388509,-3.27708695988686 -44.3980260468618,-3.34646572237029 -44.4442054866154,-3.3118807335639 -44.4431429446151,-3.29642850691895 -44.4427116372363,-3.26255770352022 -44.4159348825565,-3.26133020673931 -44.3845013861484,-3.26594321809509 -44.3818009863104,-3.26621294935462 -44.3817998296307,-3.26810367294194 -44.2942781123185,-3.27087218641055 -44.292890478585,-3.2721585935067 -44.2918189933901,-3.27401749503829 -44.2915257254515,-3.27597482906144 -44.2910373088428,-3.27871498636625 -44.2914252601185,-3.28047704088078 -44.2920071884245,-3.28312007757633 -44.2927839698499,-3.28527393530331 -44.2933664528994,-3.28713401003601 -44.2941439957971,-3.28821117013668 -44.2945322280354,-3.28958178908812 -44.295406797813,-3.29105054446137 -44.2962813911689,-3.29261718128476 -44.2966690561114,-3.2946728813103 -44.2978350036811,-3.29702268767625 -44.298888709118,-3.29873744949704 -44.300639129102,-3.30001105919897 -44.3041409370185,-3.30118801743733 -44.3070569356084,-3.30163849204593 -44.3109514447851,-3.30129066279036 -44.3139678479071,-3.30090131988351 -44.3165946474572,-3.30109881015725 -44.3181512095599,-3.30119776548951 -44.3200965325327,-3.30208004284935 -44.3228198447174,-3.30345217044483 -44.3257383621563,-3.30394357512134 -44.3281703786656,-3.3044346414359 -44.330965938453,-3.30521281058298</coordinates></LinearRing></outerBoundaryIs></Polygon></MultiGeometry>
  </Placemark>
  <Placemark id="recortado.7">
	<name>TQ_ALDEIA_VELHA</name>
	<Style><LineStyle><color>ff0000ff</color></LineStyle><PolyStyle><fill>0</fill></PolyStyle></Style>
	<ExtendedData><SchemaData schemaUrl="#recortado">
		<SimpleData name="cd_sr">12</SimpleData>
		<SimpleData name="nm_municip">Pirapemas</SimpleData>
		<SimpleData name="cd_uf">MA</SimpleData>
		<SimpleData name="nr_area_ha">7772.714399999999841</SimpleData>
	</SchemaData></ExtendedData>
      <MultiGeometry><Polygon><outerBoundaryIs><LinearRing><coordinates>-44.215504,-3.84495199999999 -44.2156072887215,-3.84484588141658 -44.2114705762596,-3.84053303184831 -44.216767,-3.83346799999999 -44.218508,-3.831075 -44.22007,-3.82901499999999 -44.222366,-3.82588299999999 -44.223951,-3.823699 -44.2254129232596,-3.8217540764496 -44.223241,-3.81878900000001 -44.2194450704306,-3.81364264838117 -44.2184280213523,-3.81228291155412 -44.2173932514972,-3.81090388984556 -44.216335,-3.80948800000001 -44.215264,-3.80806699999999 -44.214187,-3.806585 -44.2130151937459,-3.8050173508809 -44.215974,-3.802957 -44.222123,-3.79877899999999 -44.222889,-3.79824299999999 -44.219059,-3.792503 -44.222316,-3.78806800000001 -44.225545,-3.783586 -44.225568,-3.78356900000001 -44.228537,-3.77935699999999 -44.228735,-3.779089 -44.233384,-3.776541 -44.233323,-3.77546799999999 -44.230818,-3.767913 -44.230915,-3.767319 -44.2308609553884,-3.7641333202245 -44.2231745494531,-3.75939347094814 -44.2184127246895,-3.75420736012069 -44.2215913510453,-3.75089211933132 -44.2165996606879,-3.74604354407541 -44.2101109336353,-3.73971149713894 -44.2088560590786,-3.73843275515094 -44.2084904432795,-3.73867719357759 -44.2037770060363,-3.73749275324824 -44.202042,-3.741463 -44.195871,-3.74456000000001 -44.192673,-3.74820900000001 -44.1919750224635,-3.75512617253218 -44.19110944,-3.75739971999999 -44.187974,-3.76276599999999 -44.18622583,-3.76503778 -44.1846175,-3.76635 -44.18424056,-3.76676999999999 -44.184241,-3.76677 -44.183917,-3.767232 -44.183715,-3.76770611 -44.183547,-3.768512 -44.18349528,-3.76882972 -44.183507,-3.769634 -44.183803,-3.770997 -44.184034,-3.77153699999999 -44.1846991216186,-3.77451125671431 -44.1851847935957,-3.77656941083196 -44.1852005095897,-3.78120601142477 -44.1845594869999,-3.78427167099993 -44.183139,-3.789139 -44.1809802154043,-3.79386046023629 -44.1806382637827,-3.79428503905081 -44.1785986558251,-3.797193328849 -44.177349975,-3.79857152899993 -44.1766157132707,-3.79951714150369 -44.1757650422574,-3.79993358387211 -44.17353668,-3.80107400399985 -44.1725237729999,-3.80184857999993 -44.1701589085005,-3.80366929309841 -44.1666499581622,-3.80679871617896 -44.1635184296769,-3.80889447725023 -44.162279,-3.81010499999999 -44.1582836540747,-3.81368050313246 -44.157598,-3.81519500000001 -44.1581981046422,-3.81673007595644 -44.161336,-3.82197800000001 -44.161579,-3.82282900000001 -44.1617220160134,-3.82414215907742 -44.160994,-3.826296 -44.1587288912102,-3.82994625852041 -44.1562767872392,-3.83474207140279 -44.1559690791078,-3.84077630506693 -44.1569468664939,-3.84543321310448 -44.1576930760034,-3.84568345228505 -44.1584903740536,-3.84752298808367 -44.1588255456031,-3.84823183128566 -44.159205935681,-3.84891013294871 -44.1595971086972,-3.84942447146454 -44.1599130968449,-3.85016407022429 -44.1602756599396,-3.8509991490708 -44.1605708600679,-3.85167438730673 -44.1608068871305,-3.85234914729892 -44.1611239052166,-3.85325518713749 -44.1613484409206,-3.85418187725088 -44.1615353146305,-3.85508210993028 -44.161663319125,-3.85623864343519 -44.161669195739,-3.85727530956297 -44.1617463455045,-3.85827926753804 -44.1617167496736,-3.85960570929963 -44.161461244,-3.86190467399992 -44.16135791152,-3.8639014352411 -44.161381,-3.86453399999999 -44.1610155229232,-3.87026217638913 -44.1607936757533,-3.87220818828254 -44.1607689378682,-3.87428121972741 -44.163521,-3.8744 -44.163753,-3.874538 -44.1700495756169,-3.87772324301824 -44.1724434008347,-3.87582630597763 -44.172309,-3.875752 -44.1726983615087,-3.87314488168281 -44.1777444558798,-3.87512273624729 -44.1806411486527,-3.87614946729564 -44.1807629748875,-3.87851836480638 -44.1811014190801,-3.87862579789169 -44.18244,-3.878812 -44.1850988854685,-3.87918138504045 -44.1936877941345,-3.87984014070778 -44.1934340333312,-3.88198307706778 -44.204807,-3.88161699999999 -44.2047455891262,-3.87951132823103 -44.204515,-3.87747400000001 -44.20455,-3.87269100000002 -44.204865,-3.86823099999999 -44.205184,-3.862421 -44.203927,-3.861607 -44.215504,-3.84495199999999</coordinates></LinearRing></outerBoundaryIs></Polygon></MultiGeometry>
  </Placemark>
  <Placemark id="recortado.8">
	<name>CRUZEIRO</name>
	<Style><LineStyle><color>ff0000ff</color></LineStyle><PolyStyle><fill>0</fill></PolyStyle></Style>
	<ExtendedData><SchemaData schemaUrl="#recortado">
		<SimpleData name="cd_quilomb">446</SimpleData>
		<SimpleData name="cd_sr">SR-12</SimpleData>
		<SimpleData name="nr_process">54230.000631/2008-18
</SimpleData>
		<SimpleData name="nm_municip">PALMEIRÂNDIA</SimpleData>
		<SimpleData name="cd_uf">MA</SimpleData>
		<SimpleData name="dt_publica">21/12/2015</SimpleData>
		<SimpleData name="nr_familia">64</SimpleData>
		<SimpleData name="nr_area_ha">300.591600000000028</SimpleData>
		<SimpleData name="nr_perimet">10410.190000000000509</SimpleData>
		<SimpleData name="tp_levanta">Gps, DSG-548 SJ Batista</SimpleData>
		<SimpleData name="nr_escalao">1:20.000</SimpleData>
		<SimpleData name="area_calc_">300.7876</SimpleData>
		<SimpleData name="perimetro_">93933.9347</SimpleData>
		<SimpleData name="esfera">FEDERAL</SimpleData>
		<SimpleData name="fase">RTID</SimpleData>
		<SimpleData name="responsave">INCRA</SimpleData>
	</SchemaData></ExtendedData>
      <MultiGeometry><Polygon><outerBoundaryIs><LinearRing><coordinates>-44.9235834199315,-2.66347340497375 -44.9200348098954,-2.67295500018669 -44.9188678596433,-2.67598642779605 -44.9200067462009,-2.67981252434007 -44.9340422627478,-2.67538779033321 -44.9347861127811,-2.67499229065621 -44.935248909844,-2.67464590144691 -44.9368608616781,-2.67008588019402 -44.9235834199315,-2.66347340497375</coordinates></LinearRing></outerBoundaryIs></Polygon><Polygon><outerBoundaryIs><LinearRing><coordinates>-44.9350703021118,-2.67517198140848 -44.9341206105126,-2.67560501566934 -44.9201639000874,-2.6800466737566 -44.931442463714,-2.68662605564746 -44.9331736227401,-2.68091561726592 -44.9350703021118,-2.67517198140848</coordinates></LinearRing></outerBoundaryIs></Polygon></MultiGeometry>
  </Placemark>
  <Placemark id="recortado.9">
	<name>ALCANTARA</name>
	<Style><LineStyle><color>ff0000ff</color></LineStyle><PolyStyle><fill>0</fill></PolyStyle></Style>
	<ExtendedData><SchemaData schemaUrl="#recortado">
		<SimpleData name="cd_quilomb">65</SimpleData>
		<SimpleData name="cd_sr">SR-12</SimpleData>
		<SimpleData name="nr_process">54230.002401/2006-13</SimpleData>
		<SimpleData name="nm_municip">ALCANTARA</SimpleData>
		<SimpleData name="cd_uf">MA</SimpleData>
		<SimpleData name="dt_publica">04/11/2008</SimpleData>
		<SimpleData name="nr_familia">3500</SimpleData>
		<SimpleData name="dt_titulac">0000/00/00</SimpleData>
		<SimpleData name="nr_area_ha">78105.344600000011269</SimpleData>
		<SimpleData name="nr_perimet">163315.510000000009313</SimpleData>
		<SimpleData name="ob_descric">Estudo de Delimitação</SimpleData>
		<SimpleData name="st_titulad">F</SimpleData>
		<SimpleData name="area_calc_">78199.3986</SimpleData>
		<SimpleData name="perimetro_">1645475.2002</SimpleData>
		<SimpleData name="esfera">FEDERAL</SimpleData>
		<SimpleData name="fase">RTID</SimpleData>
		<SimpleData name="responsave">INCRA</SimpleData>
	</SchemaData></ExtendedData>
      <MultiGeometry><Polygon><outerBoundaryIs><LinearRing><coordinates>-44.6345861999999,-2.29465379999994 -44.6340319999999,-2.29426989999996 -44.6330867,-2.29388609999995 -44.632239,-2.29354179999996 -44.6314285,-2.29307169999993 -44.6311322999999,-2.29282109999997 -44.6303210999999,-2.29213449999997 -44.6289571,-2.29149489999998 -44.6275929999999,-2.29089729999993 -44.6271723999999,-2.28999079999994 -44.6270393,-2.28970399999997 -44.6267775647799,-2.28823462549361 -44.6263833710558,-2.28813375829927 -44.6262113173625,-2.28710651542757 -44.6259299445901,-2.28625593208457 -44.6254920490804,-2.28553142305404 -44.625367028243,-2.28486987275213 -44.6250542845678,-2.28395631393936 -44.6249607580122,-2.28288539461429 -44.6250521411306,-2.28208193395658 -44.6249577999999,-2.28169759999997 -44.6247873,-2.28045119999996 -44.6249311,-2.27921479999998 -44.6250104952949,-2.27857233946567 -44.6249297086249,-2.27775636385258 -44.6248047044239,-2.27703184638117 -44.6246889963873,-2.27687656936568 -44.6255839746866,-2.2760987601941 -44.6260930795256,-2.2760988929865 -44.6261564,-2.27574109999995 -44.6257692999999,-2.27482899999995 -44.6252891,-2.27409199999994 -44.6249976,-2.27314869999998 -44.6245198,-2.27166769999997 -44.6244631669398,-2.27154802598444 -44.6243022376539,-2.27143659004724 -44.6239893822271,-2.27096398278039 -44.6238401498247,-2.27033249679123 -44.6236784,-2.27005109999993 -44.6234517999999,-2.26898319999998 -44.6233612999999,-2.26816459999998 -44.6232439999999,-2.26745839999995 -44.6232252,-2.26734569999996 -44.6228775124256,-2.26682373845045 -44.6223632803367,-2.26667979685641 -44.621862722321,-2.26623862375476 -44.6213934622178,-2.26579754922184 -44.621112045397,-2.26513595787206 -44.621054739268,-2.26475538705486 -44.6208139,-2.26434149999994 -44.6203811999999,-2.26356699999997 -44.619611,-2.26325169999996 -44.6189525999999,-2.26271919999994 -44.6187504607433,-2.26242342503142 -44.6187068057313,-2.2623838571054 -44.6185504085224,-2.26203731537392 -44.6185504706691,-2.2617993519966 -44.6185015999999,-2.26161729999995 -44.6182879999999,-2.26130429999995 -44.6180423,-2.26111739999993 -44.6177259,-2.26096879999994 -44.6174384,-2.26083929999993 -44.6172921,-2.26046559999997 -44.6171611,-2.26009879999998 -44.6171036443563,-2.25987303519338 -44.6169238424785,-2.25961147265798 -44.6166737425161,-2.2588869220702 -44.6166677786183,-2.25887250598999 -44.6163620999999,-2.25838479999993 -44.6162656948004,-2.25823296089531 -44.6159542224383,-2.2580047384872 -44.6156100239793,-2.2580677046462 -44.6150780243254,-2.25819349741193 -44.6143269176022,-2.25841377271803 -44.6136520162823,-2.25851871867602 -44.6131513888152,-2.25836107647058 -44.612807150374,-2.25823495957046 -44.6124943494238,-2.25791985915551 -44.6124318463268,-2.25757343270236 -44.612338062562,-2.25716384979344 -44.6121817090308,-2.25665988988495 -44.6114367352533,-2.25594079498439 -44.6108773999999,-2.25563149999994 -44.6103391,-2.25532829999997 -44.6098115,-2.25490819999993 -44.6094060999999,-2.25446949999997 -44.6092852409921,-2.25428957616308 -44.6085839046352,-2.25379247009324 -44.6079894296887,-2.25347738334993 -44.6073636802089,-2.25341415632646 -44.6063622393742,-2.25347694213919 -44.6052045089041,-2.2534766271092 -44.6042032686941,-2.25312985406509 -44.603608837845,-2.25265716713061 -44.6035467023159,-2.25245373820389 -44.6032266,-2.25218969999997 -44.6028176999999,-2.25156879999997 -44.6027890368745,-2.25152967067113 -44.6018375233062,-2.25118636458518 -44.6012429571316,-2.25121768474918 -44.6005544992625,-2.25124897880567 -44.5996782877987,-2.25150069582753 -44.5992088933338,-2.25159510718681 -44.5987709252802,-2.25121700291086 -44.5982703630189,-2.25083888120578 -44.5980826918174,-2.25042936257916 -44.5981027218404,-2.25022833275045 -44.5978492,-2.24978849999997 -44.5976525999999,-2.24914199999995 -44.5975493,-2.24880249999995 -44.5974555239725,-2.24809624389677 -44.5971133925959,-2.24775163814864 -44.5966755903395,-2.24677507545015 -44.5966265432239,-2.2465609078396 -44.5964137,-2.24637939999997 -44.5960082999999,-2.24591059999995 -44.5960683,-2.24538939999997 -44.5951454999999,-2.24481409999993 -44.5943012583648,-2.24444439352761 -44.5940855763992,-2.24448266290863 -44.5935535553082,-2.24470298931083 -44.5929902631357,-2.24482885624387 -44.5925209144736,-2.24476566735247 -44.5918951591462,-2.24441899252582 -44.5912068649898,-2.24419832434439 -44.5905184198344,-2.24419813071998 -44.5898298606389,-2.24460740298808 -44.5892352626067,-2.24476474306855 -44.5885468544523,-2.24495353982337 -44.5877958503407,-2.24482739323471 -44.5872326994104,-2.24444916039818 -44.5868260780975,-2.24391364496053 -44.5865445729197,-2.24331501712758 -44.5866072995491,-2.24284260190891 -44.5867327084563,-2.24205518879037 -44.5870771060236,-2.24126783772317 -44.5877344727616,-2.24048048460999 -44.5878911247901,-2.2398820714014 -44.5878856932074,-2.23979973186172 -44.5876403,-2.23917309999996 -44.587648276585,-2.23910755182822 -44.5874846362702,-2.23887403275524 -44.5871092054049,-2.23840140293084 -44.5870780406535,-2.23792896100956 -44.5871825054792,-2.23740404950543 -44.5871203999999,-2.23728769999997 -44.5871557,-2.23649739999996 -44.5871481,-2.23617899999994 -44.5871327,-2.23582119999998 -44.5869779999999,-2.23547549999995 -44.5868462,-2.23508989999993 -44.5868377142684,-2.23492929559174 -44.5867334985758,-2.23473681888168 -44.5867942316736,-2.23441642712956 -44.5867689,-2.23420909999993 -44.5867304,-2.23373439999995 -44.5867694999999,-2.23346279999993 -44.5867957,-2.23341149999993 -44.5869559999999,-2.23309849999993 -44.5870725,-2.23255639999996 -44.5872426287712,-2.23229082980739 -44.5873288920076,-2.23171312555976 -44.5874644502015,-2.23145275578882 -44.5874975,-2.23128729999996 -44.5876754,-2.23100809999994 -44.5877012,-2.23098319999997 -44.58787,-2.23077049999995 -44.5879927999999,-2.23054939999997 -44.5880122999999,-2.23053689999995 -44.5882505,-2.23025199999995 -44.5884073,-2.22999889999994 -44.5885842,-2.22971959999995 -44.5885718,-2.22944509999996 -44.5884823,-2.22932369999995 -44.588354,-2.22922769999997 -44.5882444,-2.22903599999995 -44.5882652,-2.22879349999994 -44.5882142,-2.22860819999994 -44.5880787999999,-2.22852529999994 -44.5879563999999,-2.22846159999995 -44.5877583,-2.22844239999995 -44.5875794999999,-2.22841679999993 -44.5873806,-2.22833409999993 -44.5872052,-2.22824819999994 -44.5871071949485,-2.22821719420454 -44.5868604966122,-2.22824818210274 -44.5860468373338,-2.2283738863463 -44.5847951097848,-2.22851529822279 -44.5847299818233,-2.22853911631937 -44.5844635999999,-2.22865439999993 -44.5839913999999,-2.22880649999996 -44.5838122290351,-2.22883884753635 -44.5830740098147,-2.22901881625601 -44.5825107414847,-2.22908162272896 -44.5820413265958,-2.22895546452802 -44.5818224729678,-2.22848296921454 -44.5817529840796,-2.2283530024707 -44.5817294999999,-2.22833909999997 -44.5814518,-2.22804489999993 -44.5812885999999,-2.22773449999994 -44.5812570531864,-2.22739969357011 -44.5810404930037,-2.22725425765536 -44.580039180082,-2.22725397110738 -44.5797889325134,-2.22712796557565 -44.5797415512998,-2.2270325238404 -44.5796228,-2.22701499999994 -44.5793295,-2.22699859999994 -44.5792468,-2.22675349999997 -44.5792617,-2.22640979999994 -44.5792615,-2.22618069999993 -44.5790815,-2.22603339999995 -44.5788213051824,-2.22597085133145 -44.5787253306373,-2.22605668021491 -44.5786312708498,-2.22665511012167 -44.5785684359687,-2.22750559750217 -44.5780676272092,-2.2280409433921 -44.5776920765451,-2.22832427666429 -44.5768159049851,-2.22816651617212 -44.5756269110422,-2.22813468883595 -44.5747193530496,-2.22829193331924 -44.5739682866826,-2.22873266404635 -44.5733422984736,-2.22923648806503 -44.5725911504484,-2.22964573446247 -44.5716835995258,-2.23008641805811 -44.5711202307794,-2.23049580893285 -44.570369317792,-2.23040104799667 -44.5692428969619,-2.22981800246873 -44.5680226450328,-2.22934512048027 -44.5665833246811,-2.22915570433484 -44.5650813377855,-2.22921822583994 -44.5634230442026,-2.22868233394508 -44.5616708251719,-2.2282722553501 -44.5607692601037,-2.22793263437858 -44.5601123145201,-2.22758602975945 -44.5592050004916,-2.22692424455108 -44.5580787296301,-2.22616794287869 -44.5564832392498,-2.22525399152421 -44.5558291823381,-2.22487934076813 -44.5595066829351,-2.21826378467412 -44.5601638912811,-2.21801202376487 -44.5606020527641,-2.21766565654589 -44.5611341773436,-2.21706735965681 -44.5616662829689,-2.21653202924435 -44.5616975885734,-2.21650055517837 -44.5622923167399,-2.21555577813537 -44.5624791508932,-2.21509443916833 -44.5625731783958,-2.21462203533553 -44.5625735661973,-2.2132990998952 -44.5623860931885,-2.21225954969533 -44.5622298587789,-2.21172401437227 -44.5616041624205,-2.21125139696313 -44.5608532723393,-2.21081022552021 -44.5605092427821,-2.21033760105742 -44.5603529655074,-2.2096446487852 -44.5602593270149,-2.20879411732072 -44.5602908638961,-2.20797519694307 -44.5604475574948,-2.20725076389182 -44.5604477332182,-2.20665230828957 -44.5604480383028,-2.20561290443606 -44.5601040560058,-2.20498277275275 -44.5597287778516,-2.2043527222084 -44.5595098163556,-2.20397467561564 -44.5594474278196,-2.20328175132446 -44.5591661124675,-2.20239968073062 -44.5589159478911,-2.20170661013836 -44.5588434971501,-2.20157889167121 -44.558455,-2.20123679999995 -44.5576833,-2.20091589999993 -44.5573478784613,-2.20097107431337 -44.5572659461774,-2.20121821660909 -44.5573284174122,-2.20162770001216 -44.5574221289046,-2.20222627390619 -44.5574219802248,-2.20273018872749 -44.5571088616927,-2.2032655838681 -44.5565768070201,-2.20364340607182 -44.5560449259994,-2.20373769686563 -44.555606790581,-2.20370608213292 -44.5551688105523,-2.20345399332922 -44.5551376640307,-2.20294997880329 -44.5552630349518,-2.20232007780302 -44.5554822470832,-2.20184771218293 -44.5543870759583,-2.20181580960237 -44.5539490030533,-2.20187873505613 -44.5537923731455,-2.2023826025447 -44.5534794466582,-2.20257149890276 -44.5534169202588,-2.20235100612199 -44.5530102558463,-2.20203595956165 -44.5526347131975,-2.20200427246535 -44.5520714656551,-2.20203567621139 -44.5513831711866,-2.20190944424095 -44.5510077751429,-2.20168885673124 -44.5508514177439,-2.20127934498306 -44.5508515591387,-2.20080682347528 -44.5510706917179,-2.20030288489957 -44.5512361958973,-2.19997002529989 -44.5510815,-2.19945189999993 -44.5509937724208,-2.19864452242151 -44.5507896549089,-2.19850743504704 -44.5502264182475,-2.198507264549 -44.5493503501784,-2.1983809751097 -44.548568080126,-2.19825480416909 -44.5481926949091,-2.19800273288133 -44.548077025779,-2.19785707176031 -44.5476317,-2.19780169999996 -44.5474029,-2.19731139999993 -44.5473772999999,-2.19725959999994 -44.5470381,-2.19650219999994 -44.5469905817105,-2.19617606004754 -44.546847839082,-2.19601787839292 -44.546503722103,-2.19586026635559 -44.5460655706994,-2.19589170643042 -44.5457213302282,-2.1961435583307 -44.5452831544668,-2.19655288846305 -44.5446572700385,-2.19674168721239 -44.5441253494617,-2.19667855750292 -44.5438126146018,-2.19623742373175 -44.5437413896361,-2.19596829731948 -44.5435894999999,-2.19605129999997 -44.5429627999999,-2.19555829999996 -44.5424153,-2.19451399999997 -44.5418941,-2.19286969999996 -44.5411688,-2.19112609999996 -44.5410046,-2.19080439999993 -44.5407198999999,-2.19049809999996 -44.540489,-2.19034369999997 -44.5401044,-2.19012279999993 -44.5399734,-2.18994839999993 -44.5400738,-2.18963379999997 -44.5400738,-2.18930569999998 -44.539997,-2.18901019999993 -44.5397993999999,-2.18888939999994 -44.5393496999999,-2.18872439999996 -44.5391521999999,-2.18876699999993 -44.538911,-2.18896089999993 -44.538758,-2.18886179999993 -44.5387254,-2.18852469999996 -44.5387473,-2.18820949999997 -44.5388675,-2.18801389999993 -44.5389393999999,-2.18766219999998 -44.5396296,-2.18509859999995 -44.5404915,-2.18311279999995 -44.5405560999999,-2.18301649999995 -44.5407931999999,-2.18302779999993 -44.5408255,-2.18302789999996 -44.5410856999999,-2.18315799999993 -44.5411071999999,-2.18315809999996 -44.5412413318706,-2.18321486831571 -44.5413134681624,-2.18314122780221 -44.5415500484823,-2.18276037214922 -44.541506,-2.18243939999996 -44.5412262,-2.18228899999997 -44.5409668999999,-2.18223489999997 -44.5406538999999,-2.18219149999993 -44.5405466,-2.18208419999996 -44.5404723,-2.18188069999997 -44.5403972,-2.18181629999998 -44.5400521999999,-2.18180529999995 -44.5384476,-2.18112939999997 -44.537977,-2.18034679999994 -44.5377549999999,-2.18019899999996 -44.5374436,-2.18016049999994 -44.5371278,-2.18015589999993 -44.5368616,-2.18015079999998 -44.5353059999999,-2.17931159999995 -44.5352958999999,-2.17894359999997 -44.5352999999999,-2.17846529999997 -44.5352531999999,-2.17807159999995 -44.5351921,-2.17794839999993 -44.5349813999999,-2.17777519999993 -44.5347451,-2.17751529999992 -44.5345829,-2.17720619999994 -44.5346221999999,-2.17686099999997 -44.5347836,-2.17670049999992 -44.534823,-2.17651529999995 -44.5347685999999,-2.17632639999994 -44.5343020999999,-2.17614779999997 -44.5338477,-2.17593669999997 -44.533471,-2.17579189999998 -44.5332281999999,-2.17578039999995 -44.5329196,-2.17572499999994 -44.5326780999999,-2.17562649999996 -44.5324593999999,-2.17548489999996 -44.5322389,-2.17527559999996 -44.5319741,-2.17495619999994 -44.531787,-2.17470319999995 -44.5314412,-2.17463289999995 -44.5311861,-2.17452049999997 -44.5310100999999,-2.17430089999993 -44.5308906,-2.17394039999994 -44.5309010999999,-2.17360049999996 -44.5310228,-2.17340379999996 -44.5312129,-2.17309749999993 -44.5313040999999,-2.17285609999993 -44.5314362999999,-2.17274599999996 -44.5316121,-2.17261399999995 -44.531778,-2.17258089999996 -44.5319334,-2.17254779999996 -44.532067,-2.17252569999994 -44.5321787,-2.17242639999995 -44.532257,-2.17234899999994 -44.532224,-2.17223879999995 -44.5321129,-2.17215069999997 -44.5319239999999,-2.17202979999996 -44.5317916,-2.17171039999994 -44.531582,-2.17131369999993 -44.5314825999999,-2.17107149999993 -44.5314385,-2.17081809999996 -44.5314281999999,-2.17050879999994 -44.5313621999999,-2.17016679999995 -44.5312072,-2.17004649999996 -44.5310077,-2.17003719999997 -44.5307971999999,-2.17005039999998 -44.5306754,-2.17013989999992 -44.5303776,-2.17016369999993 -44.5302452999999,-2.16995609999998 -44.5302563,-2.16974719999996 -44.5303779,-2.16948119999995 -44.5304586999999,-2.16938839999995 -44.5305347,-2.16923419999995 -44.5305858,-2.16905669999994 -44.5306047999999,-2.16895119999998 -44.5305524999999,-2.16882889999994 -44.5305218999999,-2.16877209999996 -44.5305579,-2.16865909999996 -44.5305096,-2.16860209999993 -44.5304480999999,-2.16850569999997 -44.5303646,-2.16847049999996 -44.5302402,-2.16849089999994 -44.5301823,-2.16854219999993 -44.5300584,-2.16859699999998 -44.5300192,-2.16854039999993 -44.5299798,-2.16850969999996 -44.5299358,-2.16853509999993 -44.5298258,-2.16861559999995 -44.5297208,-2.16868729999993 -44.5295685999999,-2.16870659999995 -44.5294517999999,-2.16871379999998 -44.5293697,-2.16869569999994 -44.5293697,-2.16860569999994 -44.5293914,-2.16854179999996 -44.5294476999999,-2.16845239999998 -44.5294956,-2.16831519999994 -44.5295436,-2.16819049999998 -44.5295874,-2.16807829999993 -44.5295834,-2.16790909999997 -44.5295442999999,-2.16780479999994 -44.5295387816741,-2.1677238217772 -44.5292046908875,-2.16747142933591 -44.5289731,-2.16745709999998 -44.5288494,-2.16745089999995 -44.5287618,-2.16737909999995 -44.5287255,-2.16719079999996 -44.5284521,-2.16707159999993 -44.5281429,-2.16691129999992 -44.5279431,-2.16686349999998 -44.5278142,-2.16674529999995 -44.527712514567,-2.1666999784847 -44.5268397241503,-2.16642508459916 -44.5256507078534,-2.16636174427663 -44.5245868626365,-2.16632983530402 -44.523523107529,-2.1662980160877 -44.5219899256895,-2.16626604729874 -44.5210199269449,-2.16636027943954 -44.519893452631,-2.16645437061118 -44.518860903455,-2.16642255804824 -44.518422901553,-2.16629639481095 -44.5176719885018,-2.16604419851057 -44.5169523311238,-2.16620147451716 -44.516107493257,-2.16635870995319 -44.5156693117048,-2.16679951490692 -44.5150745741625,-2.16749222531822 -44.5146988622013,-2.16802759000978 -44.5144482196495,-2.16919293014918 -44.5142592925248,-2.1728151550349 -44.5143214904991,-2.17404356237 -44.5144463795825,-2.17495706762142 -44.5149779471388,-2.17609117722615 -44.515509716471,-2.17659526110991 -44.5161041972973,-2.17672147628792 -44.5170428769916,-2.17672177886681 -44.517762519554,-2.17662756082798 -44.5178876108083,-2.17691104036116 -44.5181379134322,-2.17710011051899 -44.517637298059,-2.17703698315072 -44.517293019396,-2.17713132197006 -44.5167922737186,-2.1774776568213 -44.5162602023739,-2.17791843093526 -44.5156969459932,-2.17801278910182 -44.5154154382319,-2.17782370848547 -44.5149775445335,-2.17735104758082 -44.514414540365,-2.17665796377622 -44.5140706843839,-2.17571290442704 -44.5140082825367,-2.17456094332031 -44.5139150514661,-2.17251360121639 -44.5141351336885,-2.16933233220592 -44.5141041499925,-2.16835589093625 -44.5141669611682,-2.16766300958432 -44.5143861478254,-2.16700157135127 -44.5146679541804,-2.16652923331276 -44.5155128621519,-2.16615152590211 -44.5164516450876,-2.16580533124324 -44.5172652674862,-2.16567965921566 -44.5183916211979,-2.16568001951411 -44.5198935263038,-2.16564892494647 -44.5215831726799,-2.16571251908472 -44.522866032304,-2.16561838554302 -44.5246496630405,-2.16536699266047 -44.5265896598064,-2.16517861314149 -44.5279038120648,-2.16538375684022 -44.5284510202756,-2.16546870347481 -44.5285006,-2.16543679999995 -44.5285871,-2.16530999999998 -44.5286801999999,-2.16521689999996 -44.5288604,-2.16505919999997 -44.5289777,-2.16491959999996 -44.5291032,-2.16482109999993 -44.5292375999999,-2.16475389999994 -44.5294034,-2.16467329999995 -44.5297208,-2.16449869999997 -44.5299749,-2.16429349999993 -44.5302414999999,-2.16395939999995 -44.5303094,-2.16384949999997 -44.5303448,-2.16370359999996 -44.5303769317526,-2.16365012594914 -44.5303772329522,-2.16267036764393 -44.5303736,-2.16265849999996 -44.5303772453116,-2.16263016427841 -44.530377292646,-2.16247619262332 -44.5303590999999,-2.16243969999994 -44.5303135999999,-2.16239429999996 -44.5301008,-2.16234889999993 -44.5299459999999,-2.16228109999997 -44.5298367999999,-2.16226609999995 -44.5297389,-2.16221339999993 -44.529705,-2.16215319999998 -44.5297163,-2.16210789999997 -44.5298031,-2.16199059999997 -44.5298069,-2.16189959999997 -44.5297502,-2.16185039999993 -44.5297011,-2.16184289999995 -44.5295533999999,-2.16184279999993 -44.5293328,-2.16174479999995 -44.5292264999999,-2.16167939999997 -44.5288692999999,-2.16135909999997 -44.5290578,-2.16119469999995 -44.5291963,-2.16121109999995 -44.5292656999999,-2.16121929999997 -44.5293617999999,-2.16115549999995 -44.5294206999999,-2.16109689999996 -44.5294747,-2.16105319999997 -44.5295709,-2.16091949999998 -44.5295744624495,-2.16081793999986 -44.5290882680763,-2.15952652151967 -44.5282946872042,-2.15882712858418 -44.5271537866498,-2.1584771090842 -44.5255664740337,-2.15757771094878 -44.5241774174167,-2.15737751899839 -44.5228380639298,-2.15697758581939 -44.5215482305184,-2.15667745462838 -44.5212010067848,-2.15642765025733 -44.5206555271514,-2.15577827178224 -44.5196137595249,-2.15562812493678 -44.518075844627,-2.15552775851397 -44.5161908024139,-2.15487795205357 -44.5139089587595,-2.15407810931295 -44.5135642511034,-2.15395607673243 -44.5131646,-2.15394719999995 -44.5125262,-2.15382099999994 -44.5118864,-2.15371819999996 -44.5113633,-2.15369449999997 -44.5106731,-2.15367079999993 -44.5100624999999,-2.15363919999993 -44.5097584,-2.15357989999995 -44.5094114999999,-2.15351229999993 -44.5089669,-2.15344089999996 -44.5070036,-2.15299019999998 -44.5053053,-2.15247719999996 -44.504897,-2.15236379999993 -44.5044194,-2.15223489999994 -44.5039328999999,-2.15220159999996 -44.503567,-2.15220779999993 -44.5031192,-2.15205599999996 -44.5023778,-2.15180369999996 -44.5018794,-2.15156589999998 -44.5017187,-2.15144299999997 -44.5017205999999,-2.15111209999998 -44.5016909,-2.15071139999998 -44.5015771,-2.15034879999996 -44.5012409,-2.14996809999997 -44.5011950916741,-2.14993979048682 -44.4996720702542,-2.1493790517464 -44.4881081884881,-2.14901169535626 -44.4834445301679,-2.15020837237378 -44.4788799439506,-2.15200414951496 -44.4760019893312,-2.15390046192571 -44.4733234580452,-2.15300082052119 -44.4714214244718,-2.15159597880548 -44.4712461999999,-2.15158249999996 -44.4709803,-2.15154139999993 -44.4709353309896,-2.15123695023146 -44.4708006847597,-2.15113750054604 -44.4707744999999,-2.15114109999996 -44.4706381999999,-2.15112159999995 -44.4703709,-2.15106819999994 -44.4702018,-2.15099079999993 -44.4700415,-2.15095199999996 -44.4699085999999,-2.15100959999995 -44.4697563999999,-2.15110099999993 -44.4695475999999,-2.15116379999995 -44.4693250999999,-2.15116419999993 -44.4690879999999,-2.15114049999994 -44.4688502,-2.15112119999998 -44.4686558999999,-2.15106749999995 -44.4685536,-2.15092569999996 -44.4684005999999,-2.15061399999996 -44.4683022999999,-2.15038959999993 -44.4682152999999,-2.15009959999998 -44.4681606,-2.14997899999997 -44.4691536,-2.14969859999997 -44.4691564435841,-2.14969546399619 -44.4677689076364,-2.14840553344899 -44.4667291706212,-2.14763395577333 -44.4667272,-2.14763399999993 -44.4662744999999,-2.14757189999995 -44.4655858,-2.14747279999995 -44.4650963,-2.14728129999997 -44.4647318999999,-2.14704069999993 -44.4646546100668,-2.14700652265957 -44.4620148981418,-2.14700559198832 -44.4594341772347,-2.15010013614865 -44.4556462687897,-2.1529374916469 -44.4525091214593,-2.15308029683302 -44.4508220619226,-2.15417814976918 -44.4494322635578,-2.15637439013431 -44.4483399572673,-2.158770490043 -44.4473473233725,-2.16006825280286 -44.4457833770268,-2.15963831909581 -44.4451042180189,-2.16021634110671 -44.4438628197248,-2.16132864037519 -44.4426844280983,-2.16227811914928 -44.4412991727486,-2.163308941141 -44.4402018454091,-2.16389657565766 -44.4395360850759,-2.16471053925452 -44.4388074580813,-2.16529830932727 -44.4378539589559,-2.16603074358157 -44.4366126614218,-2.16684449042616 -44.4354883286054,-2.16749543770189 -44.4352724593735,-2.16761296490789 -44.4350386012873,-2.16773953210454 -44.4348766917748,-2.16784803270014 -44.4347147822419,-2.1679565332721 -44.4345888503531,-2.16804695377427 -44.4345888134281,-2.16814646832303 -44.4345887160722,-2.16840882486002 -44.4345886287775,-2.16864404106482 -44.4344087739554,-2.16864397349721 -44.434255897361,-2.16864391604783 -44.4334460997897,-2.16985587952579 -44.4326631812295,-2.17133020882637 -44.4322760910222,-2.17240662884945 -44.4319340349193,-2.17329308340028 -44.4315919783029,-2.17417953775725 -44.4310518971385,-2.17555444255348 -44.4305659004053,-2.17658559010997 -44.430637713697,-2.17692939467875 -44.432067247819,-2.18305966831233 -44.4311079936739,-2.1839889498811 -44.4306355199923,-2.18444156083503 -44.430275388205,-2.18507524026437 -44.4300501531362,-2.18593541163794 -44.4294650583556,-2.18670497772759 -44.4286553651626,-2.18735956351419 -44.4276302360162,-2.18721442246877 -44.4259486576192,-2.18699665434904 -44.4244108000588,-2.18721318436836 -44.4230165720239,-2.18809922829712 -44.4216942298253,-2.18913004644215 -44.4209653027059,-2.19045058969979 -44.4204523139427,-2.1914817201735 -44.419939380058,-2.19236810225373 -44.4190573716582,-2.19420424880226 -44.4186974019207,-2.19486452095072 -44.4178875850627,-2.19604932829233 -44.4170687493632,-2.19729745852331 -44.4158360950229,-2.19891634171264 -44.4143787000488,-2.20031801261314 -44.4132719690345,-2.20186456797454 -44.4123992533292,-2.20289555058237 -44.411373717217,-2.20377267708688 -44.410716914467,-2.20458662218538 -44.4096911908549,-2.20593417702424 -44.4083686592432,-2.20738112597565 -44.4071272263895,-2.20841195600008 -44.4061736521756,-2.20922577875435 -44.4048603629455,-2.2100304089904 -44.403097186831,-2.2114319395619 -44.4014149478118,-2.21282445322116 -44.3999486204732,-2.21400897747752 -44.3998286795447,-2.2160847413861 -44.400076,-2.21617989999993 -44.400596,-2.21641029999995 -44.4008949999999,-2.21663659999996 -44.4014278,-2.21711239999996 -44.4018965,-2.21757159999993 -44.4019074,-2.21758279999995 -44.4021633999999,-2.21784599999995 -44.4023736,-2.21798339999998 -44.4025998,-2.21807229999996 -44.4026582,-2.21807229999996 -44.4028261999999,-2.21807229999996 -44.4029634999999,-2.21814509999996 -44.4031174,-2.21829849999995 -44.4031254999999,-2.21830659999995 -44.4033198,-2.21847629999996 -44.4033279,-2.21848439999997 -44.4035456,-2.21854089999994 -44.4037549,-2.21856499999996 -44.4038917,-2.21858919999994 -44.4040125999999,-2.21865379999997 -44.4042856,-2.21875849999998 -44.4041829999999,-2.21906649999994 -44.4037374098559,-2.2204031711363 -44.4037605452275,-2.22055474227528 -44.403649685069,-2.22094461104257 -44.4035000710758,-2.22111513458775 -44.4032855,-2.22175879999998 -44.403017441889,-2.22167698866451 -44.4027915298366,-2.22194672976405 -44.4024593064813,-2.22244787345062 -44.4020993508004,-2.22303250692828 -44.4016285898254,-2.22386768918468 -44.401379337473,-2.2244523674249 -44.4012961185476,-2.2249814760108 -44.4014063285191,-2.22598398780411 -44.4017104282388,-2.22676384855572 -44.4019038350833,-2.22751580025924 -44.4019183073491,-2.22753199979167 -44.4001910520345,-2.22766011912486 -44.3984045078753,-2.22895786148684 -44.39820530116,-2.23075554229482 -44.398105417407,-2.2324534785566 -44.3975096291142,-2.23355195621593 -44.396235340082,-2.23502233469714 -44.3954793174374,-2.23561973792592 -44.3948457297203,-2.23612039159694 -44.3930415669235,-2.24064154642263 -44.3922466744556,-2.24323807051215 -44.3914519019718,-2.24553505715681 -44.390753534606,-2.24734042114818 -44.3904386999999,-2.24839469999995 -44.3900685,-2.24917359999995 -44.3900612208604,-2.24917845548903 -44.3900607430984,-2.25032868041573 -44.3905560246312,-2.25242636519962 -44.3904558747237,-2.25472355067026 -44.3904551680698,-2.25642152475025 -44.3906531906044,-2.25752023894853 -44.3904542527959,-2.25861887630364 -44.3889654591077,-2.25961700261351 -44.3882703633516,-2.26071542918715 -44.386796669757,-2.26536453085991 -44.386398914817,-2.26746183612856 -44.3864974793791,-2.26896010009062 -44.3879851095821,-2.27075858234597 -44.3889767150636,-2.27245697765363 -44.3893330240164,-2.27418206190201 -44.3897232632352,-2.27434950119676 -44.3902904676189,-2.27457247182311 -44.3905270347786,-2.27474771537072 -44.3905525,-2.27475559999993 -44.3905764848699,-2.27478434686868 -44.390760671718,-2.27492078827807 -44.3912447164709,-2.27550577204857 -44.3915488869516,-2.27589572318045 -44.3919915348316,-2.27611864052539 -44.3923236115757,-2.27623023655596 -44.392489546762,-2.27642517270148 -44.392517086322,-2.27659227685865 -44.3924616724046,-2.27684293735046 -44.392323273409,-2.27703774454607 -44.3921571082958,-2.2771769027639 -44.3919633651653,-2.27745536837289 -44.3919632951592,-2.2776223703481 -44.3923769715379,-2.28088071344299 -44.3928466080367,-2.28280234065993 -44.3930399898985,-2.28338720123563 -44.3932058556776,-2.28374922999187 -44.3937591011559,-2.28424250976205 -44.3942846556755,-2.28471605587458 -44.394616621303,-2.28488328909078 -44.3950593538235,-2.28491134044001 -44.3958895446408,-2.28488382784924 -44.396360081534,-2.28466129690442 -44.3971073360334,-2.28424392606739 -44.3979100705398,-2.28363162159828 -44.3984359856289,-2.28324192996857 -44.3988511457009,-2.28296364694209 -44.3994877109747,-2.28271332059159 -44.4001242876399,-2.2824351300399 -44.4009821392592,-2.28228223828209 -44.4017291959953,-2.28233827866652 -44.4026145345572,-2.28270069813484 -44.4033892436,-2.28309084443051 -44.4037765428028,-2.28320237102741 -44.4040531660397,-2.2834531708239 -44.4045511511538,-2.28362038068756 -44.4051323383749,-2.28353712144043 -44.4055751173074,-2.28345380440128 -44.4061285835527,-2.28320334983011 -44.406654462759,-2.28289724622221 -44.4072632480724,-2.28284186134905 -44.4078721461783,-2.28273065797904 -44.4084255094802,-2.28273088697709 -44.4089511493564,-2.28300965291519 -44.4094491456999,-2.28337181809079 -44.4099193186106,-2.28381756340879 -44.4105002110763,-2.28445831125482 -44.410721470681,-2.28462549553578 -44.4107767007205,-2.28482038478953 -44.4109980276433,-2.28504329691187 -44.4110532236679,-2.28532177790602 -44.4109424798791,-2.28562805439653 -44.410222950087,-2.28576698658127 -44.4094204565614,-2.28579451889402 -44.4089223331222,-2.28596140580828 -44.4083687075869,-2.28637886372327 -44.4081195202778,-2.28676858368358 -44.407814887671,-2.2872697361636 -44.4076486521757,-2.28779871940622 -44.4077868681742,-2.28804946140537 -44.4079528967855,-2.28824439667599 -44.4083679547109,-2.28821679541427 -44.4088384920132,-2.28799416967904 -44.4091981846229,-2.2878829534926 -44.4095857807625,-2.28749320012123 -44.409779578717,-2.28729841384201 -44.4100839843484,-2.28713144668151 -44.4102224385672,-2.28702013871065 -44.4111909628006,-2.28696481069566 -44.4122068881721,-2.28711649066104 -44.4127739970887,-2.28737835547511 -44.4128447589198,-2.2876400159919 -44.4125847134119,-2.2879728285917 -44.4121591401933,-2.28842453739058 -44.4118990362036,-2.28890010711803 -44.4119223470203,-2.28951846054483 -44.4120876131013,-2.29004170094783 -44.4124182562635,-2.29037484732256 -44.4127727004069,-2.29056524608867 -44.4131743989901,-2.29066049265706 -44.4137178730658,-2.29066071632227 -44.4140959866215,-2.29058958357352 -44.4144268362926,-2.29063730534668 -44.4147812905403,-2.29080391079725 -44.4152066101637,-2.29075649957239 -44.4154668132852,-2.29025713619132 -44.4157742028832,-2.28982917077597 -44.4159396886531,-2.28959139994465 -44.4162469047624,-2.28959152574929 -44.416506834567,-2.28954413678112 -44.4167431823381,-2.28954423347512 -44.4169793955875,-2.28987724994111 -44.4169555505555,-2.29035291753753 -44.4171681399727,-2.29061463607354 -44.4176170644234,-2.29068610786313 -44.4178297884176,-2.29061490648607 -44.4179480680019,-2.29035332316122 -44.4181135247665,-2.29018693074777 -44.4182316987374,-2.29018697898006 -44.4186096301376,-2.29056763896736 -44.4193422466867,-2.29054414469478 -44.4195312891557,-2.29054422169611 -44.4199328929984,-2.29087730523168 -44.419838266469,-2.29113889843104 -44.4198380559018,-2.29166216177984 -44.4199560290695,-2.29216158986643 -44.4202631024111,-2.29251851833054 -44.4203810910124,-2.29275640516815 -44.4204991982903,-2.29292291326901 -44.4206053566877,-2.29350574751881 -44.4209359876815,-2.29410043389681 -44.4212902391871,-2.29455246275249 -44.4221646622324,-2.29436256512939 -44.4227318813801,-2.29436279535462 -44.4229681307691,-2.2943865936484 -44.4236060282471,-2.29486253006566 -44.4242439313852,-2.29510062733913 -44.4251235664115,-2.29649825329318 -44.4262820714393,-2.29591791997521 -44.4277415066031,-2.29486419957923 -44.4281906464101,-2.29462654104553 -44.4285215027391,-2.29443642075425 -44.4289706423275,-2.2941987619068 -44.4297506190146,-2.29381856814682 -44.4303770529464,-2.29349774961135 -44.4313460440883,-2.29318891884856 -44.4318423988235,-2.29295127773235 -44.432551393274,-2.29285647902444 -44.434276482005,-2.29273820053773 -44.4349853832207,-2.2928812399317 -44.4357415718596,-2.29307179326408 -44.4363795427631,-2.29314342494332 -44.4372539158159,-2.29331023134015 -44.4388370553619,-2.29373894940806 -44.4401838005242,-2.29428644754923 -44.4407508760406,-2.29442942859661 -44.4418025085987,-2.29460824391787 -44.4428185665985,-2.29491777050065 -44.4437401491933,-2.29510838487106 -44.4448743207828,-2.29534666774493 -44.4454650414585,-2.29551335891872 -44.445961221996,-2.29572759911651 -44.4465518881408,-2.29603704809242 -44.4474494997419,-2.29706004547464 -44.4480874272507,-2.29748838712602 -44.4487725530636,-2.29796433297898 -44.449599571451,-2.29827387274332 -44.4503793751767,-2.29834546335129 -44.4520134423702,-2.29850821313162 -44.45521165873,-2.30770098551574 -44.4527620925942,-2.31632162964088 -44.4516727134801,-2.31929759892371 -44.450502965118,-2.32077176860627 -44.4482898430102,-2.32250788428108 -44.445310967959,-2.32752767244969 -44.4427738197932,-2.32986073383605 -44.4412985184351,-2.33069244913462 -44.4396972709456,-2.33160553295631 -44.4388242394813,-2.33321550745014 -44.4385985952979,-2.33523284531757 -44.4364099653133,-2.34311169271304 -44.4357973861401,-2.34560835011568 -44.435948446102,-2.350186070955 -44.4332207575328,-2.35649959448944 -44.4328495854065,-2.36247934553102 -44.4306255574405,-2.36867545307541 -44.4282241196307,-2.3687920666852 -44.4262092293175,-2.36937926747459 -44.4203992117281,-2.36917780787394 -44.418411347472,-2.36965644694856 -44.416620910229,-2.37118458647944 -44.4156939512772,-2.37256834203284 -44.413867539099,-2.37407836752178 -44.4114376795789,-2.3775874553695 -44.4109067115054,-2.37834715169786 -44.4098272200002,-2.37884425722957 -44.4085949531271,-2.37905180114854 -44.4072725684638,-2.37967545352157 -44.4060320956679,-2.3811923210669 -44.4059274879431,-2.38183947707315 -44.4060663144567,-2.38256544490593 -44.4068995293205,-2.38548716838467 -44.4070237422609,-2.38652496995228 -44.4097004884226,-2.38604131425612 -44.4112297407358,-2.38690213463624 -44.4123087787989,-2.38875889416053 -44.4128032864886,-2.38957412532885 -44.4133876909705,-2.39070621108199 -44.4133423037553,-2.3914758862286 -44.4138821998459,-2.3915213517004 -44.4137032460739,-2.38912172358763 -44.4148729007273,-2.38939389786082 -44.4181565180223,-2.39075357518006 -44.4222110388056,-2.39402261379483 -44.4231414749212,-2.39317623354568 -44.4241381250852,-2.39228555131848 -44.4247195450961,-2.39175674346996 -44.4252455957446,-2.39114432011865 -44.4260210569478,-2.38965482966225 -44.4264364465489,-2.38890312972429 -44.4269069969158,-2.38873623385046 -44.4272668760238,-2.38845792606179 -44.4285675465292,-2.38837487849463 -44.4292316819839,-2.38834738244508 -44.4297853049323,-2.38804129075245 -44.4300067299313,-2.38784642575636 -44.4299794507726,-2.38703881158224 -44.4297305880602,-2.3865931557415 -44.4295923641338,-2.38611977251564 -44.4293988840939,-2.38550704641784 -44.4292054023185,-2.38511705113342 -44.4288734348684,-2.38467136061978 -44.4283756074631,-2.38403073403911 -44.4290394998404,-2.3845879284476 -44.4296205476859,-2.38495013082295 -44.4300906283676,-2.38570220149406 -44.4303117875883,-2.38637066704254 -44.4304222985251,-2.38687190269322 -44.4303940120259,-2.38829213929427 -44.4300340186347,-2.38884890678767 -44.4295911471863,-2.38907154330803 -44.4281798045756,-2.38904308955823 -44.4274326072103,-2.38918200604287 -44.4270173704051,-2.38934892526977 -44.4264636631482,-2.3900727034065 -44.4260757924413,-2.39104714548801 -44.4255773745001,-2.39182667410103 -44.4248298072978,-2.39263396134092 -44.424220740053,-2.3932463493023 -44.4236118234823,-2.39349668667607 -44.4230580808642,-2.39408123333413 -44.4225874784481,-2.394582313533 -44.4223381862107,-2.39516698860179 -44.4220334781777,-2.39577950399671 -44.4217286845298,-2.39680970670784 -44.4217005362117,-2.39765900169401 -44.4219214110533,-2.39899574974146 -44.4221143887865,-2.40058317085189 -44.4224460756741,-2.40169714511812 -44.4229159566593,-2.40292263382964 -44.4234413826863,-2.40381395989601 -44.4239392321831,-2.40462168241152 -44.4247135104137,-2.40598652940318 -44.4251283713431,-2.40651584864653 -44.4251833708166,-2.40726774596617 -44.4251107315358,-2.40806809629965 -44.4256394,-2.40805469999998 -44.4257464999999,-2.40821039999997 -44.4258965,-2.40822949999995 -44.426097,-2.40818239999993 -44.4263184,-2.40815739999994 -44.4264932,-2.40808999999996 -44.4267133,-2.40807859999995 -44.4268304999999,-2.40822539999994 -44.4268162,-2.40840079999992 -44.4267548,-2.40855429999993 -44.4266039999999,-2.40870459999996 -44.4266221,-2.40883529999996 -44.426678,-2.40905679999997 -44.4267437999999,-2.40926049999996 -44.4269176,-2.40928509999998 -44.4295845999999,-2.40911639999996 -44.4310179,-2.40894339999994 -44.4314944,-2.40868469999998 -44.432173,-2.40811349999996 -44.4323678,-2.40791779999995 -44.4325843,-2.40781829999997 -44.4327448999999,-2.40791959999996 -44.4329152,-2.40806119999996 -44.4332762999999,-2.40820839999998 -44.4336367999999,-2.40838309999998 -44.4342948999999,-2.40847419999994 -44.4349357999999,-2.40847219999995 -44.4351576999999,-2.40868359999996 -44.4353833,-2.40888339999998 -44.4357158999999,-2.40885349999996 -44.4360809999999,-2.40856919999993 -44.4363633999999,-2.40847089999994 -44.4366656,-2.40849489999994 -44.4369000999999,-2.40848909999994 -44.4375613999999,-2.40818329999996 -44.4378422999999,-2.40834159999997 -44.4380199999999,-2.40871789999994 -44.4382522999999,-2.40880949999996 -44.4384545,-2.40898329999993 -44.4389178,-2.40990859999994 -44.4391011,-2.41017649999998 -44.4394649,-2.41045189999994 -44.4395939,-2.41069029999994 -44.4396065999999,-2.41110429999998 -44.4395774,-2.41153069999996 -44.4395413999999,-2.41176399999995 -44.4398017999999,-2.41225669999994 -44.4400381,-2.41262389999997 -44.4402198999999,-2.41296139999997 -44.4402856,-2.41337689999995 -44.4401463999999,-2.41378609999992 -44.4398712999999,-2.41416299999997 -44.4396761,-2.41458419999998 -44.4397607,-2.41491869999993 -44.4399091,-2.41548169999993 -44.4399457,-2.41558039999995 -44.4400376,-2.41562229999994 -44.4401578,-2.41565469999995 -44.4403010999999,-2.41566869999997 -44.4403981999999,-2.41568719999998 -44.4405184999999,-2.41568729999995 -44.4405970999999,-2.41571509999994 -44.4406526,-2.41573359999995 -44.4407035,-2.41567359999993 -44.4407131,-2.41559489999997 -44.4407605,-2.41549279999992 -44.4408536999999,-2.41542329999993 -44.4409376,-2.41535849999997 -44.4410032,-2.41527509999997 -44.4411148,-2.41517809999993 -44.4411979,-2.41513659999993 -44.4413269,-2.41510919999996 -44.4414235,-2.41510479999994 -44.4415430999999,-2.41510969999996 -44.4416399,-2.41508679999993 -44.441696,-2.41498039999993 -44.4416972,-2.41482789999998 -44.4416702,-2.41474929999993 -44.4416755,-2.41466159999993 -44.441722,-2.41459249999997 -44.4418008,-2.41455099999996 -44.4418982999999,-2.41450039999995 -44.4419776,-2.41440829999993 -44.442061,-2.41432559999993 -44.4420852,-2.41421069999996 -44.4420823999999,-2.41409159999995 -44.4420833999999,-2.41402299999993 -44.4421578,-2.41394079999998 -44.4422681,-2.41389969999994 -44.4423692999999,-2.41385859999997 -44.4424286999999,-2.41386319999998 -44.4425201,-2.41386309999996 -44.4426482,-2.41385839999998 -44.4427671,-2.41383519999994 -44.4429317999999,-2.41379309999996 -44.443024,-2.41375219999998 -44.4430978,-2.41371129999993 -44.4431853,-2.41365219999994 -44.4432863,-2.41365689999998 -44.4433458999999,-2.41369809999998 -44.4433596,-2.41376659999997 -44.4433779,-2.41383969999993 -44.4434285,-2.41390389999998 -44.4435204,-2.41390419999993 -44.4436444,-2.41388159999997 -44.4437224,-2.41390929999994 -44.4437637999999,-2.41396429999998 -44.4437685999999,-2.41406049999995 -44.4437963999999,-2.41413389999997 -44.4438883999999,-2.41416609999993 -44.4439897,-2.41416619999995 -44.4440678999999,-2.41417999999993 -44.444137,-2.41417549999994 -44.4442516999999,-2.41412509999998 -44.4443706,-2.41403349999996 -44.4444351,-2.41403809999997 -44.4445138,-2.41405639999994 -44.4445600999999,-2.41407469999996 -44.4446388,-2.41409299999998 -44.4447365,-2.41415729999994 -44.4448705999999,-2.41411139999997 -44.4451018,-2.41406539999997 -44.4452266,-2.41405159999994 -44.4453523,-2.41403129999998 -44.4456137,-2.41368899999998 -44.4459459,-2.41337499999997 -44.4462052,-2.41303299999993 -44.44654,-2.41227519999995 -44.4466897,-2.41181379999995 -44.4468441,-2.41171489999994 -44.4469652,-2.41165049999995 -44.4472127,-2.41158539999998 -44.4473882,-2.41157969999995 -44.4476064999999,-2.41151629999996 -44.4478237,-2.41151689999998 -44.4479112999999,-2.41156359999997 -44.4479396999999,-2.41165679999995 -44.448052,-2.41173319999996 -44.4481883999999,-2.41177479999993 -44.4483066,-2.41182789999993 -44.4484064,-2.41194459999997 -44.4484749,-2.41199669999997 -44.4486434999999,-2.41202589999995 -44.4487655999999,-2.41204919999996 -44.4488830999999,-2.41203199999995 -44.4489962,-2.41196299999996 -44.4491947,-2.41196329999997 -44.4492877,-2.41198069999996 -44.4493386999999,-2.41204429999993 -44.4493833,-2.41213679999993 -44.4494579,-2.41224739999996 -44.4495511,-2.41230579999996 -44.4497208,-2.41231759999994 -44.4498321999999,-2.41227109999994 -44.4500020999999,-2.41219569999993 -44.4501840999999,-2.41210909999995 -44.4503708,-2.41211509999994 -44.4504990999999,-2.41211529999993 -44.4506681,-2.41213299999993 -44.4508312,-2.41215609999995 -44.4509361,-2.41215039999997 -44.4511050999999,-2.41209849999996 -44.4512564,-2.41205249999996 -44.4513841,-2.41199499999993 -44.4515355999999,-2.41202959999993 -44.4516992,-2.41208149999994 -44.4518619,-2.41204699999997 -44.4520295,-2.41196659999997 -44.4522559,-2.41193789999994 -44.4524656999999,-2.41195529999993 -44.4527002999999,-2.41202439999995 -44.452907,-2.41211679999998 -44.4530679,-2.41227939999993 -44.4532434,-2.41235279999995 -44.4534595,-2.41235289999997 -44.4540138999999,-2.41222339999996 -44.4542600999999,-2.41225209999993 -44.454352,-2.41252429999997 -44.4544299,-2.41279709999998 -44.4545103999999,-2.41298399999994 -44.4548391,-2.41301309999994 -44.4550831,-2.41299889999993 -44.4553026,-2.41274059999995 -44.4555654,-2.41256849999996 -44.4558416,-2.41241099999996 -44.4561545,-2.41222529999993 -44.4565701,-2.41215409999995 -44.4567721,-2.41195379999994 -44.4570558,-2.41153889999993 -44.4572271,-2.41135279999997 -44.457398,-2.41126689999993 -44.4575829999999,-2.41126689999993 -44.4577398,-2.41136719999997 -44.4579677999999,-2.41152489999996 -44.4581812,-2.41166829999997 -44.4585382999999,-2.41185499999995 -44.4585944999999,-2.41204149999993 -44.4587956999999,-2.41199859999995 -44.4593001,-2.41159749999997 -44.4597312,-2.41113909999996 -44.4603612999999,-2.41073759999995 -44.4603833963733,-2.41071358595474 -44.46049440975,-2.40976758456538 -44.4603842709246,-2.4082916478109 -44.4602598864716,-2.40781827038514 -44.4599698372961,-2.40663465422965 -44.4596656117455,-2.40604965834149 -44.4592507570611,-2.40546470883871 -44.4586974482721,-2.40496329638809 -44.4581165715247,-2.40435041641282 -44.4576186681667,-2.40384893534549 -44.4571760357067,-2.40345893263054 -44.4577017399481,-2.40370973850781 -44.4584487927151,-2.40396063249916 -44.4590298471633,-2.40435078053204 -44.4597215312732,-2.4047408819468 -44.4603576799188,-2.40546514936441 -44.4610215339987,-2.40641225003875 -44.4612979814064,-2.40719210257292 -44.461408272034,-2.4080553909878 -44.4613527166589,-2.40866801746523 -44.4612417673493,-2.40925275779434 -44.4613523228445,-2.40967049197779 -44.4616842386938,-2.41006054049736 -44.4621824650746,-2.40997714603401 -44.4624869736947,-2.4096153047935 -44.4624040984091,-2.40925321936637 -44.4625149053406,-2.40903053133335 -44.4629853062836,-2.40903071779476 -44.4632067237358,-2.4090864432738 -44.4633449795039,-2.40928145638724 -44.4635387490997,-2.40919794074567 -44.4637325404364,-2.40905878730653 -44.4638156121153,-2.40891959003618 -44.4640647182224,-2.40878045841305 -44.464286124799,-2.40886413830348 -44.464562770164,-2.40914270792038 -44.464645591714,-2.40964393300787 -44.4647561888282,-2.40972756907392 -44.465226712736,-2.40964416247836 -44.4656142301541,-2.40953294931351 -44.4658079423147,-2.40936593138057 -44.465863444756,-2.40911535702242 -44.4661124965695,-2.40911545515208 -44.4664168415769,-2.40917130327123 -44.4664720730075,-2.40961687973661 -44.4664995012628,-2.41009021892123 -44.4664163863293,-2.41034087291077 -44.4664440020431,-2.41056361591055 -44.4668037739499,-2.41056375758148 -44.4669145803998,-2.41034106905616 -44.4672189474056,-2.4103411887992 -44.4673573480153,-2.41039688103062 -44.4674398241423,-2.41178930607373 -44.4674534669028,-2.41232542465843 -44.4677576882623,-2.41270143877227 -44.4680343891932,-2.41284077779255 -44.4683526979986,-2.41284090288504 -44.4686156558753,-2.41270177593074 -44.4687956285828,-2.41247911438568 -44.4689893193414,-2.41236782428897 -44.4690587482938,-2.41192229663501 -44.4691418791029,-2.41162993666094 -44.4692526008291,-2.41139322530884 -44.4695294257583,-2.4112123073082 -44.4698753737042,-2.41114287288477 -44.4703596848329,-2.411226564374 -44.4708577680776,-2.41128248740098 -44.4712866905387,-2.41132445117389 -44.4717571399427,-2.41143600093952 -44.4720338519726,-2.41154747502552 -44.4729884964913,-2.41181237554362 -44.4745658876194,-2.41189658117934 -44.4757558786689,-2.4117855858331 -44.476316446852,-2.4119713514944 -44.4770899,-2.41169409999998 -44.4778894999999,-2.41120109999997 -44.4786220999999,-2.41149129999997 -44.4800102999999,-2.41189479999997 -44.4813346,-2.41243889999993 -44.4830663,-2.41328859999993 -44.4845783,-2.41426599999994 -44.4846957999999,-2.41434189999995 -44.4859859333189,-2.41517570486716 -44.4883777662292,-2.41596832998529 -44.4883478301035,-2.41660310034494 -44.4884302,-2.41665229999995 -44.4894839999999,-2.41744039999998 -44.4925021999999,-2.41964929999995 -44.4940976999999,-2.42109799999997 -44.4958814999999,-2.42274139999995 -44.4984473,-2.42588059999997 -44.4995413999999,-2.42782299999993 -44.5000233,-2.42867629999995 -44.5000284,-2.42909049999997 -44.4999118389721,-2.4297060830386 -44.5002467019696,-2.43006413335752 -44.5015254340638,-2.43058896340634 -44.5023625671215,-2.43128018129971 -44.5032668270687,-2.43165134627338 -44.5039367035022,-2.43198858895083 -44.5044390251262,-2.43229220571389 -44.5053097901949,-2.43276441049176 -44.5060131273508,-2.433101755147 -44.506549060758,-2.43323675038348 -44.50721902466,-2.43333814037014 -44.5079224605262,-2.43340579756044 -44.5083577991548,-2.4336418990518 -44.5089272217291,-2.43394544857595 -44.5096641299178,-2.43397946288885 -44.5102336090515,-2.43387852708 -44.5105685209645,-2.4342493894404 -44.5110373249924,-2.43472144442361 -44.5113720745148,-2.43529459431449 -44.5119412994966,-2.4359015743428 -44.5126443860194,-2.43694674224127 -44.5130126378589,-2.43765470232805 -44.5135818403276,-2.43832899060872 -44.5138495096212,-2.439104403645 -44.5143180745437,-2.44025053944487 -44.5144852320665,-2.44139665630694 -44.5145852538398,-2.44264389270052 -44.5144509199338,-2.44352021318785 -44.5143492809494,-2.44452202543841 -44.5143490507537,-2.44516245250831 -44.5145163847165,-2.44556699842941 -44.5152867651032,-2.44583696523013 -44.5159901964961,-2.44593836435101 -44.5165262571945,-2.44573627076851 -44.5171294118454,-2.44529834949342 -44.5179001359939,-2.44435476867448 -44.5184700218411,-2.4433775509611 -44.5193077654427,-2.44240033869533 -44.5203800863521,-2.44142320979293 -44.520916299929,-2.4407829741696 -44.5217749934259,-2.44007174511738 -44.5231821021678,-2.43956670806079 -44.5241871482273,-2.43933112328436 -44.5258956002311,-2.43926433026514 -44.5277379581537,-2.43926498151727 -44.5322602621641,-2.43923282447323 -44.5325616906165,-2.43943512761663 -44.5316906755941,-2.43963711145277 -44.5272352036312,-2.44017482939154 -44.524823343648,-2.44007283104325 -44.5231818885034,-2.44017339118695 -44.5221097607781,-2.44061123910253 -44.5209705696986,-2.4414534570208 -44.5199315835142,-2.44303728133504 -44.5190937258738,-2.44408189310082 -44.5182558187813,-2.44526139279563 -44.5175185782413,-2.44613749625798 -44.5168150138161,-2.44640683826347 -44.5158433011038,-2.44697951429976 -44.5150393389149,-2.44704662146258 -44.5143025563309,-2.44664186842863 -44.5136328154361,-2.44590014404552 -44.5135326007394,-2.44519219090218 -44.5135662547831,-2.44465291995586 -44.5139688168474,-2.44300147197999 -44.5141367249043,-2.44205776468676 -44.5140029842917,-2.44128240026271 -44.5139026965713,-2.4407768253382 -44.5132332248306,-2.43929343997431 -44.5120614769488,-2.43737173237267 -44.5113918139864,-2.43642772025964 -44.5106886558047,-2.43558474913778 -44.5102198395008,-2.4351464387668 -44.5096840555765,-2.43484290193511 -44.5091816171945,-2.43460677619846 -44.508746265909,-2.43440432917377 -44.5083441622828,-2.43453897993956 -44.5081765988599,-2.43477495087527 -44.5082099895725,-2.43521310216801 -44.5082767909929,-2.43578615428155 -44.5086114782963,-2.43652784750753 -44.5093479119688,-2.43787636989458 -44.5096491283129,-2.43865170509208 -44.5099503449262,-2.43942704028294 -44.5104189428839,-2.44047212344791 -44.5107871939947,-2.44118017453665 -44.5111219200906,-2.44182072379871 -44.5111885276086,-2.4429330589887 -44.5111868444865,-2.4475845892139 -44.5109855096937,-2.44842713941998 -44.5103820258616,-2.45001111244688 -44.5099794761597,-2.45135930737949 -44.5097781927515,-2.45230300091289 -44.5096105531295,-2.45274107820721 -44.5097778369315,-2.45328051312194 -44.5105461550431,-2.45428192060857 -44.5113165755389,-2.45445074669963 -44.5119866193945,-2.45411399732767 -44.5127238728688,-2.45347384062161 -44.5136286377099,-2.45249665867901 -44.5151367533276,-2.45054218247256 -44.5167454724795,-2.44845294184926 -44.5176168190707,-2.44734094550431 -44.518689145559,-2.44636381905511 -44.5195602493137,-2.44592599318148 -44.520330834995,-2.44562292883521 -44.5211347250005,-2.4457580157366 -44.5217711117857,-2.44596044136447 -44.5223404174091,-2.44636513072578 -44.5230101879117,-2.4470395430257 -44.5234119431616,-2.44764636973369 -44.5235454749933,-2.44902841741909 -44.5234780004312,-2.45034299406549 -44.523410549361,-2.45159008101344 -44.5231086668986,-2.45266863123602 -44.5229407923364,-2.45378088367951 -44.522840047137,-2.4545560737723 -44.5229739362591,-2.45492686249009 -44.5234091533093,-2.45553379205768 -44.524179470261,-2.45600595269195 -44.5248828131551,-2.45637694502204 -44.5256196761503,-2.45657949625341 -44.5261890889558,-2.45695044021248 -44.5266244861933,-2.4570517394159 -44.5276294273353,-2.45715324106314 -44.5279643659717,-2.45722075930115 -44.5287682242696,-2.45772667452879 -44.5294295651285,-2.45835259096232 -44.5294630209518,-2.45862219975507 -44.5300657354845,-2.45919544240424 -44.5303670259273,-2.45980232312667 -44.5305008232094,-2.46044279897147 -44.5306681162934,-2.46098214256976 -44.5307349973382,-2.46135290730578 -44.5309693366061,-2.46179122098324 -44.5312705336501,-2.46266769862847 -44.5316721551439,-2.46367901025914 -44.5319734823175,-2.46418474680724 -44.5311363353734,-2.46317328123499 -44.5306006104153,-2.46239777419597 -44.530031484653,-2.46145380235785 -44.5298642862698,-2.46064477133921 -44.5296969581173,-2.46020657178263 -44.5296636203581,-2.4595997859111 -44.5290274147218,-2.45885798789232 -44.5285585373014,-2.45855447976731 -44.52808973115,-2.45804868340656 -44.5275874176769,-2.45767776393606 -44.5272188457654,-2.45784617610114 -44.5270177431699,-2.45804830215476 -44.5270510916957,-2.45862134303179 -44.5269504665859,-2.45905953776457 -44.5267159746849,-2.45905945420622 -44.5266490116495,-2.45892463192267 -44.5266491897937,-2.45841900222633 -44.5265488072136,-2.45791333669145 -44.5262809621805,-2.45760989955173 -44.5254101132777,-2.45730624715085 -44.5250417199643,-2.45696902909026 -44.5242378822759,-2.45666539999782 -44.5234005068335,-2.45632801364145 -44.5227977369804,-2.45592331189308 -44.5223958664266,-2.45538388377255 -44.5220277080866,-2.45464217973658 -44.5218938911113,-2.45406910303933 -44.5221287289445,-2.4530916732885 -44.5222630721272,-2.45218169700448 -44.522865503757,-2.45074282747367 -44.5229998578832,-2.44979901564993 -44.5229666417134,-2.44885523429117 -44.5225986033369,-2.44777653477851 -44.5217614127399,-2.44693351909032 -44.5210915712801,-2.44646139423565 -44.5204886984448,-2.44636003380387 -44.5198856758462,-2.44642730665069 -44.5193829910774,-2.44686526543022 -44.5178416306327,-2.44824670825568 -44.5161323948216,-2.45047071232576 -44.5153279577023,-2.45185241823138 -44.5146015023434,-2.45323415173436 -44.5134956704586,-2.45431231425103 -44.5126914842618,-2.45498619160829 -44.5119879877474,-2.45505333273993 -44.5111838820108,-2.45525523462737 -44.5103464795394,-2.45525492657168 -44.5094420016277,-2.45518719420832 -44.5089060102333,-2.45518699639702 -44.5084035319784,-2.45528795453669 -44.5079009920316,-2.45555745524357 -44.506526890073,-2.45724219266405 -44.5055214947388,-2.45838787329234 -44.5046836622257,-2.45955053291672 -44.5039127299527,-2.46076369809208 -44.5032758420321,-2.46190942328402 -44.5027060383213,-2.46285306667153 -44.5024713090077,-2.46349340444221 -44.5021359208035,-2.46463924171367 -44.5020015238411,-2.46565044692469 -44.5018335407946,-2.46699863418176 -44.5016655571402,-2.46834682132092 -44.5012630277384,-2.46959386670945 -44.5007935513247,-2.47090819497957 -44.5006259180258,-2.47131261571855 -44.500525707663,-2.47302062057865 -44.5005585882585,-2.47457107983145 -44.5007257430693,-2.47544751013209 -44.5010267689555,-2.47672847517477 -44.5015290683297,-2.47736909079196 -44.5019308693064,-2.47784112574123 -44.5023661689409,-2.47821212009184 -44.5030361538222,-2.47831351662101 -44.5038400464171,-2.47848227175623 -44.5049455077478,-2.47848268760813 -44.505749503311,-2.47861787789887 -44.5068213146692,-2.47888787553377 -44.50782619272,-2.47919168257543 -44.5086326677471,-2.4794357057411 -44.5090178722307,-2.47955382029312 -44.5094531623753,-2.47995846707139 -44.5103071154178,-2.48073409988397 -44.5106921656588,-2.48127352575867 -44.5109934990408,-2.48174552143736 -44.5111943136613,-2.48209950881918 -44.5113282439134,-2.48235232756158 -44.5118087294014,-2.48264897126233 -44.5125120801511,-2.48301997210958 -44.5130479534308,-2.48337408349845 -44.5134162776026,-2.48366073367128 -44.5136172323802,-2.48387992280367 -44.5137678258975,-2.48431811759949 -44.5138848747866,-2.48473956330876 -44.5141024801597,-2.48517778288774 -44.5141861298976,-2.48543067336979 -44.5144205459677,-2.48564978435666 -44.5148057345238,-2.48581846956991 -44.5152244494657,-2.48605456613001 -44.5155090940635,-2.48617264214471 -44.5158608588923,-2.48624017092973 -44.5162795026377,-2.48642578573229 -44.5164971826444,-2.48666180790378 -44.5165807961266,-2.48701575170735 -44.5166978521847,-2.48742027975215 -44.5169460202838,-2.48791668165295 -44.5170630703638,-2.48833803684841 -44.517297364804,-2.4888943238228 -44.5175149043901,-2.48951800371243 -44.5176487690457,-2.48995619224909 -44.5180505918669,-2.4903945697748 -44.5186701633011,-2.49088350866339 -44.5188542199749,-2.49132180606896 -44.5189544668729,-2.49194535237581 -44.519138668722,-2.49223193400941 -44.5203442268066,-2.49331103308276 -44.5203943559048,-2.49373236373428 -44.5203268996894,-2.49470985228127 -44.5205608116075,-2.49632787850039 -44.5208618949298,-2.49750769944649 -44.5211292197595,-2.49926062666225 -44.5210285016633,-2.49993467131878 -44.5214940194941,-2.50109899200786 -44.5210066781341,-2.50256820432991 -44.520449804041,-2.50403748112816 -44.5200667064254,-2.50576918031261 -44.5203442343886,-2.5076585379731 -44.5205872958301,-2.50860330046932 -44.5206564707305,-2.50958291980269 -44.5206213285742,-2.51049256847894 -44.5204122360329,-2.51185702900407 -44.5204812701097,-2.51322150158897 -44.5206195997015,-2.51523330242894 -44.5207234955847,-2.51645783299557 -44.5205490453654,-2.51803219314644 -44.5207571009258,-2.51951179312054 -44.5207567208342,-2.52055136735177 -44.5209650876541,-2.52142609459059 -44.5212777592983,-2.52216090552226 -44.5215905462618,-2.52258088582079 -44.5220074214348,-2.52370058855974 -44.5228415307916,-2.5249604906621 -44.5235048432564,-2.52569192527236 -44.5235465,-2.52566339999993 -44.5244848999999,-2.52540549999998 -44.5249530999999,-2.52540549999998 -44.5258889999999,-2.52552239999994 -44.5269627,-2.52561679999997 -44.5278734999999,-2.52573459999996 -44.5286232999999,-2.52573449999994 -44.5293574,-2.52557999999993 -44.5303699,-2.52557999999993 -44.5311798,-2.52553949999998 -44.5322328,-2.52594389999996 -44.5324670624749,-2.52606404061524 -44.5326123028626,-2.5260574636427 -44.5330469804881,-2.52597013747086 -44.5339337613073,-2.52586551374017 -44.534629190036,-2.52583075285224 -44.5351160395366,-2.5257434447233 -44.5370112001777,-2.5255780241043 -44.5385412192227,-2.52549108774412 -44.5407667326826,-2.52543940816435 -44.542453231416,-2.52545746652395 -44.5440527655378,-2.52542302008699 -44.5453220335212,-2.52528351166372 -44.5477389061288,-2.52514449426806 -44.5492342349966,-2.52497004944179 -44.5502079333148,-2.52479551198243 -44.5517379233996,-2.52479604315732 -44.5524334126658,-2.52458630553141 -44.5535810472114,-2.52423685855234 -44.5545547807182,-2.52395728312095 -44.555215547915,-2.52374762235128 -44.5558416579575,-2.52308307109777 -44.5566765263562,-2.52220870278212 -44.5567968777301,-2.52195470695182 -44.5571879164877,-2.5211008130496 -44.5574072979344,-2.52059950861861 -44.5578073554793,-2.52020610488743 -44.5585029007112,-2.51982139624867 -44.5596680259424,-2.51906963282925 -44.5615983392698,-2.51786324844571 -44.5625895735596,-2.51714634405993 -44.5634939572114,-2.51656936523371 -44.5647459063877,-2.51600996278031 -44.5658934853756,-2.51580045869842 -44.5666585101725,-2.5158357258964 -44.5677363514815,-2.51597595063572 -44.5684665194181,-2.51615116100428 -44.5690576226987,-2.51632632482249 -44.5735083762543,-2.51563461987652 -44.5760889170748,-2.51503628719165 -44.5772798965974,-2.51468719264389 -44.5787688008105,-2.51403864969481 -44.5801585410197,-2.5129407116281 -44.5816473681794,-2.51224222568842 -44.5828879500406,-2.51204286804949 -44.5844623256244,-2.5110381670742 -44.5845643321034,-2.51046290491081 -44.5846792222311,-2.50896657809576 -44.5846793124677,-2.50896567343078 -44.5856719986441,-2.50843991031892 -44.586664069251,-2.50844022569305 -44.5881902937131,-2.5083639008586 -44.5887246812226,-2.50782659093298 -44.5895644874885,-2.50659828096732 -44.5901754146926,-2.50521637158115 -44.5910912526593,-2.50506313254221 -44.592693770961,-2.50521716095176 -44.5934569432568,-2.50483344671613 -44.5950599334587,-2.5034518430232 -44.5959761697134,-2.50199330621279 -44.5964343476635,-2.50091839863813 -44.5958925547242,-2.49980708445435 -44.5964124287077,-2.49876186981984 -44.5963089188364,-2.49750729694266 -44.597244431312,-2.49593947695859 -44.5986995207739,-2.49458079995935 -44.5998426187611,-2.49395392437132 -44.6010896082951,-2.49332707925252 -44.602648274276,-2.49270023685621 -44.6035833966691,-2.4927005201676 -44.6053496593018,-2.49270105346609 -44.6064925670717,-2.4927013972822 -44.6076355678374,-2.49238817229602 -44.608155305882,-2.49176101119489 -44.6083632761276,-2.49113384716223 -44.6085713078349,-2.49029760766887 -44.6092987983881,-2.48977509082881 -44.6108346342826,-2.49641728937081 -44.6095285786926,-2.5012003934427 -44.6080878925856,-2.50373573554265 -44.6079064727686,-2.50853545738255 -44.6091653991692,-2.51197721096981 -44.6108747088147,-2.51424172709239 -44.6121427073137,-2.51624429074124 -44.6355445822412,-2.49853823780919 -44.6359590117782,-2.49844571208786 -44.6361835153429,-2.49816975078945 -44.6363582915297,-2.49783714141709 -44.6367077704947,-2.49678308267145 -44.637356618702,-2.49567898638256 -44.6380552511709,-2.49507683076271 -44.6390032537494,-2.4943743217836 -44.6399512361526,-2.49407340825124 -44.6410488689295,-2.49387295670306 -44.6419967471857,-2.49362225239581 -44.6428448921714,-2.49362248399285 -44.644441220218,-2.49372324967149 -44.6452394159514,-2.49382388791213 -44.6458380782893,-2.4936735078091 -44.6464866899965,-2.49342262866416 -44.6472350701664,-2.49312165562141 -44.6477341734714,-2.49256965111535 -44.64808218569,-2.49225698960195 -44.6482820392154,-2.49130330771881 -44.6480826786409,-2.49039972955956 -44.6477336906802,-2.48964665342422 -44.6472849347196,-2.48894376131548 -44.6468859582787,-2.48844172605927 -44.6463872673242,-2.48778903120409 -44.6462377771962,-2.48708621947586 -44.6461880152345,-2.48648385638723 -44.6461882691675,-2.48553021150977 -44.6460389128872,-2.48432538143372 -44.6462386990619,-2.48362275420628 -44.6467875942758,-2.48286991935709 -44.6474863219835,-2.48186616032961 -44.6481350733246,-2.48106323100544 -44.6488848080023,-2.48037233015672 -44.6498826241466,-2.48002121000184 -44.6506808916585,-2.47982066883936 -44.6517783695807,-2.47982095952339 -44.6526264297959,-2.47977097259382 -44.6534247492211,-2.47936958598313 -44.6541905854102,-2.47866366776126 -44.6540871325934,-2.47801116987193 -44.6537880848924,-2.47718283712059 -44.6537135530221,-2.47600317725877 -44.6538208947796,-2.47518689325562 -44.6534256243066,-2.47427141249989 -44.6530784340461,-2.47352222845717 -44.652582184058,-2.47317252131798 -44.6516890659048,-2.47252307231432 -44.6511928036516,-2.47222330426147 -44.6504484614584,-2.47192356090014 -44.6496544300908,-2.47142395549965 -44.6496052345227,-2.47002563630413 -44.6499034367103,-2.46822789301574 -44.6502512621116,-2.46687970868378 -44.6508469834044,-2.46623065225794 -44.6506981582254,-2.46573121785574 -44.6508240325722,-2.46524850239822 -44.6514030333298,-2.46524865490725 -44.651940077143,-2.46505962305793 -44.6526114004256,-2.46492472734047 -44.6538197872287,-2.46487103298117 -44.6543837393124,-2.46462799640777 -44.6549207895549,-2.46441200314181 -44.6551625932895,-2.4639797091009 -44.6553775507651,-2.46335832532709 -44.655162989302,-2.46243963529449 -44.6545724700986,-2.46176403125157 -44.6541160990921,-2.46130459524912 -44.6539819520636,-2.46073722180816 -44.6534988257404,-2.46008860556272 -44.6532304347786,-2.45933202392327 -44.652639931803,-2.45860231816684 -44.6519957032698,-2.45762950484122 -44.6511903852663,-2.45662959848206 -44.6501704006803,-2.45548117382617 -44.6490967239867,-2.45396777792905 -44.647915623434,-2.45256255534857 -44.646466144321,-2.45072490417158 -44.6454958237685,-2.44853237471679 -44.6453613417086,-2.44685999900582 -44.6457580357307,-2.44642105290647 -44.6460358126267,-2.44566271560789 -44.6465517884688,-2.44414603020443 -44.6469486167504,-2.44318814693196 -44.6474644550358,-2.44219039750109 -44.6480992303681,-2.44143215351255 -44.6492100014637,-2.43999541736328 -44.6502811624601,-2.43867854254777 -44.6511934416189,-2.43784048384612 -44.6533751368801,-2.43596506014159 -44.6550016021133,-2.43472802809766 -44.6557154912513,-2.43444883949543 -44.6564295307355,-2.43393008532964 -44.6570245003158,-2.4333315055209 -44.657857488568,-2.43265319130297 -44.6589682517425,-2.43153580438123 -44.6599203073068,-2.43057805612797 -44.6607931182781,-2.42926102951134 -44.661546819057,-2.42838302441014 -44.6631734141846,-2.42582882281249 -44.6635701946581,-2.42499071459826 -44.6636894399108,-2.42399285681438 -44.6636897255095,-2.42283528918849 -44.6637585926121,-2.42186926431266 -44.6635172473185,-2.42049125069126 -44.6632222345908,-2.41935640789098 -44.6625511854012,-2.41811335912698 -44.66212177787,-2.41741074979591 -44.6614507066419,-2.4166271089276 -44.661235976534,-2.41638387093276 -44.6608868838807,-2.41643779413893 -44.660672006346,-2.41678903635959 -44.6606718722014,-2.41732932493757 -44.6606179866525,-2.4180859144791 -44.6605103831814,-2.41892346140493 -44.6603759932303,-2.419328644033 -44.6600805638493,-2.41951774303028 -44.6593555527809,-2.41970664310626 -44.6584962996258,-2.4197064259249 -44.6576102630043,-2.41962514004403 -44.657126968495,-2.41932782253076 -44.6562140808335,-2.41943570225391 -44.6553547940365,-2.419570555161 -44.6548176590282,-2.41984065247627 -44.6543343183396,-2.42008362225949 -44.6536897670089,-2.42043475286076 -44.653152687038,-2.42083983099603 -44.6524544993201,-2.42094776317833 -44.6528036275655,-2.42075867987422 -44.6531528106289,-2.4203535535921 -44.653663045409,-2.420110500711 -44.654119575495,-2.41989448444353 -44.654764050181,-2.41948934282999 -44.6553816933717,-2.41919230594231 -44.6560530203742,-2.41894929315125 -44.6570196817167,-2.41889552837064 -44.6578521235928,-2.41892279023383 -44.6584964280209,-2.41919309762848 -44.6594362723503,-2.41919333510131 -44.6600538407006,-2.41919349078756 -44.6601613974248,-2.41854511730882 -44.6601347792133,-2.41743730190262 -44.66005431215,-2.41693743329667 -44.6601618913362,-2.41655920407069 -44.6602962111773,-2.41607286954595 -44.6604306208237,-2.41558662548364 -44.6604038545601,-2.4150731998269 -44.6602160588432,-2.41466793619062 -44.6598938980223,-2.41420853752382 -44.6595718071883,-2.41383020020598 -44.658954389422,-2.41323556443769 -44.6584443872338,-2.41255998467017 -44.6580149091047,-2.41215465984104 -44.6574512036461,-2.41150602638893 -44.6569949204353,-2.41074939847957 -44.6567801764763,-2.41020896516374 -44.656377674447,-2.40947940137699 -44.6558408218865,-2.40864169145753 -44.6553040463142,-2.40785799217343 -44.6546598447907,-2.40684465190884 -44.653935078743,-2.40608795501312 -44.6534787717602,-2.40543934786552 -44.6527539729408,-2.40481772258265 -44.6522707744445,-2.40452040420176 -44.6518411558861,-2.40433121133957 -44.6515190215257,-2.40414195547135 -44.6513042676116,-2.40400682830534 -44.651331125999,-2.4037907018319 -44.6515191722537,-2.40354756611654 -44.6517340493672,-2.40319632531756 -44.6516000024427,-2.40260190154397 -44.6508753079991,-2.40122376358821 -44.6502313568554,-2.39960255270874 -44.6496151628525,-2.39812664401994 -44.6492395603793,-2.39704579013663 -44.6482199489234,-2.39423561306182 -44.6476028823386,-2.39231712355492 -44.6469858930292,-2.39010143937822 -44.6468785930348,-2.38938543047528 -44.6466102627174,-2.38879097189964 -44.6462078332065,-2.38746692693673 -44.6460738929175,-2.38646719660487 -44.6459667004766,-2.3853324011875 -44.6458328639419,-2.38392736439636 -44.6456720929557,-2.38268453370662 -44.6452695685574,-2.38173874461558 -44.6448938754123,-2.3810361463032 -44.6447867217909,-2.38010400415502 -44.6446796892233,-2.37869897433566 -44.6446529275743,-2.37818563952585 -44.6443308761033,-2.37769918838257 -44.6442039953889,-2.37653245192347 -44.6445801432064,-2.37545179231346 -44.6450638684702,-2.37399290434399 -44.6452790787038,-2.37231781350751 -44.645494191887,-2.37102097845188 -44.6460852916236,-2.36961621846481 -44.6460855110827,-2.3687515946242 -44.6455484921922,-2.36864334472627 -44.6449412679915,-2.36837946778917 -44.6453978081733,-2.36805543051541 -44.6462303544124,-2.36719102045174 -44.6467139645019,-2.36616439776747 -44.6478688725495,-2.36454364715775 -44.6484868148664,-2.36331449483584 -44.6489972108047,-2.36234197886888 -44.6497493660575,-2.36066702223295 -44.650286693099,-2.35953229909208 -44.6511998927784,-2.35837080066997 -44.6524355035025,-2.35623664569094 -44.6543121676067,-2.35392496520291 -44.6546614037202,-2.35322255013308 -44.6549300584911,-2.35249315472598 -44.6553599741959,-2.3514125029557 -44.6555091794247,-2.35107671409794 -44.6559241279362,-2.35014280118187 -44.6563002900591,-2.34892706333087 -44.6565689890567,-2.34800849382516 -44.6572942245769,-2.34673874035237 -44.6579120952722,-2.34536093828876 -44.6585837591283,-2.34394261820439 -44.6588255956224,-2.34288896898239 -44.6594166211765,-2.34167328206676 -44.6596584942536,-2.34083576628299 -44.6603300734671,-2.33937691393204 -44.6604912482065,-2.33899869641585 -44.6611357647618,-2.33824233950488 -44.6621026540557,-2.33699969125692 -44.6636334364394,-2.33551399335658 -44.6638215468903,-2.33494669851397 -44.6638753889614,-2.33432527003767 -44.6637143891449,-2.33397393464045 -44.6635265293101,-2.33348761088845 -44.6633924860301,-2.33286613724509 -44.6632852996136,-2.33201505610141 -44.6630170014232,-2.33128552846306 -44.6626950220559,-2.33050188656514 -44.6620239791898,-2.32936695430952 -44.6620240950844,-2.32888058533175 -44.6619437468161,-2.32825912460894 -44.6617022068243,-2.32771868651932 -44.6615681838518,-2.32701624182262 -44.6612193268205,-2.32617858247434 -44.660736209349,-2.32525982916029 -44.6602532598826,-2.32401682983342 -44.6591294961217,-2.32237768621807 -44.6587269344849,-2.32159402438892 -44.6583512327165,-2.32094553180447 -44.6579754348456,-2.32032399931996 -44.6577070629496,-2.31991862668571 -44.65727759668,-2.31956731610109 -44.6566869787937,-2.3191348141864 -44.6560695462954,-2.31875640681419 -44.65553264904,-2.31821589600261 -44.6549421418328,-2.31770242255417 -44.6544320258968,-2.31762123605827 -44.6539488871386,-2.31718885006029 -44.6533583107365,-2.31659431463155 -44.6523383303175,-2.31540519251676 -44.6502982321914,-2.31360794723914 -44.6489561085521,-2.31236482320256 -44.6478287944245,-2.31098658914545 -44.6474262084551,-2.31033799755319 -44.6472115680419,-2.30979756483443 -44.6468357643204,-2.30923013170436 -44.646486949172,-2.30863556417177 -44.6462991109933,-2.30809513809374 -44.6457355266629,-2.3071223508955 -44.6454671538127,-2.30674402738097 -44.6448497633775,-2.30623054417225 -44.6443934329963,-2.30579816259313 -44.6439907961394,-2.30536570393556 -44.6433733396312,-2.30512236447869 -44.6432391288791,-2.30485218643559 -44.6428364926203,-2.30441981801037 -44.6421922992261,-2.30391971677333 -44.6420581360067,-2.30346036535217 -44.6419239796047,-2.30297396332121 -44.641816674317,-2.30264969078595 -44.6415482492547,-2.30248759071118 -44.6412529732963,-2.30216327062668 -44.6407966655704,-2.3016498268933 -44.6403942020585,-2.30089321267 -44.6400720690448,-2.30043381353601 -44.639642633406,-2.30000134725617 -44.6392131216289,-2.29951496060064 -44.6387031088934,-2.29905551351037 -44.6383354341321,-2.29873153647812 -44.6372268282564,-2.2977852066082 -44.6367972974823,-2.29737988075561 -44.6361262624199,-2.2967041680008 -44.6358579144235,-2.29624478201381 -44.6357506176659,-2.29589354916498 -44.6355627778222,-2.29538017305981 -44.6351601669909,-2.29486665141598 -44.6350369346476,-2.29476167177173 -44.6345861999999,-2.29465379999994</coordinates></LinearRing></outerBoundaryIs></Polygon></MultiGeometry>
  </Placemark>
  <Placemark id="recortado.10">
	<name>LAGO GRANDE</name>
	<Style><LineStyle><color>ff0000ff</color></LineStyle><PolyStyle><fill>0</fill></PolyStyle></Style>
	<ExtendedData><SchemaData schemaUrl="#recortado">
		<SimpleData name="cd_sr">SR-12</SimpleData>
		<SimpleData name="nr_process">54230.001618/2014-16</SimpleData>
		<SimpleData name="nm_municip">PERITÓRO</SimpleData>
		<SimpleData name="cd_uf">MA</SimpleData>
		<SimpleData name="nr_familia">44</SimpleData>
		<SimpleData name="dt_titulac">20/11/2006</SimpleData>
		<SimpleData name="nr_area_ha">906.831500000000005</SimpleData>
		<SimpleData name="area_calc_">2140.0589</SimpleData>
		<SimpleData name="perimetro_">172418.3786</SimpleData>
		<SimpleData name="esfera">ESTADUAL</SimpleData>
		<SimpleData name="fase">TITULADO</SimpleData>
		<SimpleData name="responsave">ITERMA</SimpleData>
	</SchemaData></ExtendedData>
      <MultiGeometry><Polygon><outerBoundaryIs><LinearRing><coordinates>-44.1749851349999,-4.42604394099994 -44.1741476849999,-4.4434107529999 -44.1844010999999,-4.44337224399993 -44.1928517349999,-4.45227012399993 -44.2324991589999,-4.43917971199993 -44.2314323539999,-4.41718973999991 -44.2219153189999,-4.40652247099995 -44.2054738639999,-4.41474181999995 -44.2046712,-4.41173906099993 -44.1749851349999,-4.42604394099994</coordinates></LinearRing></outerBoundaryIs></Polygon></MultiGeometry>
  </Placemark>
  <Placemark id="recortado.11">
	<name>PITORÓ DOS PRETOS</name>
	<Style><LineStyle><color>ff0000ff</color></LineStyle><PolyStyle><fill>0</fill></PolyStyle></Style>
	<ExtendedData><SchemaData schemaUrl="#recortado">
		<SimpleData name="cd_quilomb">176</SimpleData>
		<SimpleData name="cd_sr">SR-12</SimpleData>
		<SimpleData name="nr_process">54230005015/2004-11</SimpleData>
		<SimpleData name="nm_municip">PERITORO E CAPINZAL DO NORTE</SimpleData>
		<SimpleData name="cd_uf">MA</SimpleData>
		<SimpleData name="dt_publica">06/09/2010</SimpleData>
		<SimpleData name="nr_familia">140</SimpleData>
		<SimpleData name="nr_area_ha">4705.399999999999636</SimpleData>
		<SimpleData name="ob_descric">estudo de delimitação</SimpleData>
		<SimpleData name="area_calc_">4305.4748</SimpleData>
		<SimpleData name="perimetro_">400572.2083</SimpleData>
		<SimpleData name="esfera">FEDERAL</SimpleData>
		<SimpleData name="fase">RTID</SimpleData>
		<SimpleData name="responsave">INCRA</SimpleData>
	</SchemaData></ExtendedData>
      <MultiGeometry><Polygon><outerBoundaryIs><LinearRing><coordinates>-44.2526090499177,-4.54643592672472 -44.2542387742334,-4.54698494253503 -44.2550971536417,-4.54701735850476 -44.2558328216917,-4.54681866800013 -44.2573473212738,-4.54612234803991 -44.2581529881157,-4.54566526282965 -44.2584879957046,-4.54539445762344 -44.2598403751705,-4.54411624480835 -44.2621284726867,-4.54187396705012 -44.2682807808362,-4.53576559456143 -44.270244673494,-4.53317805859133 -44.2706531596524,-4.53253994470494 -44.270861092785,-4.53211579004046 -44.2710451770084,-4.53162999585772 -44.2711787442944,-4.53089115014426 -44.2711047845959,-4.52909541475365 -44.2710346691119,-4.52829693767744 -44.271037385512,-4.52766091955725 -44.2712187524826,-4.52719649750858 -44.2716424788214,-4.52677702879433 -44.2703729609833,-4.51806705583482 -44.2696073404789,-4.51254435894365 -44.2695424083722,-4.50923941131191 -44.2638544833012,-4.50901539603229 -44.2554336888174,-4.50780539426322 -44.2504922123321,-4.50676142617507 -44.2510368617229,-4.50053243408698 -44.2514006960336,-4.49655090076372 -44.2350052518301,-4.49784036753898 -44.2377610173859,-4.51362166885993 -44.2500982761514,-4.53727786365363 -44.2520947604142,-4.54424581802657 -44.2518591372423,-4.54619784894271 -44.2526090499177,-4.54643592672472</coordinates></LinearRing></outerBoundaryIs></Polygon><Polygon><outerBoundaryIs><LinearRing><coordinates>-44.2525785249113,-4.54659401876496 -44.2518283261345,-4.54635585014288 -44.2526755604741,-4.55358321701527 -44.2524599892742,-4.55394550138306 -44.2524304257491,-4.55393363851193 -44.2519777141025,-4.55471675715871 -44.2558296141208,-4.55690468982431 -44.2484806247639,-4.56874431622371 -44.2455507376427,-4.57139056394118 -44.2549668619884,-4.58151437118456 -44.2626807288756,-4.58958581950565 -44.2641628354555,-4.58868307609161 -44.2651807664109,-4.58807627038698 -44.2672149243108,-4.5870616730053 -44.2776407515285,-4.58037300667163 -44.2754123936033,-4.57335805383346 -44.2833973616848,-4.57221057654674 -44.2872713301845,-4.59701701280818 -44.2931041526242,-4.59903452944031 -44.307174174674,-4.57142527928665 -44.3097016010472,-4.56666710873339 -44.3084689741958,-4.55758249488198 -44.3050622765533,-4.55853951251358 -44.3023569053742,-4.55442634525453 -44.3022740464824,-4.55431294468056 -44.3007821735694,-4.55261043595162 -44.2991201954404,-4.55085515655934 -44.2985888774932,-4.54086680152837 -44.2978949612014,-4.54066628048289 -44.2787621947914,-4.53554488506821 -44.2725323710519,-4.5339222643947 -44.2724850554238,-4.53373390571372 -44.2716617038452,-4.52693204267761 -44.2713334265198,-4.52727472170547 -44.2711724854973,-4.52768683970033 -44.271169904152,-4.52829126073529 -44.2712397488497,-4.52908665247665 -44.2713144578973,-4.53090057345947 -44.2711759896928,-4.53166653002567 -44.2709852174424,-4.53216997397644 -44.2707710820671,-4.53260678046307 -44.2703555111262,-4.5332559619456 -44.2683826071155,-4.53585537124502 -44.2622232551404,-4.54197073785758 -44.2599339682792,-4.54421418133104 -44.2585768905263,-4.54549683484248 -44.2582291781025,-4.54577791008702 -44.2574088631521,-4.54624330572319 -44.2558788699451,-4.54694674913212 -44.2551125256117,-4.54715372471042 -44.2542152249689,-4.54711983888037 -44.2525785249113,-4.54659401876496</coordinates></LinearRing></outerBoundaryIs></Polygon></MultiGeometry>
  </Placemark>
  <Placemark id="recortado.12">
	<name>AGUIAR</name>
	<Style><LineStyle><color>ff0000ff</color></LineStyle><PolyStyle><fill>0</fill></PolyStyle></Style>
	<ExtendedData><SchemaData schemaUrl="#recortado">
		<SimpleData name="cd_sr">SR-12</SimpleData>
		<SimpleData name="nr_process">2992/02</SimpleData>
		<SimpleData name="nm_municip">VIANA</SimpleData>
		<SimpleData name="cd_uf">MA</SimpleData>
		<SimpleData name="nr_familia">50</SimpleData>
		<SimpleData name="dt_titulac">22/08/2011</SimpleData>
		<SimpleData name="nr_area_ha">906.414499999999975</SimpleData>
		<SimpleData name="area_calc_">910.4341</SimpleData>
		<SimpleData name="perimetro_">119636.9322</SimpleData>
		<SimpleData name="esfera">ESTADUAL</SimpleData>
		<SimpleData name="fase">TITULADO</SimpleData>
		<SimpleData name="responsave">ITERMA</SimpleData>
	</SchemaData></ExtendedData>
      <MultiGeometry><Polygon><outerBoundaryIs><LinearRing><coordinates>-45.2023956013608,-3.02527775578225 -45.1971413449803,-3.03818071833134 -45.1873321109863,-3.03559180950457 -45.1812014204314,-3.04981776926351 -45.2100305141583,-3.06074252904884 -45.2141632370201,-3.04436175524428 -45.2190712645888,-3.03024463358857 -45.2023956013608,-3.02527775578225</coordinates></LinearRing></outerBoundaryIs></Polygon></MultiGeometry>
  </Placemark>
  <Placemark id="recortado.13">
	<name>CARANGUEIJO</name>
	<Style><LineStyle><color>ff0000ff</color></LineStyle><PolyStyle><fill>0</fill></PolyStyle></Style>
	<ExtendedData><SchemaData schemaUrl="#recortado">
		<SimpleData name="cd_sr">SR-12</SimpleData>
		<SimpleData name="nr_process">2996/09</SimpleData>
		<SimpleData name="nm_municip">VIANA</SimpleData>
		<SimpleData name="cd_uf">MA</SimpleData>
		<SimpleData name="nr_familia">26</SimpleData>
		<SimpleData name="dt_titulac">22/08/2011</SimpleData>
		<SimpleData name="nr_area_ha">274.307900000000018</SimpleData>
		<SimpleData name="area_calc_">274.7792</SimpleData>
		<SimpleData name="perimetro_">60680.3820</SimpleData>
		<SimpleData name="esfera">ESTADUAL</SimpleData>
		<SimpleData name="fase">TITULADO</SimpleData>
		<SimpleData name="responsave">ITERMA</SimpleData>
	</SchemaData></ExtendedData>
      <MultiGeometry><Polygon><outerBoundaryIs><LinearRing><coordinates>-45.2466204362926,-3.04644142541999 -45.232356599831,-3.03701918994443 -45.2277777911099,-3.05104498208564 -45.2420687722043,-3.05837348531399 -45.2466204362926,-3.04644142541999</coordinates></LinearRing></outerBoundaryIs></Polygon></MultiGeometry>
  </Placemark>
  <Placemark id="recortado.14">
	<name>SANTA ROSA</name>
	<Style><LineStyle><color>ff0000ff</color></LineStyle><PolyStyle><fill>0</fill></PolyStyle></Style>
	<ExtendedData><SchemaData schemaUrl="#recortado">
		<SimpleData name="cd_sr">SR-12</SimpleData>
		<SimpleData name="nr_process">5362/08</SimpleData>
		<SimpleData name="nm_municip">VIANA</SimpleData>
		<SimpleData name="cd_uf">MA</SimpleData>
		<SimpleData name="nr_familia">32</SimpleData>
		<SimpleData name="dt_titulac">18/08/2011</SimpleData>
		<SimpleData name="nr_area_ha">605.680799999999977</SimpleData>
		<SimpleData name="area_calc_">952.2090</SimpleData>
		<SimpleData name="perimetro_">161195.4613</SimpleData>
		<SimpleData name="esfera">ESTADUAL</SimpleData>
		<SimpleData name="fase">TITULADO</SimpleData>
		<SimpleData name="responsave">ITERMA</SimpleData>
	</SchemaData></ExtendedData>
      <MultiGeometry><Polygon><outerBoundaryIs><LinearRing><coordinates>-45.176244397182,-3.01586217245396 -45.1898546484118,-3.02085244088922 -45.1899777466533,-3.01780112435613 -45.1899777324874,-3.01780109894166 -45.1899777507597,-3.01780106028936 -45.1963818401438,-3.00551756014718 -45.1977780550778,-3.0003186656023 -45.1821096819772,-3.00021012874205 -45.176244397182,-3.01586217245396</coordinates></LinearRing></outerBoundaryIs></Polygon><Polygon><outerBoundaryIs><LinearRing><coordinates>-45.2023956013608,-3.02527775578225 -45.2190712645888,-3.03024463358857 -45.2191295512047,-3.03017664466575 -45.2248353851166,-3.01501490099088 -45.1964195282499,-3.00544542976358 -45.1963818571079,-3.00551762062705 -45.190015365835,-3.01772899408277 -45.2023956013608,-3.02527775578225</coordinates></LinearRing></outerBoundaryIs></Polygon></MultiGeometry>
  </Placemark>
  <Placemark id="recortado.15">
	<name>CAJUEIRO</name>
	<Style><LineStyle><color>ff0000ff</color></LineStyle><PolyStyle><fill>0</fill></PolyStyle></Style>
	<ExtendedData><SchemaData schemaUrl="#recortado">
		<SimpleData name="cd_sr">SR-12</SimpleData>
		<SimpleData name="nr_process">2995/09</SimpleData>
		<SimpleData name="nm_municip">VIANA</SimpleData>
		<SimpleData name="cd_uf">MA</SimpleData>
		<SimpleData name="nr_familia">65</SimpleData>
		<SimpleData name="dt_titulac">19/08/2011</SimpleData>
		<SimpleData name="nr_area_ha">271.285000000000025</SimpleData>
		<SimpleData name="area_calc_">264.3130</SimpleData>
		<SimpleData name="perimetro_">58894.2634</SimpleData>
		<SimpleData name="esfera">ESTADUAL</SimpleData>
		<SimpleData name="fase">TITULADO</SimpleData>
		<SimpleData name="responsave">ITERMA</SimpleData>
	</SchemaData></ExtendedData>
      <MultiGeometry><Polygon><outerBoundaryIs><LinearRing><coordinates>-45.2141632370202,-3.04436175524429 -45.2261395193195,-3.05102972066747 -45.232356599831,-3.03701918994443 -45.2190712645888,-3.03024463358857 -45.2141632370202,-3.04436175524429</coordinates></LinearRing></outerBoundaryIs></Polygon></MultiGeometry>
  </Placemark>
  <Placemark id="recortado.16">
	<name>IMBIRAL</name>
	<Style><LineStyle><color>ff0000ff</color></LineStyle><PolyStyle><fill>0</fill></PolyStyle></Style>
	<ExtendedData><SchemaData schemaUrl="#recortado">
		<SimpleData name="cd_sr">SR-12</SimpleData>
		<SimpleData name="nr_process">2991/06</SimpleData>
		<SimpleData name="nm_municip">PEDRO DO ROSARIO</SimpleData>
		<SimpleData name="cd_uf">MA</SimpleData>
		<SimpleData name="nr_familia">44</SimpleData>
		<SimpleData name="dt_titulac">16/11/2016</SimpleData>
		<SimpleData name="nr_area_ha">44.589900000000000</SimpleData>
		<SimpleData name="area_calc_">46.5320</SimpleData>
		<SimpleData name="perimetro_">26973.8835</SimpleData>
		<SimpleData name="esfera">ESTADUAL</SimpleData>
		<SimpleData name="fase">TITULADO</SimpleData>
		<SimpleData name="responsave">ITERMA</SimpleData>
	</SchemaData></ExtendedData>
      <MultiGeometry><Polygon><outerBoundaryIs><LinearRing><coordinates>-45.4237376423385,-2.80194349320808 -45.4139049957027,-2.80539383037271 -45.4177478795795,-2.80849550402264 -45.4223095679326,-2.8088376377055 -45.4237376423385,-2.80194349320808</coordinates></LinearRing></outerBoundaryIs></Polygon></MultiGeometry>
  </Placemark>
  <Placemark id="recortado.17">
	<name>SANTO INACIO</name>
	<Style><LineStyle><color>ff0000ff</color></LineStyle><PolyStyle><fill>0</fill></PolyStyle></Style>
	<ExtendedData><SchemaData schemaUrl="#recortado">
		<SimpleData name="cd_sr">SR-12</SimpleData>
		<SimpleData name="nr_process">2390/06</SimpleData>
		<SimpleData name="nm_municip">PEDRO ROSARIO</SimpleData>
		<SimpleData name="cd_uf">MA</SimpleData>
		<SimpleData name="dt_publica">30/03/2005</SimpleData>
		<SimpleData name="nr_familia">79</SimpleData>
		<SimpleData name="dt_titulac">01/09/2006</SimpleData>
		<SimpleData name="nr_area_ha">1363.417799999999943</SimpleData>
		<SimpleData name="area_calc_">1397.9927</SimpleData>
		<SimpleData name="perimetro_">161719.4941</SimpleData>
		<SimpleData name="esfera">ESTADUAL</SimpleData>
		<SimpleData name="fase">TITULADO</SimpleData>
		<SimpleData name="responsave">ITERMA</SimpleData>
	</SchemaData></ExtendedData>
      <MultiGeometry><Polygon><outerBoundaryIs><LinearRing><coordinates>-45.2523954899999,-3.00614821099993 -45.238935754,-3.01860895099992 -45.2472341989999,-3.02437001099992 -45.2550075189999,-3.01617164699991 -45.2589770149999,-3.0200518549999 -45.2746289909999,-3.03039771299995 -45.2779696379999,-3.03808676699992 -45.2973079079999,-3.03440853799993 -45.2945618089999,-3.02939728799993 -45.2946579519999,-3.01884852799992 -45.2659095879999,-2.99649187399995 -45.2537087949999,-3.00379569099993 -45.2523954899999,-3.00614821099993</coordinates></LinearRing></outerBoundaryIs></Polygon></MultiGeometry>
  </Placemark>
  <Placemark id="recortado.18">
	<name>MUCAMBO</name>
	<Style><LineStyle><color>ff0000ff</color></LineStyle><PolyStyle><fill>0</fill></PolyStyle></Style>
	<ExtendedData><SchemaData schemaUrl="#recortado">
		<SimpleData name="cd_sr">SR-12</SimpleData>
		<SimpleData name="nr_process">2997</SimpleData>
		<SimpleData name="nm_municip">VIANA</SimpleData>
		<SimpleData name="cd_uf">MA</SimpleData>
		<SimpleData name="nr_familia">110</SimpleData>
		<SimpleData name="dt_titulac">22/08/2011</SimpleData>
		<SimpleData name="nr_area_ha">397.004300000000001</SimpleData>
		<SimpleData name="area_calc_">396.3551</SimpleData>
		<SimpleData name="perimetro_">75405.6302</SimpleData>
		<SimpleData name="esfera">ESTADUAL</SimpleData>
		<SimpleData name="fase">TITULADO</SimpleData>
		<SimpleData name="responsave">ITERMA</SimpleData>
	</SchemaData></ExtendedData>
      <MultiGeometry><Polygon><outerBoundaryIs><LinearRing><coordinates>-45.1762442813224,-3.01586226037102 -45.1865160635071,-3.03534569092251 -45.1873321109863,-3.03559180950457 -45.1971413449803,-3.03818071833134 -45.2023956013608,-3.02527775578225 -45.190015365835,-3.01772899408277 -45.1899777324874,-3.01780109894166 -45.1762442813224,-3.01586226037102</coordinates></LinearRing></outerBoundaryIs></Polygon></MultiGeometry>
  </Placemark>
  <Placemark id="recortado.19">
	<name>FERREIRA</name>
	<Style><LineStyle><color>ff0000ff</color></LineStyle><PolyStyle><fill>0</fill></PolyStyle></Style>
	<ExtendedData><SchemaData schemaUrl="#recortado">
		<SimpleData name="cd_sr">SR-12</SimpleData>
		<SimpleData name="nr_process">2994/09</SimpleData>
		<SimpleData name="nm_municip">VIANA</SimpleData>
		<SimpleData name="cd_uf">MA</SimpleData>
		<SimpleData name="nr_familia">50</SimpleData>
		<SimpleData name="dt_titulac">22/08/2011</SimpleData>
		<SimpleData name="nr_area_ha">309.167500000000018</SimpleData>
		<SimpleData name="area_calc_">309.6574</SimpleData>
		<SimpleData name="perimetro_">64791.2543</SimpleData>
		<SimpleData name="esfera">ESTADUAL</SimpleData>
		<SimpleData name="fase">TITULADO</SimpleData>
		<SimpleData name="responsave">ITERMA</SimpleData>
	</SchemaData></ExtendedData>
      <MultiGeometry><Polygon><outerBoundaryIs><LinearRing><coordinates>-45.2025598541143,-2.95232430325936 -45.189589639769,-2.95442500293536 -45.1848951777124,-2.96869023126901 -45.1997737370541,-2.9732100188964 -45.2007185013539,-2.96846453182974 -45.2018053795581,-2.95827407501413 -45.2025598541143,-2.95232430325936</coordinates></LinearRing></outerBoundaryIs></Polygon></MultiGeometry>
  </Placemark>
  <Placemark id="recortado.20">
	<name>ALTAMIRA</name>
	<Style><LineStyle><color>ff0000ff</color></LineStyle><PolyStyle><fill>0</fill></PolyStyle></Style>
	<ExtendedData><SchemaData schemaUrl="#recortado">
		<SimpleData name="cd_sr">SR-12</SimpleData>
		<SimpleData name="nr_process">1234/04</SimpleData>
		<SimpleData name="nm_municip">PINHEIRO / PRESIDENTE SARNEY</SimpleData>
		<SimpleData name="cd_uf">MA</SimpleData>
		<SimpleData name="nr_familia">68</SimpleData>
		<SimpleData name="dt_titulac">27/12/2005</SimpleData>
		<SimpleData name="nr_area_ha">1220.939800000000105</SimpleData>
		<SimpleData name="area_calc_">1221.0547</SimpleData>
		<SimpleData name="perimetro_">231287.1449</SimpleData>
		<SimpleData name="esfera">ESTADUAL</SimpleData>
		<SimpleData name="fase">TITULADO</SimpleData>
		<SimpleData name="responsave">ITERMA</SimpleData>
	</SchemaData></ExtendedData>
      <MultiGeometry><Polygon><outerBoundaryIs><LinearRing><coordinates>-45.2817555555555,-2.74266944444443 -45.3116858453037,-2.7363760347097 -45.3109345162243,-2.73220597427161 -45.3066087260852,-2.72683632143392 -45.3048615902684,-2.72483465849043 -45.3034965309207,-2.7231764804411 -45.3003484570101,-2.71795862316112 -45.3022875942387,-2.71698710121656 -45.3001505160905,-2.71517315940823 -45.2960482843754,-2.71374383142577 -45.2953497702011,-2.70470739556112 -45.2425568476238,-2.68247595171911 -45.2425116994797,-2.68482619574236 -45.2729303322793,-2.70582615427325 -45.2947282083772,-2.72099139004838 -45.2831193925123,-2.72365879225805 -45.2842348532206,-2.72726218580684 -45.2852463018455,-2.73077947809423 -45.2862619728299,-2.73424020497665 -45.2795097052038,-2.73575456759331 -45.2817555139932,-2.74266934417484 -45.2817555555555,-2.74266944444443</coordinates></LinearRing></outerBoundaryIs></Polygon></MultiGeometry>
  </Placemark>
  <Placemark id="recortado.21">
	<name>PEIXES</name>
	<Style><LineStyle><color>ff0000ff</color></LineStyle><PolyStyle><fill>0</fill></PolyStyle></Style>
	<ExtendedData><SchemaData schemaUrl="#recortado">
		<SimpleData name="cd_sr">SR-12</SimpleData>
		<SimpleData name="nr_process">54230.000217/2006-39</SimpleData>
		<SimpleData name="nm_municip">COLINAS</SimpleData>
		<SimpleData name="cd_uf">MA</SimpleData>
		<SimpleData name="dt_publica">22/10/2021</SimpleData>
		<SimpleData name="dt_public1">15/12/2021</SimpleData>
		<SimpleData name="nr_familia">60</SimpleData>
		<SimpleData name="nr_area_ha">1319.258599999999888</SimpleData>
		<SimpleData name="ob_descric">Estudo de Delimitação</SimpleData>
		<SimpleData name="st_titulad">F</SimpleData>
		<SimpleData name="area_calc_">1319.8979</SimpleData>
		<SimpleData name="perimetro_">239843.8036</SimpleData>
		<SimpleData name="esfera">FEDERAL</SimpleData>
		<SimpleData name="fase">RTID</SimpleData>
		<SimpleData name="responsave">INCRA</SimpleData>
	</SchemaData></ExtendedData>
      <MultiGeometry><Polygon><outerBoundaryIs><LinearRing><coordinates>-43.9915043887705,-6.28053771471875 -43.999171984895,-6.26926949816563 -44.0012869322037,-6.25669769664704 -43.9856445632351,-6.24813956338827 -43.9855690573692,-6.24820700357883 -43.9854796988244,-6.24831490026709 -43.985382453262,-6.2484827696215 -43.98529112905,-6.24866107284416 -43.9852261745944,-6.24881163802864 -43.9850991024304,-6.24915149147842 -43.9849895786989,-6.24942692166211 -43.9848193820648,-6.24986641627243 -43.9847283804685,-6.25010750709299 -43.9843722296825,-6.25102979408516 -43.984129502161,-6.25167665125179 -43.983867836664,-6.25238259359974 -43.9835858284373,-6.2531198244829 -43.983379897188,-6.2535980974862 -43.9831897257917,-6.25396427168638 -43.9829407371542,-6.25434882756232 -43.9826933002221,-6.25469695388259 -43.982232588127,-6.25523270800911 -43.9819787480929,-6.25552130808061 -43.9808754002461,-6.25677481568272 -43.980534536307,-6.2571475855517 -43.9803610330339,-6.25736232337822 -43.9801510289404,-6.257622546973 -43.9799918459106,-6.25786138788883 -43.979806380504,-6.25817436197792 -43.9797342557163,-6.25831066235233 -43.979591274548,-6.25859358602145 -43.9794683898295,-6.2589226882562 -43.9793906754796,-6.25912701170471 -43.9793193614582,-6.25939389514699 -43.9792749794941,-6.25959667102977 -43.9792227915167,-6.25982770111588 -43.979186495927,-6.26013595514096 -43.9791468772979,-6.26044433701167 -43.9791028902578,-6.26088852818182 -43.9789998037255,-6.26178430620721 -43.9789635609571,-6.26216708757615 -43.978864941761,-6.26299889218847 -43.978810810749,-6.26344103298313 -43.9785330892626,-6.26568390065807 -43.9783226089263,-6.26774558438896 -43.9781119299669,-6.26978213049717 -43.9780862786115,-6.27004524210204 -43.9780532307257,-6.27050138035096 -43.9780582533815,-6.27073726412364 -43.9780699272297,-6.27100578515396 -43.9781581732047,-6.27136366609658 -43.9782732359712,-6.27163972758802 -43.9784612252077,-6.27203468044714 -43.9785899758305,-6.27224780937061 -43.9790526768604,-6.27309061385409 -43.9806068254504,-6.27595096903007 -43.9816060093639,-6.27776641154662 -43.9819748796876,-6.27845093016602 -43.9915043887705,-6.28053771471875</coordinates></LinearRing></outerBoundaryIs></Polygon><Polygon><outerBoundaryIs><LinearRing><coordinates>-43.9765217899651,-6.27942248882068 -43.9767189035547,-6.27933616470429 -43.9768135753039,-6.27926540563853 -43.976971023003,-6.27932089213324 -43.9771128228876,-6.27932116924018 -43.9771837843648,-6.27928977717384 -43.9773179371928,-6.27917179905563 -43.9774439661333,-6.27917992793745 -43.977510697964,-6.27922725751677 -43.9809341618147,-6.27785817373984 -43.9800517507127,-6.27625489463945 -43.978497445713,-6.27339424542531 -43.9780417119645,-6.27256413000428 -43.9779034814442,-6.27233530795864 -43.9776952682741,-6.27189786488257 -43.9775554970575,-6.27156252127366 -43.9774405286252,-6.27109626527598 -43.9774258130023,-6.27075776808267 -43.977420009507,-6.2704851975449 -43.9774557715004,-6.26999160639109 -43.9774823686129,-6.26971879725655 -43.9776931984146,-6.26768081624967 -43.9779043283682,-6.26561279324811 -43.978182834326,-6.26336361152986 -43.9782367662055,-6.26292310145824 -43.9783343636361,-6.26209992309203 -43.9783705043451,-6.26171822437112 -43.9784737478221,-6.26082109174226 -43.9785181473877,-6.26037274010747 -43.9785585132329,-6.26005854495643 -43.9785983091629,-6.25972056629093 -43.9786573627023,-6.25945914449211 -43.9787043830065,-6.25924431544947 -43.9787878047003,-6.25893212189815 -43.9788763665916,-6.25869927918633 -43.9790108384118,-6.25833914607171 -43.979172309871,-6.25801963540709 -43.9792543614953,-6.25786457571357 -43.9794561607892,-6.25752403859479 -43.9796406484187,-6.25724723056828 -43.9798688974761,-6.25696439925588 -43.9800546814397,-6.25673446232184 -43.9804045603201,-6.25635183397052 -43.9815038700721,-6.25510291494626 -43.9817552984764,-6.25481705696206 -43.9821946396449,-6.25430615514789 -43.9824171888551,-6.25399304443948 -43.9826422615439,-6.25364542653624 -43.9828078984023,-6.25332649405888 -43.9829995918228,-6.25288128928521 -43.98327575956,-6.25215932865893 -43.9835367249391,-6.25145527712663 -43.9837809617643,-6.25080439954666 -43.9841373350646,-6.24988153882239 -43.9842284435543,-6.24964016547262 -43.9844006480522,-6.24919548719458 -43.9845088072119,-6.24892348934518 -43.9846390758933,-6.24857508779116 -43.9847185283416,-6.24839091651869 -43.9848268585317,-6.24817941087839 -43.9849588185643,-6.24795161629079 -43.9850650187438,-6.24782338416779 -43.9616404904534,-6.23500751648969 -43.9613914513732,-6.23507741721443 -43.9610131193109,-6.23519491145105 -43.9608083154808,-6.2351945077194 -43.960580020154,-6.23512311370087 -43.9604226185062,-6.235051859414 -43.9601863375595,-6.23503562806421 -43.9597213576683,-6.23515295039948 -43.9588898297123,-6.23540355346659 -43.958830720602,-6.23541920200928 -43.95865319886,-6.23556468032185 -43.9585190086966,-6.2357063028588 -43.9583572953732,-6.23582422300965 -43.9581876971268,-6.23594606883616 -43.9580734951064,-6.23593796043206 -43.9579357708157,-6.23587462696686 -43.9577901772737,-6.23580733658683 -43.957483236179,-6.23567272456328 -43.9569872067422,-6.23555744485244 -43.9568376827027,-6.23548620514259 -43.9566842669199,-6.23539130976105 -43.9565150970753,-6.23529638315581 -43.956322280535,-6.23520929232892 -43.9561844709739,-6.23518931283771 -43.9560543981793,-6.23524029241886 -43.9559713928287,-6.23538989822284 -43.9560536888213,-6.23559895125154 -43.9560849164501,-6.23574090066829 -43.9561711744419,-6.23593813757582 -43.9564384960611,-6.23619091153493 -43.956824176674,-6.23634144532313 -43.9573766211139,-6.23692582812573 -43.9577198749391,-6.23750196652591 -43.957922748927,-6.2384798159477 -43.9579999319146,-6.23928399854073 -43.9582362767817,-6.23926870070975 -43.9584727150352,-6.23920610707046 -43.9587093710869,-6.23903315667321 -43.9592614539323,-6.23868741109939 -43.9597500840004,-6.23856225376263 -43.9608998018303,-6.23873794107381 -43.9618122451321,-6.23940188309345 -43.9623461225429,-6.24030155791631 -43.962956757878,-6.24222612913477 -43.9632061612857,-6.24358243747717 -43.9632682796913,-6.2440397539762 -43.9633384924129,-6.24438672921027 -43.9633062858389,-6.24474138537561 -43.9631875692888,-6.24502492718849 -43.9629822186078,-6.24530041558698 -43.9628791165554,-6.24565493195268 -43.9629969802948,-6.24580493470445 -43.9633980524563,-6.24614467919776 -43.9639492268257,-6.24626400459846 -43.9641779613127,-6.2461146843927 -43.9645962295976,-6.2457213745599 -43.9648801507847,-6.24554851457212 -43.9652227099123,-6.24560042557342 -43.9653013739353,-6.24565575888483 -43.9657381738664,-6.24585368413131 -43.9660175607407,-6.24598429713363 -43.9662771232079,-6.24618187371346 -43.9666903154751,-6.24636792791816 -43.9668081651092,-6.2465258126532 -43.9667842396453,-6.24667553631963 -43.9666816961739,-6.24674627893191 -43.9664373156419,-6.2468403909056 -43.9659016311897,-6.2468551036476 -43.9653102641713,-6.24714559950605 -43.9650174272609,-6.24784658035023 -43.9649610782248,-6.24846131702354 -43.9648814534012,-6.24889470665995 -43.9652744349268,-6.2493447915998 -43.965305425275,-6.24960892172058 -43.9653406872644,-6.2497035830301 -43.9653954644151,-6.24988893333737 -43.9655053285232,-6.25010198132918 -43.9656188294093,-6.25046874836819 -43.9656027650791,-6.25062637000048 -43.9655355678762,-6.25074841905909 -43.9653895510112,-6.25089396100174 -43.9653105222512,-6.25102386939634 -43.9652941556946,-6.25133520228664 -43.9652386426024,-6.25152427688628 -43.9651913011809,-6.25156359701062 -43.9648758516898,-6.25174427719968 -43.9646787479797,-6.25183059833181 -43.9644894750272,-6.25194058277905 -43.9642055499538,-6.25211344192402 -43.9639925051966,-6.25229432323422 -43.9638662040892,-6.25242807947604 -43.9637319790244,-6.25258546802505 -43.9635503191018,-6.25282947221416 -43.9633136573306,-6.25300242393569 -43.9630848572269,-6.25318327368808 -43.9627531387939,-6.25362404779533 -43.9623818154013,-6.25417510053961 -43.9618142102533,-6.25439469378193 -43.9615384871238,-6.25440203165202 -43.9612313635006,-6.2543541287596 -43.9610189083071,-6.25423546902518 -43.9608064376529,-6.25412469183828 -43.9606330736158,-6.25415587959402 -43.9605541443842,-6.25423454996919 -43.9604119315522,-6.25444710015724 -43.9602932572245,-6.25470699274335 -43.9600087686086,-6.2551636232973 -43.9597799197899,-6.25536811909765 -43.9595431154809,-6.25561201224047 -43.9593138920568,-6.25600569050335 -43.95928189913,-6.25624998911092 -43.9592812909324,-6.25655741104012 -43.9592097705963,-6.25687257511726 -43.9591618667303,-6.257195668607 -43.9593344519853,-6.25755861219174 -43.9598370310455,-6.25835575487797 -43.960087985942,-6.25892380234621 -43.9603155739798,-6.2593577985213 -43.9605745785955,-6.25983915272546 -43.9608887724971,-6.26029696816068 -43.9612976209557,-6.26069190958903 -43.9615023880133,-6.26071596262741 -43.9617544976719,-6.26070069597166 -43.9619120156211,-6.26071677276046 -43.9621010122817,-6.26074867703773 -43.9622585147117,-6.26077263634638 -43.9623766609979,-6.26078075252339 -43.9625342412488,-6.26076529865082 -43.9626761443581,-6.26071040049561 -43.9627786912701,-6.26063965924005 -43.9629207498353,-6.26050593479397 -43.9629999286521,-6.26030114223116 -43.9629504122371,-6.25944577663576 -43.9629626092966,-6.25925267573485 -43.9629634099296,-6.25884672070068 -43.9630228714921,-6.258653713122 -43.9631177425508,-6.25848048207296 -43.9632677244129,-6.25832312509499 -43.9634729491118,-6.25811463983486 -43.9635796127332,-6.25795325591321 -43.963634917755,-6.25787059716968 -43.9637610651358,-6.25781566748025 -43.9638635258953,-6.25778828032337 -43.9641829105448,-6.2576115505187 -43.9643365744427,-6.25758426423153 -43.9644547744505,-6.2575647906371 -43.9646281629026,-6.25752177783233 -43.964789797275,-6.25744721116954 -43.9648372091357,-6.25737241935989 -43.9649358706889,-6.2572740805604 -43.9651092047445,-6.25725865677181 -43.9654579236033,-6.25718642909524 -43.9655445169841,-6.25721615960643 -43.9656546573542,-6.25728929110162 -43.9657530165116,-6.25734466339654 -43.9658888786523,-6.25735675487916 -43.9659912850378,-6.25735695647905 -43.9661252320747,-6.25734145481867 -43.9662316004118,-6.25732984017759 -43.9663280406486,-6.25735958994954 -43.9664442054188,-6.257373613194 -43.966513070852,-6.25740527934153 -43.9665976504733,-6.25745766838563 -43.9664951666015,-6.25749688005738 -43.9664871885011,-6.25754810166105 -43.9665028349114,-6.25760331107998 -43.9665736000332,-6.25767045294147 -43.9667342134636,-6.25786487948549 -43.9667420173256,-6.25790233748366 -43.9667398931005,-6.25798115992744 -43.9667358188752,-6.25805012520684 -43.9667258056015,-6.25813484412596 -43.9666921871396,-6.2582057219437 -43.9666053689093,-6.25829028974039 -43.966536363944,-6.2583295672667 -43.9664594815387,-6.25836882927987 -43.9664003698227,-6.25838447827028 -43.9663314151892,-6.25839813721536 -43.9662959628769,-6.25840003810208 -43.9662408208619,-6.25839992956474 -43.9661895981928,-6.25840968206274 -43.9661344251843,-6.25842533877436 -43.966094979914,-6.25845482109854 -43.9660634198202,-6.25848037761266 -43.9660165681385,-6.25852068400649 -43.9659337156002,-6.25859146481766 -43.9658824735343,-6.25861107056845 -43.9658351934351,-6.25861886012579 -43.9657996442193,-6.25867002740903 -43.9657719414238,-6.25873697546053 -43.9657205753052,-6.25881964222413 -43.9656535318232,-6.25886286480441 -43.9655864650711,-6.25891791131718 -43.9655667327119,-6.25893757909617 -43.9655076674428,-6.25892958008551 -43.9654038094349,-6.25891631982767 -43.9653342475104,-6.25898835836971 -43.9653361082954,-6.25904354064577 -43.9652324422894,-6.25920957987712 -43.9652371754327,-6.25927957912319 -43.9652774726672,-6.25931759382288 -43.9653542544608,-6.25932956910315 -43.9654439888085,-6.25926446763678 -43.9655383630261,-6.25934348015023 -43.9656997343168,-6.2594029179728 -43.9658572521995,-6.25941899353427 -43.9660383249304,-6.25947452873255 -43.9661209063663,-6.25954169394936 -43.9662033560809,-6.25967586151107 -43.9662384481285,-6.25985723179258 -43.9663051275045,-6.25999925096024 -43.9664547216668,-6.26003895875713 -43.9665217497703,-6.26000361872095 -43.9666045870047,-6.25994072047521 -43.9667386818919,-6.25985033376871 -43.9668173634857,-6.25989778456992 -43.966880197245,-6.25999250015113 -43.9669232754231,-6.2601187075059 -43.9670098809984,-6.26014252589149 -43.9671279886775,-6.2601703475682 -43.9672619364591,-6.26015484573194 -43.9673445414008,-6.26021018684891 -43.9673876197059,-6.26033639418582 -43.9675134501097,-6.26044305760936 -43.9676313489194,-6.26057729473696 -43.9677963810392,-6.26077862716369 -43.9679611811367,-6.2610981990667 -43.9680824231348,-6.26153592528979 -43.9680346242929,-6.26180778324278 -43.9678369053756,-6.26220546900796 -43.9675290250571,-6.262539876641 -43.9674558755685,-6.26268359132961 -43.9675362985678,-6.26284731480002 -43.9676776367622,-6.26308013139483 -43.9676733108612,-6.26327718946112 -43.9675547378156,-6.26348584675725 -43.9675148236245,-6.26375377875221 -43.9675183596424,-6.26395873493355 -43.9676165265736,-6.26411264000518 -43.9676598529322,-6.26411272524894 -43.9677938017444,-6.26409722344184 -43.9679276499053,-6.26413295871324 -43.967935426777,-6.26418421132181 -43.9680100077536,-6.2643144219609 -43.9680887520263,-6.26433034215932 -43.9682541955174,-6.26432278484496 -43.9683565491614,-6.26435057542545 -43.9685100061403,-6.26442970377491 -43.9685177366402,-6.26450460428712 -43.9685806407953,-6.26456384793454 -43.968753923225,-6.26457601254642 -43.9688246894768,-6.26464315428852 -43.9689151108986,-6.26473004131518 -43.9691985860671,-6.26478971833155 -43.9692534968078,-6.26490806620849 -43.9692621908369,-6.26499380728595 -43.9692753697216,-6.26508695295531 -43.9693695229705,-6.26549555280558 -43.9693315864827,-6.26575954759689 -43.9691855501733,-6.26591297263607 -43.9692716966177,-6.26617129922862 -43.9693526972874,-6.26654292903333 -43.9693207712928,-6.26675471294875 -43.969308544977,-6.26696357957033 -43.9692846183207,-6.26711330320048 -43.9692370434583,-6.26727086301448 -43.9691578963699,-6.26745989142257 -43.9690630018008,-6.26764494751859 -43.9689760621255,-6.26779060590098 -43.9688537042472,-6.26792042928822 -43.968487187748,-6.2680261244235 -43.9682901553077,-6.26807303278856 -43.968069040815,-6.26834849089659 -43.9677927674692,-6.26863172295097 -43.9675008936686,-6.26883609747822 -43.9671772301368,-6.26918229706521 -43.9670780777532,-6.26952893876363 -43.9670856451367,-6.26968660686765 -43.9670696960408,-6.2697851086893 -43.9670301218777,-6.26987962262852 -43.9670613530803,-6.27002157203859 -43.9671043851956,-6.27017142736068 -43.9670843498988,-6.27034480639326 -43.9670841482325,-6.27044728056935 -43.9670325481404,-6.27064818670204 -43.967083442374,-6.27080594018262 -43.9671697704141,-6.27097164614504 -43.9672719545772,-6.27108614605507 -43.9672992858321,-6.27120838113304 -43.9672475460797,-6.27148023094365 -43.9672826075927,-6.2716773665223 -43.96729015945,-6.27184291725489 -43.9673094191651,-6.27206366967514 -43.9673447056492,-6.2721465071345 -43.9673941383653,-6.27228355352457 -43.9675333036824,-6.27238335853889 -43.9676510961107,-6.27257277445122 -43.9677572349815,-6.27267939945812 -43.9680049932984,-6.27287695398504 -43.9684279482821,-6.27311623734535 -43.9685026620356,-6.27317944573034 -43.9685360142235,-6.27324454335076 -43.9684884731632,-6.27338436701163 -43.9685573252066,-6.27342391586875 -43.9686419248378,-6.27346743704824 -43.9686713111057,-6.2735463215176 -43.968690691457,-6.27370598358109 -43.968914937688,-6.27384240088367 -43.9689305071007,-6.2739370234806 -43.9690287920715,-6.27403180885934 -43.9691074138772,-6.2741107902061 -43.9691268679423,-6.27423300976915 -43.9691187888722,-6.27433546849461 -43.969181639884,-6.27442230146782 -43.9691576505356,-6.27460355552012 -43.9692675895301,-6.27478113177914 -43.969429004611,-6.27482086268485 -43.9695315306683,-6.27476194440015 -43.9696458577452,-6.27471093196774 -43.9697401886629,-6.27481359214185 -43.969862060558,-6.27493207179653 -43.9699641995813,-6.27507021929137 -43.9700508232122,-6.27508615495376 -43.9701096504843,-6.27521633460091 -43.9701170250915,-6.27547253572772 -43.9701719290391,-6.27559482499573 -43.9701913988367,-6.27570916192695 -43.9700806620798,-6.27593754147732 -43.9699819662841,-6.27605164602719 -43.9699266210556,-6.27615401181907 -43.969958000266,-6.27622107618664 -43.9699735698724,-6.27631569878652 -43.9700364676765,-6.27637888380924 -43.9701703268202,-6.27641067771267 -43.9702884615221,-6.27642667533574 -43.9704025954676,-6.27647419573107 -43.970457600157,-6.27654524786194 -43.9705361915751,-6.27663999435503 -43.9705516761679,-6.27677797145151 -43.970630283109,-6.27686483530231 -43.9708310566301,-6.27692040859261 -43.9708979012114,-6.2769796599622 -43.9710002187631,-6.27702715703239 -43.9710948597104,-6.27697216432657 -43.9711738070684,-6.27688561009737 -43.9712958498715,-6.2769173805289 -43.9714335321586,-6.27700830166486 -43.9715398582236,-6.27702033450396 -43.9716147043251,-6.2770165401633 -43.9716737872504,-6.27701665619128 -43.9717171147296,-6.27701674127423 -43.9717604035618,-6.27703653295009 -43.971846880761,-6.27712735344468 -43.9719333889038,-6.27720240865167 -43.9720591852542,-6.27732877832877 -43.9721220139067,-6.27742743503668 -43.9721611089311,-6.27757728250573 -43.97230268407,-6.27769185911499 -43.9723812837307,-6.27778266408965 -43.9725071730227,-6.27786173785559 -43.9725819188437,-6.27790918055766 -43.9727825154456,-6.27805540356601 -43.9729004807954,-6.27815810972433 -43.9731091020339,-6.27822946299595 -43.9734201494885,-6.27829313436999 -43.973491064648,-6.27828539074398 -43.9735383388482,-6.27828154209489 -43.9736210706277,-6.27827382161805 -43.9736919626364,-6.27827790192841 -43.9738139982825,-6.27831361317071 -43.9739281870599,-6.27833354366077 -43.9739715069642,-6.27833756989676 -43.9740581004932,-6.27836927029006 -43.9741407243061,-6.27841672824079 -43.9742785463829,-6.27843670496847 -43.974392758355,-6.27844481139731 -43.9745974025743,-6.27853586302326 -43.9748925408597,-6.27867832917947 -43.97504992644,-6.27876534677649 -43.9751679541038,-6.27883652193349 -43.9753960701366,-6.27901038735208 -43.9755692884788,-6.27905802242242 -43.9756164934373,-6.27908964550856 -43.9757974817764,-6.27919247446226 -43.9759944259415,-6.27919285975626 -43.9760967753153,-6.27922459067462 -43.976238359573,-6.27933522510044 -43.9764272567073,-6.2794223039773 -43.9765217899651,-6.27942248882068</coordinates></LinearRing></outerBoundaryIs></Polygon></MultiGeometry>
  </Placemark>
  <Placemark id="recortado.22">
	<name>JACAREÍ DOS PRETOS</name>
	<Style><LineStyle><color>ff0000ff</color></LineStyle><PolyStyle><fill>0</fill></PolyStyle></Style>
	<ExtendedData><SchemaData schemaUrl="#recortado">
		<SimpleData name="cd_sr">SR-12</SimpleData>
		<SimpleData name="nr_process">54230.004154/2008-51
</SimpleData>
		<SimpleData name="nm_municip">ICATU</SimpleData>
		<SimpleData name="cd_uf">MA</SimpleData>
		<SimpleData name="dt_publica">31/08/2017</SimpleData>
		<SimpleData name="nr_familia">55</SimpleData>
		<SimpleData name="nr_area_ha">1521.005100000000084</SimpleData>
		<SimpleData name="nr_perimet">17721.430000000000291</SimpleData>
		<SimpleData name="tp_levanta">GPS</SimpleData>
		<SimpleData name="nr_escalao">1:40.000</SimpleData>
		<SimpleData name="area_calc_">1521.7652</SimpleData>
		<SimpleData name="perimetro_">159711.1468</SimpleData>
		<SimpleData name="esfera">FEDERAL</SimpleData>
		<SimpleData name="fase">RTID</SimpleData>
		<SimpleData name="responsave">INCRA</SimpleData>
	</SchemaData></ExtendedData>
      <MultiGeometry><Polygon><outerBoundaryIs><LinearRing><coordinates>-44.0045822145383,-2.77404959440634 -44.0027920754528,-2.77475753578944 -44.001001799302,-2.77552001926024 -43.9960651525657,-2.77753491007857 -43.9937325544836,-2.77835155206955 -43.9911285879897,-2.77944068298653 -43.9890124578788,-2.7807485893194 -43.9872220737886,-2.78172931745519 -43.9854320173387,-2.78221895215922 -43.9835132190532,-2.78422169656769 -43.9844264914295,-2.78473447290259 -43.9852608295188,-2.80070198995821 -44.0158395288282,-2.80549739558732 -44.0332589956193,-2.80964502114289 -44.0350733433848,-2.81017000976168 -44.0352811324608,-2.80910277662432 -44.0262212380432,-2.79909962852387 -44.0329417284008,-2.78762608951012 -44.0333226622532,-2.78801609733838 -44.0357565779606,-2.78708855549196 -44.0186660683548,-2.77419644630423 -44.0180936970222,-2.77466357097344 -44.0162950137568,-2.77525999404739 -44.0146139517477,-2.77514949564033 -44.0139632344641,-2.77509431418317 -44.0130956270381,-2.77492994915607 -44.0113595053218,-2.77591077007874 -44.0105997532741,-2.77651040725971 -44.0092978646797,-2.77694585905873 -44.0084845031241,-2.77678144561834 -44.0077257958316,-2.77623507616122 -44.0068583268339,-2.77590697879105 -44.005828486915,-2.77525119766129 -44.0045822145383,-2.77404959440634</coordinates></LinearRing></outerBoundaryIs></Polygon></MultiGeometry>
  </Placemark>
  <Placemark id="recortado.23">
	<name>ESTIVA DOS COTÓS</name>
	<Style><LineStyle><color>ff0000ff</color></LineStyle><PolyStyle><fill>0</fill></PolyStyle></Style>
	<ExtendedData><SchemaData schemaUrl="#recortado">
		<SimpleData name="cd_sr">SR-12</SimpleData>
		<SimpleData name="nr_process">54230.005332/2006-52
</SimpleData>
		<SimpleData name="nm_municip">CACHOEIRA GRANDE</SimpleData>
		<SimpleData name="cd_uf">MA</SimpleData>
		<SimpleData name="dt_publica">18/08/2017</SimpleData>
		<SimpleData name="nr_familia">133</SimpleData>
		<SimpleData name="nr_area_ha">4128.664499999999862</SimpleData>
		<SimpleData name="nr_perimet">27710.759999999998399</SimpleData>
		<SimpleData name="tp_levanta">Perímetro baseado no levantamento feito pela firma contratada pelo INCRA que executou o levantamento antropológico.</SimpleData>
		<SimpleData name="nr_escalao">1:60.000</SimpleData>
		<SimpleData name="area_calc_">4130.7024</SimpleData>
		<SimpleData name="perimetro_">249808.7434</SimpleData>
		<SimpleData name="esfera">FEDERAL</SimpleData>
		<SimpleData name="fase">RTID</SimpleData>
		<SimpleData name="responsave">INCRA</SimpleData>
	</SchemaData></ExtendedData>
      <MultiGeometry><Polygon><outerBoundaryIs><LinearRing><coordinates>-44.0328525075372,-3.22491483727851 -43.9549394130022,-3.21850742205987 -43.9572263949455,-3.25603634780888 -44.0292860148977,-3.27159672044291 -44.0297606300634,-3.26984085601579 -44.0307162991075,-3.26735330485449 -44.0312065130604,-3.26398922229553 -44.0312576803852,-3.26369804403283 -44.0320807645699,-3.26229936311757 -44.0323230814725,-3.26171985700995 -44.032404188888,-3.26088733963112 -44.0323980110952,-3.26042087598984 -44.0316130308887,-3.25870679341902 -44.0306405299512,-3.25746972411757 -44.0302379974199,-3.25695768192034 -44.0298194746405,-3.25642529874807 -44.0296609969761,-3.25510375930684 -44.0305643305665,-3.25387014330556 -44.0330124611499,-3.25303685889993 -44.0340710168386,-3.25229033782622 -44.0347787337679,-3.25024215845597 -44.0352856407306,-3.24783548336447 -44.0359228560819,-3.2464782379725 -44.0374042884442,-3.24479687586622 -44.0386977652106,-3.24410502616514 -44.0405734420684,-3.24350436734304 -44.0412593549567,-3.24298687944371 -44.0414355115992,-3.24199870768205 -44.041426046342,-3.23981568618266 -44.0413325134003,-3.23687599761763 -44.0400102354109,-3.23413921454519 -44.0398555397416,-3.23326787098301 -44.0398630305958,-3.23228831338679 -44.0405458718912,-3.23014448428842 -44.040364422677,-3.2293941476286 -44.0396313687218,-3.22837209599902 -44.0380538955501,-3.22771414786721 -44.0369618931892,-3.22817453318772 -44.0354017608947,-3.2281226628108 -44.0336853300064,-3.22737809913005 -44.0328901390138,-3.22640736550939 -44.0328172124489,-3.22562119905173 -44.0328525075372,-3.22491483727851</coordinates></LinearRing></outerBoundaryIs></Polygon></MultiGeometry>
  </Placemark>
  <Placemark id="recortado.24">
	<name>TANQUE DE VALENÇA</name>
	<Style><LineStyle><color>ff0000ff</color></LineStyle><PolyStyle><fill>0</fill></PolyStyle></Style>
	<ExtendedData><SchemaData schemaUrl="#recortado">
		<SimpleData name="cd_sr">SR-12</SimpleData>
		<SimpleData name="nr_process">54.230.002023/2008-30</SimpleData>
		<SimpleData name="nm_municip">MATINHA</SimpleData>
		<SimpleData name="cd_uf">MA</SimpleData>
		<SimpleData name="dt_publica">26/05/2022</SimpleData>
		<SimpleData name="nr_familia">70</SimpleData>
		<SimpleData name="nr_area_ha">2571.829000000000178</SimpleData>
		<SimpleData name="ob_descric">Estudo de Delimitação</SimpleData>
		<SimpleData name="area_calc_">2573.8818</SimpleData>
		<SimpleData name="perimetro_">180625.6437</SimpleData>
		<SimpleData name="esfera">FEDERAL</SimpleData>
		<SimpleData name="fase">RTID</SimpleData>
		<SimpleData name="responsave">INCRA</SimpleData>
	</SchemaData></ExtendedData>
      <MultiGeometry><Polygon><outerBoundaryIs><LinearRing><coordinates>-45.1098780024042,-3.01249100220064 -45.1027860001714,-2.97401599934239 -45.0934568162439,-2.97783492979433 -45.0888033960586,-2.97973978268942 -45.0834768245485,-2.98192015449147 -45.0775276481817,-2.98435534208707 -45.0727449976,-2.98631300247821 -45.0660599955686,-3.00351299983421 -45.0614979993181,-3.02473500390955 -45.0706096067769,-3.02838889676503 -45.0843091407403,-3.03388242473109 -45.0981590005379,-3.03943599712263 -45.1098780024042,-3.01249100220064</coordinates></LinearRing></outerBoundaryIs></Polygon></MultiGeometry>
  </Placemark>
  <Placemark id="recortado.25">
	<name>CHARCO</name>
	<Style><LineStyle><color>ff0000ff</color></LineStyle><PolyStyle><fill>0</fill></PolyStyle></Style>
	<ExtendedData><SchemaData schemaUrl="#recortado">
		<SimpleData name="cd_sr">SR-12</SimpleData>
		<SimpleData name="nr_process">54230.004050/2009-28</SimpleData>
		<SimpleData name="nm_municip">SAO VICENTE FERRER</SimpleData>
		<SimpleData name="cd_uf">MA</SimpleData>
		<SimpleData name="dt_publica">27/10/2012</SimpleData>
		<SimpleData name="dt_public1">20/03/2014</SimpleData>
		<SimpleData name="nr_familia">137</SimpleData>
		<SimpleData name="nr_area_ha">1345.275100000000066</SimpleData>
		<SimpleData name="dt_decreto">23/05/2015</SimpleData>
		<SimpleData name="area_calc_">1346.3513</SimpleData>
		<SimpleData name="perimetro_">175841.4248</SimpleData>
		<SimpleData name="esfera">FEDERAL</SimpleData>
		<SimpleData name="fase">DECRETO</SimpleData>
		<SimpleData name="responsave">INCRA</SimpleData>
	</SchemaData></ExtendedData>
      <MultiGeometry><Polygon><outerBoundaryIs><LinearRing><coordinates>-44.9654974529443,-2.89915939027676 -44.9412304969477,-2.89241049401772 -44.9393228738362,-2.89785528586694 -44.9431830418612,-2.89904970843631 -44.9418476992149,-2.90281584771775 -44.9423879958195,-2.90474660555049 -44.9424239351604,-2.90655729555805 -44.9411399811637,-2.90819619718679 -44.9441154455873,-2.9097871869099 -44.9396393262769,-2.92263718820274 -44.9731254611313,-2.93810171483116 -44.9732773302141,-2.93753677140012 -44.9787762591091,-2.94019732364887 -44.9815930270189,-2.92275288989682 -44.9774627961106,-2.92161288255386 -44.9664878217532,-2.91727149505092 -44.9696927285537,-2.90788620335332 -44.9686746775368,-2.90779926792185 -44.9691876163234,-2.90638793782999 -44.9687827035811,-2.90608937305539 -44.9693496400864,-2.9043342553275 -44.9708630044168,-2.9045819957433 -44.971582421476,-2.90257506327649 -44.9657073645599,-2.90279409802615 -44.9672228108207,-2.90422633023558 -44.9656237155494,-2.90540955532871 -44.9634650846964,-2.90336391417276 -44.9650594686054,-2.90218417769154 -44.9654974943051,-2.90165804204652 -44.9658250509184,-2.90041956384094 -44.9654974529443,-2.89915939027676</coordinates></LinearRing></outerBoundaryIs></Polygon></MultiGeometry>
  </Placemark>
  <Placemark id="recortado.26">
	<name>SANTA BÁRBARA/LAGOA DE MARIA ROSA/CASA BRANCA</name>
	<Style><LineStyle><color>ff0000ff</color></LineStyle><PolyStyle><fill>0</fill></PolyStyle></Style>
	<ExtendedData><SchemaData schemaUrl="#recortado">
		<SimpleData name="cd_sr">SR-12</SimpleData>
		<SimpleData name="nr_process">54230.012663/2010-72</SimpleData>
		<SimpleData name="nm_municip">VARGEM GRANDE</SimpleData>
		<SimpleData name="cd_uf">MA</SimpleData>
		<SimpleData name="dt_publica">02/03/2026</SimpleData>
		<SimpleData name="dt_public1">23/03/2026</SimpleData>
		<SimpleData name="nr_familia">77</SimpleData>
		<SimpleData name="nr_area_ha">1808.284900000000107</SimpleData>
		<SimpleData name="nr_perimet">26495.080000000001746</SimpleData>
		<SimpleData name="esfera">FEDERAL</SimpleData>
		<SimpleData name="fase">INCRA</SimpleData>
	</SchemaData></ExtendedData>
      <MultiGeometry><Polygon><outerBoundaryIs><LinearRing><coordinates>-43.715144934253,-3.56811086252642 -43.7149212183887,-3.56821997805076 -43.7147725269046,-3.56838571895099 -43.7146237783464,-3.56859248094807 -43.7141203407053,-3.56897028827242 -43.7135056555644,-3.56927708409266 -43.7133606067173,-3.56932129420992 -43.7132011808709,-3.56936988632547 -43.7127409779301,-3.56935059357458 -43.712358789772,-3.56927920151361 -43.7120304291776,-3.56920042661927 -43.7118746491953,-3.56912562357091 -43.7117075606163,-3.56917573271784 -43.7114457347002,-3.56929283408876 -43.7110686488244,-3.56955521181241 -43.7106749831435,-3.56972992984951 -43.7104613027571,-3.56992168253823 -43.710221514141,-3.57020476365273 -43.7101190543452,-3.57048617354808 -43.7099626992693,-3.57082344538357 -43.7098345683673,-3.57088293192472 -43.7095838712128,-3.57100377737673 -43.7094966243381,-3.57102230035074 -43.7094133300245,-3.57095947126702 -43.7093406683502,-3.57107770119897 -43.7092956808207,-3.57111237080549 -43.7092438378113,-3.57110535109386 -43.7091367289138,-3.57106699370886 -43.7089949351037,-3.57111194668378 -43.7089016681719,-3.5710631888866 -43.7087323409241,-3.57102127039892 -43.7087666570171,-3.5712019305784 -43.7087526888759,-3.57130263666884 -43.7086938156837,-3.57137896628262 -43.7085589403733,-3.57142045562238 -43.7084137236449,-3.57144109052754 -43.7083030948147,-3.57144788101091 -43.7082266556947,-3.57172563733342 -43.708278391876,-3.57180906961882 -43.7083577828582,-3.57189254093696 -43.7084268567187,-3.57193779136152 -43.7084751652111,-3.57200037899143 -43.7084750049736,-3.57211499775916 -43.7084403344975,-3.57218788818457 -43.7084575313421,-3.57225043190706 -43.708523167803,-3.57228178427221 -43.7086200033273,-3.5722506612109 -43.7087133383024,-3.5722507929256 -43.7087304671955,-3.57236196279854 -43.7086371322086,-3.5723618310815 -43.7085299212614,-3.57239641279951 -43.7084986881972,-3.57248320128753 -43.7085366018747,-3.5725631407677 -43.7086194886283,-3.57261883060411 -43.7087819461229,-3.57262947979192 -43.7088402076614,-3.5729907855524 -43.7088399745881,-3.57315750378041 -43.7088051729523,-3.57332417321582 -43.7087633993031,-3.57353251244083 -43.7088043181934,-3.57393547336925 -43.7087969964714,-3.57422722049669 -43.7087206541142,-3.57443551089145 -43.7086096945223,-3.5746784854088 -43.7085879231852,-3.57541479485282 -43.7085665987858,-3.57583156105675 -43.7084553082851,-3.57631071957662 -43.7084341878686,-3.5765816073255 -43.7084819811025,-3.57701236437544 -43.7085851717591,-3.57738068028495 -43.7087230575885,-3.5776587393731 -43.7089574052911,-3.57817311939518 -43.7091844796177,-3.57894451361408 -43.709211774809,-3.57920157663667 -43.7092457892289,-3.57959758129394 -43.70940422215,-3.58001460164495 -43.7095490902229,-3.58024404444297 -43.7096593408975,-3.58050817135577 -43.7097967409542,-3.58113356026456 -43.7098639448092,-3.58155933515213 -43.7102077320783,-3.58202950182139 -43.711264194841,-3.58308571652719 -43.711533112688,-3.58431385897657 -43.7112854532627,-3.5854753513797 -43.7113168614548,-3.586472437765 -43.7116271883269,-3.5874122384482 -43.7116049815172,-3.58833975140102 -43.7112897451259,-3.58880820174931 -43.7108158369865,-3.5899366553093 -43.7103632190065,-3.59104429607631 -43.7102652710097,-3.59214459682256 -43.7104477762994,-3.59265195785672 -43.7105199037092,-3.59298549727461 -43.7106644999287,-3.59340944532694 -43.7108850756435,-3.59388560065383 -43.7111953612324,-3.59448344881116 -43.7112248922405,-3.59453777966113 -43.7117833914512,-3.59456795829294 -43.7129628954269,-3.59462733324855 -43.7129638239924,-3.59462738240651 -43.7161631317045,-3.59480507221382 -43.719295579951,-3.59498040534541 -43.7212460088078,-3.59507858774923 -43.7212466889149,-3.59507862328009 -43.7228882921279,-3.59516751232672 -43.7228885565189,-3.59516752683856 -43.7248945066992,-3.59527911339285 -43.726219894601,-3.59534977865129 -43.7270439487358,-3.59539311039561 -43.7270571194414,-3.59539429149629 -43.7275696557648,-3.59545939045389 -43.7275799826954,-3.59546100934785 -43.7280350420615,-3.59554600810074 -43.7280471937694,-3.59554871758737 -43.7285198777722,-3.5956714816896 -43.7285324624938,-3.59567524706303 -43.7290117201528,-3.5958379811133 -43.7290222718493,-3.59584193758058 -43.7293689816496,-3.59598450568875 -43.7293762548283,-3.59598768613526 -43.7298178914016,-3.59619254831304 -43.7298321298256,-3.59619994260191 -43.7307417592449,-3.5967251461784 -43.7307454034232,-3.59672730789304 -43.7321290861805,-3.59757029191701 -43.7330646089763,-3.59813070689115 -43.7330657650274,-3.59813140532169 -43.7358958635569,-3.59985574513561 -43.7380658642385,-3.60116845178164 -43.7380663771757,-3.60116876324365 -43.7415122135248,-3.60326898469284 -43.7435252361703,-3.60447808108701 -43.7435265136083,-3.60447885559829 -43.7439841783228,-3.60475894336657 -43.7451682154392,-3.60547406218949 -43.7451687225864,-3.60547436963112 -43.7457008014032,-3.60579812566423 -43.745701174352,-3.6057983532147 -43.7461079450307,-3.60604721791328 -43.7466990720818,-3.60640290488965 -43.7467000887166,-3.60640352119348 -43.7472156925802,-3.60671842480216 -43.7476052190717,-3.6069566190931 -43.7481292921864,-3.60724546384238 -43.748545929066,-3.60745221018262 -43.7488474121118,-3.60758421580844 -43.7492887712281,-3.60774724806701 -43.7496680642647,-3.60787159737106 -43.7501049551018,-3.60798604324175 -43.7506373283273,-3.60809226114983 -43.7512411804082,-3.6081715321974 -43.7517249450679,-3.60820467716746 -43.7519991992235,-3.60820289384988 -43.7522659951429,-3.60819888500861 -43.7526058822292,-3.60818189784402 -43.753136739707,-3.6081385540035 -43.7550613003783,-3.60795706798941 -43.7550808892347,-3.60795515929896 -43.7593492614403,-3.59891839629131 -43.7604864773881,-3.59651069800684 -43.7620582724505,-3.59274081117115 -43.7552648105877,-3.58929390147343 -43.7519847224878,-3.5876287540265 -43.7515813429843,-3.58734663405112 -43.751235135928,-3.58718728142322 -43.7501933821149,-3.58650878775639 -43.7480824440825,-3.58608989475832 -43.7460791473711,-3.58577963120603 -43.745667291116,-3.58523936855004 -43.7450298443161,-3.58466923253151 -43.7447156231406,-3.58413665969564 -43.7438046782062,-3.5833449325312 -43.7430758996755,-3.58338574718259 -43.7412894817016,-3.58228847692599 -43.739840442079,-3.58106812483367 -43.7396457854467,-3.58059806599973 -43.7361562332802,-3.57947581347199 -43.7335530719097,-3.57817685156033 -43.7291056913947,-3.57662512313187 -43.7283116571564,-3.57558690272026 -43.7271948809366,-3.57412668507608 -43.7263080279136,-3.57377556469457 -43.7249010835423,-3.5723338993784 -43.7238969407976,-3.57154331182938 -43.7225047664179,-3.57098039282001 -43.7217444448955,-3.57080187959692 -43.7209165307224,-3.57006515700108 -43.7204717986031,-3.56997592015526 -43.7189888758902,-3.56884940974317 -43.7184581874332,-3.56860183696926 -43.7177531924182,-3.56806151496992 -43.715144934253,-3.56811086252642</coordinates></LinearRing></outerBoundaryIs></Polygon><Polygon><outerBoundaryIs><LinearRing><coordinates>-43.7114712044865,-3.59499094225624 -43.7115332246397,-3.59513690896503 -43.7116503559766,-3.59542535929421 -43.7118500200921,-3.59602305078916 -43.7118772222095,-3.59634610676947 -43.7118940242068,-3.59668998784857 -43.7119281011595,-3.59704084002579 -43.7118721754617,-3.59747839727051 -43.711885427694,-3.5978882661229 -43.7118851203723,-3.59810708394145 -43.7119087287449,-3.59852738739506 -43.7118979675642,-3.59880523658347 -43.7118939543513,-3.5992011877265 -43.7117796942184,-3.59932953797039 -43.7115928574767,-3.59944389200807 -43.7114778844791,-3.60007934369662 -43.7114809215274,-3.60037805222869 -43.7114701746465,-3.60064548145257 -43.7114592958699,-3.60100668971576 -43.7114797543812,-3.60120817043595 -43.7115032937523,-3.60167710000462 -43.7114923464391,-3.60208693443053 -43.7114984542596,-3.60266003839112 -43.7116325896178,-3.60300861027311 -43.7119260711373,-3.60338633160607 -43.7128853575654,-3.60462096588834 -43.7131765475403,-3.60538475367291 -43.7134709710999,-3.60615702240154 -43.7138848272257,-3.60682792009589 -43.7144201528332,-3.60718990365724 -43.7147515749539,-3.60750991815981 -43.7148861829286,-3.60766293466632 -43.7153794303684,-3.60844860206143 -43.7159212033381,-3.60914403220719 -43.7163697208929,-3.60978028384678 -43.7167350855473,-3.61054840346052 -43.7176736513265,-3.61178970581292 -43.7179182754257,-3.61237704222227 -43.718321932268,-3.61295765733197 -43.7189048575791,-3.61389280434758 -43.7191498432542,-3.6142231161345 -43.7195461586845,-3.61510937254809 -43.7196006769153,-3.61567560006258 -43.71975201634,-3.61622459814182 -43.7197745275263,-3.61624262001496 -43.7366014613875,-3.60876524815486 -43.7441019610785,-3.6053879544284 -43.7442347132045,-3.60533238581973 -43.7437982055975,-3.60506874946093 -43.7437973049596,-3.60506820189706 -43.7433398278134,-3.60478822881214 -43.7413269456485,-3.60357921632957 -43.7413259482254,-3.60357861283134 -43.7378798701043,-3.60147824321668 -43.7357098814854,-3.60016554336109 -43.7357093929413,-3.60016524676212 -43.7328796269049,-3.59844110886793 -43.7319441073506,-3.59788069561838 -43.7319429578937,-3.59788000120344 -43.7305605110456,-3.59703776981212 -43.7296596715375,-3.59651764117385 -43.7292289197739,-3.5963178280566 -43.7288910956052,-3.59617891368832 -43.7284233992791,-3.59602010526484 -43.7279631050978,-3.59590055894165 -43.7275193081509,-3.59581766378762 -43.7270185222659,-3.59575405722208 -43.7262008788696,-3.59571106241178 -43.7248752191446,-3.59564038247402 -43.7248748071472,-3.59564036003166 -43.7228687824176,-3.59552876904807 -43.7212276508101,-3.59543990530641 -43.7192770587695,-3.59534171441162 -43.7192760538547,-3.59534166099493 -43.7161431409637,-3.59516630141305 -43.7129444130814,-3.59498864337311 -43.7117650432167,-3.59492927500034 -43.7117643837041,-3.59492924058223 -43.7114277809721,-3.59491105216985 -43.7114712044865,-3.59499094225624</coordinates></LinearRing></outerBoundaryIs></Polygon></MultiGeometry>
  </Placemark>
  <Placemark id="recortado.27">
	<name>BARRO VERMELHO</name>
	<Style><LineStyle><color>ff0000ff</color></LineStyle><PolyStyle><fill>0</fill></PolyStyle></Style>
	<ExtendedData><SchemaData schemaUrl="#recortado">
		<SimpleData name="cd_sr">SR-12</SimpleData>
		<SimpleData name="nr_process">54230.005393/2009-18
</SimpleData>
		<SimpleData name="nm_municip">VARGEM GRANDE</SimpleData>
		<SimpleData name="cd_uf">MA</SimpleData>
		<SimpleData name="dt_publica">11/09/2017</SimpleData>
		<SimpleData name="nr_familia">26</SimpleData>
		<SimpleData name="nr_area_ha">472.159499999999980</SimpleData>
		<SimpleData name="nr_perimet">10273.010000000000218</SimpleData>
		<SimpleData name="tp_levanta">Levantamento com GPS e planta dos imóveis PAVI I e II.</SimpleData>
		<SimpleData name="nr_escalao">1:25.OOO</SimpleData>
		<SimpleData name="area_calc_">472.2644</SimpleData>
		<SimpleData name="perimetro_">133426.4435</SimpleData>
		<SimpleData name="esfera">FEDERAL</SimpleData>
		<SimpleData name="fase">RTID</SimpleData>
		<SimpleData name="responsave">INCRA</SimpleData>
	</SchemaData></ExtendedData>
      <MultiGeometry><Polygon><outerBoundaryIs><LinearRing><coordinates>-43.6152876989495,-3.62628564166223 -43.6155980292254,-3.62600818469251 -43.6156025140363,-3.62600428018379 -43.6158318281689,-3.62580989635863 -43.6160409547267,-3.62560916840426 -43.6160600507356,-3.62559278582923 -43.6163103287719,-3.62540125910851 -43.6167061592149,-3.62511724883049 -43.6169777124936,-3.62494541110349 -43.6172803216279,-3.62476653544218 -43.6177325415794,-3.62453782467331 -43.6205077532997,-3.62331005476806 -43.6342069077366,-3.61722611836504 -43.6334308302197,-3.61214885075923 -43.6337547778434,-3.6118774853822 -43.6337548014738,-3.61186168372979 -43.633748540137,-3.61185560847888 -43.6337422788003,-3.61184953322245 -43.6337360174746,-3.61184345797153 -43.6337158956887,-3.61184090017801 -43.6337103911733,-3.61184020047133 -43.6336964147561,-3.61183842384759 -43.6336892123417,-3.61182625925113 -43.6336751245273,-3.61182623798368 -43.6336610367157,-3.61182621671602 -43.6336356651678,-3.61183236377606 -43.633255112934,-3.61209950290326 -43.6331046441103,-3.6123709688819 -43.6328703287945,-3.61254761345413 -43.632615933979,-3.61254722907064 -43.6324362075818,-3.61233830363453 -43.6323242130075,-3.61180397335547 -43.6318317528638,-3.61147898812899 -43.6316351585022,-3.61165388052103 -43.6311701704117,-3.61185920827671 -43.6307864823914,-3.61175579337239 -43.6303072196043,-3.6115751756656 -43.6299931766093,-3.61131187098073 -43.6299213900889,-3.61103907457046 -43.6301504302567,-3.61089832899756 -43.6303666076453,-3.61069081641556 -43.6304360630325,-3.61053698627277 -43.6303729763522,-3.61004514833602 -43.6302016861379,-3.60985396255473 -43.6300767698787,-3.60965344077365 -43.6295633044865,-3.60959061953032 -43.6292955938231,-3.60934619732591 -43.6292063466408,-3.60907147524473 -43.6294215421559,-3.60861786404005 -43.6296669220137,-3.60868606804008 -43.6298399016516,-3.60853058564452 -43.6299064986917,-3.60818148322249 -43.6298762674063,-3.60787094426336 -43.6294937161659,-3.60743062846335 -43.6289135614676,-3.60699851541294 -43.6286834419408,-3.60707938564656 -43.6285603541989,-3.6072807982964 -43.6284121901595,-3.60757623434866 -43.6280530816787,-3.60759151833673 -43.6278077470075,-3.60725352078051 -43.6281325228285,-3.6064813524731 -43.6280222923033,-3.60579254776208 -43.6277373304277,-3.60522720555569 -43.6267901988468,-3.60423713268856 -43.6263313610708,-3.60364593172703 -43.6259470842555,-3.60351791473645 -43.6246891902965,-3.60374193642634 -43.6242406531775,-3.60360568144015 -43.6232702201126,-3.60368877377293 -43.6228117911293,-3.60360595523453 -43.6226376695845,-3.6035746729447 -43.6224568807848,-3.60358470479235 -43.6221594861847,-3.60392640058738 -43.6221510053109,-3.60411857997329 -43.6223472930315,-3.60474492754622 -43.6221931470413,-3.6057781806818 -43.6220076984013,-3.60674773314788 -43.6214480219918,-3.60808218821304 -43.6202830797829,-3.60928204513297 -43.6200853470693,-3.60923276607494 -43.6200389347795,-3.60927689513586 -43.6198108572198,-3.60927654759814 -43.6195868068512,-3.60923367425024 -43.6193632358285,-3.6091883453434 -43.6193570255763,-3.6090512530126 -43.6193017910972,-3.60881231554129 -43.6184020806214,-3.60848562846628 -43.6182743010802,-3.60857370620484 -43.6183909424582,-3.60900584116257 -43.618171132581,-3.60930423770325 -43.6179148194139,-3.60955112068271 -43.6175857986408,-3.60949309660384 -43.617203533062,-3.6101186514409 -43.6170495779782,-3.61133552645218 -43.6170162109294,-3.61160846737272 -43.6167220138931,-3.61280018996567 -43.6167350662853,-3.61345420468321 -43.6163029805354,-3.61428200342706 -43.6158618411833,-3.61502449988969 -43.6157144764612,-3.61562020425669 -43.6157665922997,-3.61645453171522 -43.615647657265,-3.61658603479835 -43.6155029399858,-3.61703830019083 -43.615808254967,-3.61753322058527 -43.6158013988486,-3.61819534440871 -43.6157397197379,-3.61856154466683 -43.6163598280105,-3.61906020342809 -43.6164303008643,-3.61954300660034 -43.6159617486323,-3.62019510737711 -43.6154716981644,-3.62053957757197 -43.6151295196458,-3.6203707381475 -43.6149253669789,-3.62012586682278 -43.6146755242076,-3.62015098851924 -43.6142212072598,-3.62037974552959 -43.6140017785973,-3.62035390378588 -43.6133593760142,-3.62007272489295 -43.6132162112106,-3.62015399422958 -43.6132557702269,-3.62054160345841 -43.6131532538243,-3.62082688425527 -43.6130664426008,-3.62085138336911 -43.6152876989495,-3.62628564166223</coordinates></LinearRing></outerBoundaryIs></Polygon><Polygon><outerBoundaryIs><LinearRing><coordinates>-43.6160041230346,-3.62649188671772 -43.6157394176642,-3.62672855183809 -43.6155749060925,-3.6268980019689 -43.6176994305262,-3.63136539695712 -43.637148868729,-3.62482737463824 -43.6344050755172,-3.61783031049604 -43.6207621049827,-3.62388929108131 -43.6180013577683,-3.62511066117839 -43.61758207995,-3.62532271132783 -43.6173054704418,-3.62548621826302 -43.6170574768173,-3.62564314749718 -43.6166844357528,-3.62591080623857 -43.6164518750851,-3.62608877461771 -43.6162468162425,-3.62628559821191 -43.6162364804188,-3.62629492321667 -43.6160041230346,-3.62649188671772</coordinates></LinearRing></outerBoundaryIs></Polygon></MultiGeometry>
  </Placemark>
  <Placemark id="recortado.28">
	<name>TQ Penteado</name>
	<Style><LineStyle><color>ff0000ff</color></LineStyle><PolyStyle><fill>0</fill></PolyStyle></Style>
	<ExtendedData><SchemaData schemaUrl="#recortado">
		<SimpleData name="cd_sr">SR_12</SimpleData>
		<SimpleData name="nr_process">54230.006877-2009-76</SimpleData>
		<SimpleData name="nm_municip">VARGEM GRANDE</SimpleData>
		<SimpleData name="cd_uf">MA</SimpleData>
		<SimpleData name="dt_publica">20/01/2024</SimpleData>
		<SimpleData name="dt_public1">05/02/2024</SimpleData>
		<SimpleData name="nr_familia">48</SimpleData>
		<SimpleData name="nr_area_ha">1550.267299999999977</SimpleData>
		<SimpleData name="area_calc_">1551.0160</SimpleData>
		<SimpleData name="perimetro_">206142.2718</SimpleData>
		<SimpleData name="esfera">FEDERAL</SimpleData>
		<SimpleData name="fase">RTID</SimpleData>
		<SimpleData name="responsave">INCRA</SimpleData>
	</SchemaData></ExtendedData>
      <MultiGeometry><Polygon><outerBoundaryIs><LinearRing><coordinates>-43.9905622813057,-3.57538129236681 -44.0066367507319,-3.51863047354831 -44.0006881362878,-3.52531783478805 -43.9943405030007,-3.51308514834317 -43.9882010789389,-3.51562847932072 -43.9871806912757,-3.52590579012845 -43.9866079292882,-3.52567299920615 -43.9864031406233,-3.52557525335203 -43.9861228529403,-3.52548826068674 -43.9859612821645,-3.52531471158817 -43.9858104718712,-3.52516284579729 -43.9851424691203,-3.52460949052612 -43.9849916355882,-3.52447929619056 -43.9848085326657,-3.52427321611878 -43.9847007995321,-3.5241755762509 -43.9844960114701,-3.52407783012525 -43.9841400728155,-3.52414245499033 -43.9838272579218,-3.5242179627192 -43.9832988947687,-3.52417404064031 -43.9830185374241,-3.52415206175796 -43.982501205579,-3.5238806002917 -43.9822425574537,-3.52372861585673 -43.9818977326982,-3.52348985070379 -43.9817253792906,-3.52331628935369 -43.9814666961376,-3.52319681202668 -43.9813912680106,-3.52314255041486 -43.9813379260326,-3.52261153958167 -43.9813705132134,-3.52239486013823 -43.9814247151828,-3.52213486136721 -43.9813926227638,-3.52189643940318 -43.9813065640052,-3.52170130125823 -43.9812096389752,-3.52158200151193 -43.9810589950274,-3.52127843487643 -43.9808435185431,-3.52109399042579 -43.9806171993932,-3.52096371283692 -43.9803477332015,-3.52084422358215 -43.9802183979479,-3.52077906698314 -43.9800566404872,-3.52077888929495 -43.9795820812094,-3.52084338236693 -43.9793448605644,-3.52082145009782 -43.9790646462549,-3.5206694414532 -43.9785037692829,-3.52077718205503 -43.9782770963652,-3.52097197614516 -43.9777055654219,-3.52096051122231 -43.9774250559608,-3.52107939551992 -43.9772848071228,-3.52113341976185 -43.9770692252322,-3.52104649626395 -43.9768860658222,-3.52089459398275 -43.9767568373969,-3.5207319153764 -43.9763310126616,-3.52060683491324 -43.9760021536398,-3.52056312930469 -43.9758673322889,-3.52058465208943 -43.9757378258874,-3.5206766130406 -43.9756352493986,-3.52079569303378 -43.9755866038087,-3.52090399677661 -43.975537990773,-3.5209825022602 -43.9754706925849,-3.52089032419319 -43.9754709235251,-3.52067902749271 -43.9754737216204,-3.52058557231128 -43.9754063331544,-3.52057601667556 -43.9752229313543,-3.52064624658334 -43.9750071307046,-3.52075978363817 -43.9747806098999,-3.52081506669223 -43.9747480688317,-3.52098840257889 -43.9746399343388,-3.5212591766139 -43.9744997328567,-3.5212698574806 -43.9744296202599,-3.52128603363021 -43.9744349113848,-3.52137814324602 -43.9744564019515,-3.52144859928412 -43.9744617227185,-3.52151361958897 -43.9746935215105,-3.52156263648134 -43.9747419657269,-3.52163854016188 -43.9748228088351,-3.52167113667169 -43.9748443053606,-3.52173617484796 -43.9748441986773,-3.52183369638072 -43.9748333318735,-3.52190953455038 -43.9747955114273,-3.52197992507688 -43.9747307017666,-3.52207737513152 -43.9747090629738,-3.52214236565712 -43.9747574953519,-3.52222910507054 -43.9748976021516,-3.52230511001387 -43.9750808739387,-3.52235407326732 -43.9751295848885,-3.52218617309654 -43.9752859800517,-3.52215925644265 -43.9753452081732,-3.52223517202097 -43.9753451489256,-3.52228935065824 -43.9753558438853,-3.52237063052093 -43.97527483478,-3.52248973421546 -43.975226224565,-3.52256553071656 -43.9751938256518,-3.52260883789663 -43.9751398886973,-3.52262503193769 -43.9749995032365,-3.52280366657704 -43.974929271951,-3.52292819999173 -43.9749237911063,-3.52300946197884 -43.9749668493941,-3.52307994185261 -43.9749128116214,-3.52318823954035 -43.975004373487,-3.52328044448237 -43.9751174674898,-3.52340518042583 -43.9751119925744,-3.52348102455403 -43.9751874320669,-3.52352445085105 -43.9752035070629,-3.52361657239658 -43.9752196057712,-3.52368702248918 -43.9752411141883,-3.52374122494838 -43.9752841725219,-3.5238117048232 -43.9753272604989,-3.52385509538025 -43.9754189054428,-3.52387145021986 -43.9754835907655,-3.52388777527565 -43.9755159363914,-3.52389322887019 -43.9756021479393,-3.52394750278642 -43.9756937217965,-3.52402887197233 -43.9757097968391,-3.52412099352523 -43.975715093953,-3.52420768530569 -43.9756664421531,-3.52432140685969 -43.9756232356077,-3.52438637358716 -43.9755800112744,-3.52446759390238 -43.975525997146,-3.52455422016493 -43.9755043582958,-3.52461921070504 -43.9754934855174,-3.52470046674785 -43.9755688776969,-3.5247872359573 -43.9756335393743,-3.52482523247734 -43.9757467106599,-3.5248795361859 -43.9758651790724,-3.52502053166798 -43.9759189620959,-3.52514520209613 -43.9759458387958,-3.52522108197151 -43.9759726680883,-3.52534030476277 -43.9759887668503,-3.52541075486509 -43.9761985960603,-3.52582816266916 -43.9762306632454,-3.52608825590521 -43.9761440366059,-3.52641323250539 -43.9759821242459,-3.52655391829464 -43.97581498592,-3.52654289789039 -43.975707081868,-3.52660237523108 -43.9756799620441,-3.52674862776045 -43.9757336323951,-3.52697623762976 -43.975894987478,-3.52734483114315 -43.9759837381504,-3.52754268150043 -43.9760588785199,-3.52785970997809 -43.9762581731302,-3.52804955568531 -43.9764628360612,-3.52826107878917 -43.9765812633927,-3.52843999938232 -43.9766188055167,-3.52862424849273 -43.9766024162316,-3.52881927376697 -43.9765375645385,-3.52895464890508 -43.9764996903962,-3.52907380022889 -43.9765373155066,-3.5291821992336 -43.9767475307221,-3.52924744595593 -43.9768552513342,-3.52935592239721 -43.9770707163416,-3.52955120380009 -43.977086607719,-3.52981127922625 -43.9771727605759,-3.52991973183529 -43.9771779747232,-3.53008227376918 -43.9772048397071,-3.53016898940341 -43.9772370492404,-3.53029905392202 -43.9772208022146,-3.53036405044616 -43.9771505703166,-3.5304885839297 -43.9770479925248,-3.53060766379231 -43.9769077954628,-3.53061292675361 -43.976719130017,-3.53056395740913 -43.9765897880836,-3.53050421786356 -43.9764873466752,-3.53049868675438 -43.9764710580677,-3.53060160830157 -43.9764763254538,-3.53071538942053 -43.976411473534,-3.53085076450056 -43.9764868483523,-3.53095378738796 -43.9764974543017,-3.53111633525051 -43.9764865576341,-3.5312192627555 -43.9764648710876,-3.53132759619995 -43.9765186661871,-3.53144143097681 -43.9765077101704,-3.5315985371271 -43.9765561489114,-3.53167985875663 -43.9766153775383,-3.53175577444501 -43.9766422306016,-3.53185332582094 -43.9766421415994,-3.53193459379315 -43.9766150689888,-3.53203750341291 -43.9763721868018,-3.53225936751153 -43.9763235106245,-3.53239476043833 -43.9762801848479,-3.53256808437207 -43.9762099763438,-3.53267094623743 -43.9761829689578,-3.53271425931953 -43.9761935925979,-3.53286055357807 -43.9761556527933,-3.53303930132125 -43.9761393877796,-3.53312055137816 -43.9761986223606,-3.53319104924381 -43.9762847752886,-3.53329950198871 -43.9763331665496,-3.53342416655993 -43.9763869676153,-3.53353258350579 -43.9764246105542,-3.53362472896078 -43.9764837976832,-3.53373856973768 -43.9765969046703,-3.53385247017171 -43.9768178395261,-3.53397732562457 -43.977076470882,-3.53414556570684 -43.9772003085651,-3.5343082388177 -43.9771300346716,-3.5344706972593 -43.9769358637054,-3.53452466120396 -43.9767794069658,-3.53460575618553 -43.9767846089594,-3.5347791338226 -43.9768114501624,-3.53488752094738 -43.9767735340263,-3.53504459726003 -43.9767518235406,-3.53517460214469 -43.9768323174476,-3.53552685285179 -43.9769723905593,-3.53563536528177 -43.9771610569809,-3.5356843348723 -43.9771771142326,-3.53579271007364 -43.977085355286,-3.53587929449852 -43.976977539096,-3.5358575037104 -43.9768266047589,-3.53581941157782 -43.976718699495,-3.53587888873049 -43.9766214831656,-3.53602506363319 -43.9766053012331,-3.53603046359014 -43.9765998082427,-3.53612256131326 -43.9765448520433,-3.53617724984075 -43.9764703052308,-3.53620910386415 -43.9763354933961,-3.53621979032561 -43.9762114655594,-3.53623048871017 -43.9762113585788,-3.53632801025438 -43.976297523579,-3.53642562734841 -43.9764494964446,-3.53660662582823 -43.9764374362593,-3.53668042220432 -43.9763833557865,-3.53682664481312 -43.9763993089147,-3.53702983262132 -43.9763344443935,-3.53717604327386 -43.9763397175125,-3.53728440652001 -43.9764016839522,-3.53732240025184 -43.976514916047,-3.537322525668 -43.9766092642435,-3.53733346589915 -43.9767278140745,-3.5374013205649 -43.9767600383505,-3.53751784047272 -43.9767869330176,-3.53757746683455 -43.9767760271859,-3.53768852111266 -43.9766870144963,-3.53772905656906 -43.9766303984206,-3.53772899386606 -43.9765495539773,-3.53769639710049 -43.9764336466381,-3.53767730616561 -43.9763311687906,-3.5377042819921 -43.9762906782066,-3.53775028902937 -43.9762717229453,-3.53782611820947 -43.9762041801502,-3.53795607225113 -43.976179797186,-3.53806440263066 -43.9761715872662,-3.53817545986538 -43.9761714772489,-3.53827569033589 -43.9762118221718,-3.53836242096443 -43.9763169306929,-3.53839504465956 -43.976397810851,-3.53839513427849 -43.9765029966762,-3.53835732572581 -43.976546165458,-3.53832757526283 -43.9766271912513,-3.53819492719093 -43.9766758084977,-3.53811371298173 -43.9767108625029,-3.53810833393656 -43.9767270296162,-3.53811647864893 -43.976780884337,-3.53817613487455 -43.976807781984,-3.53823305230869 -43.976837360781,-3.53830351738971 -43.9768589020807,-3.53832792166598 -43.9769208507804,-3.53838216898212 -43.9770016418169,-3.53846352651777 -43.9770338809844,-3.53856650177233 -43.9770014011398,-3.53868295003584 -43.9768827203857,-3.53873428837118 -43.9767720830595,-3.53882626962839 -43.9767611890578,-3.53892648817019 -43.9767961182605,-3.53903488427986 -43.9767852628938,-3.53909988670419 -43.9767204219691,-3.5392244258967 -43.9767257248039,-3.53930569983199 -43.9767687806742,-3.53937888878892 -43.9768037663599,-3.53943581519254 -43.9768198680967,-3.53950355641649 -43.976800918744,-3.53957396774261 -43.9767388748611,-3.53960640622403 -43.9766552837142,-3.53961985827672 -43.9766040595424,-3.53961980151354 -43.9765609531331,-3.53959266439191 -43.9765205367883,-3.5395709481205 -43.9764315803942,-3.53956001379126 -43.9763830522379,-3.53955996000484 -43.9762913730737,-3.53957340305963 -43.9762293053874,-3.53962751295452 -43.9762238449565,-3.5396898124038 -43.9762939054967,-3.53972239728926 -43.976404474584,-3.53969272156611 -43.9764933804353,-3.5397497077425 -43.9765229651682,-3.53981475497477 -43.9765525499042,-3.5398798022072 -43.9765794475545,-3.53993671965619 -43.9765173590316,-3.54000979209063 -43.9764310896845,-3.5400069875327 -43.9763069869644,-3.54008540907375 -43.9762098056541,-3.54019907659471 -43.9761639467021,-3.54022340615997 -43.9761100145935,-3.54023418209619 -43.9760587784948,-3.54024496101861 -43.976021019472,-3.54025846381858 -43.9759940593684,-3.54025843391968 -43.9759293699999,-3.54024481750253 -43.9758916437122,-3.54022852205259 -43.9758108586444,-3.54014174654404 -43.9757704750445,-3.54009023199518 -43.9757382092395,-3.54001163710566 -43.9757113295041,-3.53993846605974 -43.9756278425133,-3.53985710541864 -43.9755712144211,-3.53986787833715 -43.9755441620555,-3.53995182528953 -43.9755548061851,-3.54007915701076 -43.9756220843798,-3.54019029795815 -43.9756408790554,-3.54026075110244 -43.9756326868387,-3.54035555471646 -43.97561646017,-3.5404015885976 -43.9755786535066,-3.54045843427177 -43.9755543328459,-3.54050987703824 -43.9754409425883,-3.54065332472789 -43.9754703992105,-3.54083485600786 -43.9754271141327,-3.54097025467806 -43.975443147264,-3.54110030131197 -43.9754969662635,-3.54119246480567 -43.975545443869,-3.54123857048923 -43.9756127518831,-3.54132262214886 -43.9756852550378,-3.54138977549091 -43.9757824518515,-3.54145825718154 -43.9759737527313,-3.5415641178822 -43.9760949602608,-3.54166719186544 -43.9761406823784,-3.54176747317033 -43.9760866712925,-3.54185003575959 -43.976059629279,-3.54192450146068 -43.9761390873121,-3.54199231298074 -43.9761834941762,-3.54206279454766 -43.9761860755899,-3.5421670913983 -43.9761469372165,-3.54220903646473 -43.9759081209417,-3.5424078781603 -43.9758756079382,-3.54255412453715 -43.9758324121063,-3.54260825528261 -43.9759293615166,-3.54270588452548 -43.9760047368498,-3.54280890769024 -43.9760046177365,-3.54291726493916 -43.9759289981934,-3.54303637412681 -43.975826483971,-3.54309585689084 -43.9757724682834,-3.54318248282533 -43.9757723848768,-3.54325833289346 -43.9757992318707,-3.543361302203 -43.9759123812781,-3.54343727797807 -43.97605251473,-3.54349161222016 -43.9761602840515,-3.5435567462649 -43.9762356773244,-3.54364351584818 -43.9762355999003,-3.54371394806386 -43.9762354926953,-3.54381146959306 -43.9762947158195,-3.54389280336237 -43.9763539389532,-3.54397413713075 -43.9763430834001,-3.5440391395173 -43.9763268477124,-3.5440933001931 -43.9763268358007,-3.54410413591879 -43.9762944299347,-3.54415286077695 -43.9762135016263,-3.54419611390449 -43.9761271991396,-3.54422310744944 -43.9761216939059,-3.54432604085076 -43.9761755369074,-3.54439653292225 -43.9763048566404,-3.54447794451345 -43.9763802201981,-3.54459180342328 -43.9763585864902,-3.54465137597464 -43.9762776462187,-3.544705464821 -43.9761509778028,-3.54466469017966 -43.9760566199703,-3.54466187648212 -43.9759918647656,-3.54470785646558 -43.9759729032177,-3.54478910344214 -43.9760321203928,-3.54487585510033 -43.9760455141077,-3.54495442907179 -43.9759753489517,-3.54501665664657 -43.9759725516151,-3.54510875730886 -43.9758295431156,-3.54521695584895 -43.975783701757,-3.54522503173241 -43.9757243832563,-3.54523038370808 -43.9755841512311,-3.54526544406145 -43.9754358639244,-3.54527069716639 -43.9752631096217,-3.54546013055098 -43.975101228831,-3.54556830796151 -43.9750903492813,-3.54565498174246 -43.9751172140837,-3.54574169748297 -43.9751548331639,-3.54585551451561 -43.9751708363139,-3.54601265045745 -43.9751221885167,-3.54612095371813 -43.975014222148,-3.54623460888269 -43.9750249227157,-3.54631047091927 -43.9750625954905,-3.54637552721386 -43.9750733020277,-3.54644597139084 -43.9750785926407,-3.54653808101404 -43.975051518981,-3.546640990382 -43.9750864390448,-3.54675751335557 -43.9750728246284,-3.54687940022406 -43.9750700480325,-3.54695253834099 -43.975091550617,-3.54701215879147 -43.9750806531061,-3.54711508614559 -43.9750886934488,-3.54715843802379 -43.9750859287837,-3.54722074041971 -43.9750427176999,-3.54728841569705 -43.9750129927283,-3.54735068810422 -43.9749509541909,-3.54737770843079 -43.9748700822445,-3.5473694916677 -43.9748269248696,-3.54738840618892 -43.9747459902346,-3.54743707694259 -43.9747108672068,-3.54750476119297 -43.9747026149083,-3.54765374333464 -43.9746836352064,-3.54775124380819 -43.974680855572,-3.54782709084271 -43.9747075650691,-3.54805467094888 -43.9747695051277,-3.54811704533991 -43.9748179799619,-3.54816586007943 -43.9748286177877,-3.548298609645 -43.9747799817038,-3.54839607711646 -43.9746935981576,-3.54849621150322 -43.9746180793655,-3.54852321677813 -43.9745021708526,-3.54850412522368 -43.9743943295361,-3.54850400516737 -43.9743457770454,-3.54852562257377 -43.9742890647509,-3.54861224527747 -43.9742943731618,-3.54868810130536 -43.9742538818687,-3.54873410807391 -43.9741621599587,-3.54878547565239 -43.9741270547456,-3.54883690627571 -43.9741215849805,-3.5489073324314 -43.9741107231451,-3.5489777525811 -43.9740729069419,-3.54904272484243 -43.9740081453342,-3.54909412242313 -43.9739217825639,-3.54917529418933 -43.9738839274756,-3.54927548251399 -43.9737948596723,-3.54936477804301 -43.9737031287077,-3.54942427233618 -43.9736114037136,-3.54947834875915 -43.9736813421426,-3.54962200010735 -43.9736893525013,-3.5496924412713 -43.97365691634,-3.54976825522214 -43.9736352732883,-3.5498359544035 -43.9735624145162,-3.5498954697001 -43.9735030837741,-3.54991165715641 -43.9734490942521,-3.54997390240607 -43.9734463623203,-3.550006406544 -43.973467876769,-3.55005519130419 -43.9735675194556,-3.55015553286828 -43.9735620316655,-3.55024221257633 -43.973508051095,-3.55029633103859 -43.973437945151,-3.55030437967417 -43.9733595775663,-3.55046953714043 -43.9733972682407,-3.55051833994122 -43.9734025615836,-3.55060774059589 -43.9734860669652,-3.55067284807268 -43.9734913782642,-3.55074599515756 -43.9733995932686,-3.55085425008707 -43.9733563878243,-3.55091650733807 -43.9733401367802,-3.55098421251005 -43.9733670492938,-3.55102758543313 -43.973420940158,-3.55105473485107 -43.9734504948566,-3.55114687149407 -43.9734179807897,-3.55129311755538 -43.9734151500855,-3.55141501633195 -43.9733962029854,-3.55148271849597 -43.973366471718,-3.55155040863016 -43.9733933722706,-3.551604617271 -43.9733771451457,-3.55165065101214 -43.973315091304,-3.55169121577067 -43.9733177424483,-3.55173185270431 -43.9733068146083,-3.55186186923772 -43.9732662811869,-3.55194580090218 -43.9732742944758,-3.55201353313457 -43.9732741986825,-3.55210021884202 -43.973306377565,-3.55225737278199 -43.9732955185518,-3.55232508395932 -43.9733223831849,-3.55241179974722 -43.9733465577647,-3.55249309467088 -43.9733815314904,-3.55256085698483 -43.9734434656603,-3.55262864937757 -43.9735242751423,-3.55269375389395 -43.97361050965,-3.55272906620669 -43.9736670846824,-3.55276705436212 -43.9736615100153,-3.55293229299469 -43.9737045898692,-3.5529838107577 -43.9737935294363,-3.55301099928408 -43.9738419954074,-3.55306794091567 -43.9738257203705,-3.5531573175226 -43.9738148912933,-3.55319793942519 -43.9738310047183,-3.55325484497247 -43.973847085222,-3.55334154873647 -43.9738497064441,-3.553409274963 -43.973868482995,-3.553495981735 -43.9739358093469,-3.55356378013651 -43.9739788892389,-3.55361529789894 -43.9740515508418,-3.5537345719605 -43.9742024906198,-3.55376995641712 -43.9743561803175,-3.5537565831332 -43.9744882806929,-3.5537621482819 -43.9745529050857,-3.55383536150951 -43.9745285628729,-3.55390576662111 -43.9745635217643,-3.55398707357539 -43.9745850452852,-3.55402773156113 -43.9745526238922,-3.5540900008671 -43.9745283145752,-3.55413060775401 -43.9745147296188,-3.55422540524948 -43.9745119198806,-3.55432834155617 -43.9745118420918,-3.55439877371739 -43.9744955012304,-3.55454774678921 -43.974471102127,-3.55466962154682 -43.9744278426246,-3.55478063953762 -43.9743630117049,-3.55489434239606 -43.9742820822763,-3.55493759504563 -43.9742092589558,-3.55496460313472 -43.9741526119413,-3.55499162926346 -43.973998975931,-3.55495624173417 -43.9739288456642,-3.55498596173515 -43.9739341778846,-3.55504014632688 -43.9739880270577,-3.55510522078499 -43.9740606617781,-3.5552488752359 -43.9740228062667,-3.55534906348559 -43.9739580201618,-3.55542213235696 -43.9738851698455,-3.55547352076439 -43.9738150245593,-3.55551678538702 -43.9737340950564,-3.55556003796458 -43.9736423693543,-3.55561411420761 -43.9735911113984,-3.55564385523304 -43.9735425944297,-3.5556329653391 -43.9735318192058,-3.55562482651361 -43.9734994995272,-3.55559499217998 -43.9734698998706,-3.55554348942945 -43.973445710297,-3.55547573912961 -43.9734107305255,-3.55541339464552 -43.9733864960173,-3.55538627827005 -43.9733595774428,-3.55534832317103 -43.9732249246737,-3.55521272623575 -43.9731817369122,-3.55525872984177 -43.9731278068939,-3.5552667964078 -43.9730685177381,-3.55524505874011 -43.9730118976643,-3.55524770443225 -43.9729606487135,-3.55526931863904 -43.9729363422905,-3.5553072165257 -43.9728337724355,-3.55541545919121 -43.9727312715109,-3.55546139650114 -43.97265575808,-3.55548298357417 -43.9725478350544,-3.55555600410896 -43.9725019601921,-3.5555938778728 -43.9724453011187,-3.55563173958005 -43.9723913230973,-3.55568314893294 -43.9723346520172,-3.55573184633978 -43.9723183947192,-3.55580496929513 -43.9722966643214,-3.5559512272585 -43.9722399782182,-3.55601346928922 -43.9722237659018,-3.55604595833048 -43.9722452323267,-3.55613808597092 -43.9722532214861,-3.55622748961284 -43.9721291430208,-3.55628152948623 -43.9720455083494,-3.55633290563846 -43.9720373301647,-3.55641416440467 -43.9720345770946,-3.55646563100333 -43.9720315539298,-3.55676090103438 -43.9719344179199,-3.55683122457267 -43.9718749035955,-3.55701265632365 -43.9718073611137,-3.55713990047774 -43.9717290584053,-3.55724546114014 -43.9716777883032,-3.55728603772046 -43.9715968705884,-3.55731845432773 -43.9715456004777,-3.55735903089775 -43.9714349270228,-3.55748080886889 -43.9713405169894,-3.55752404606219 -43.9712784085588,-3.55761337121168 -43.9712336998056,-3.55781513641506 -43.9711095639905,-3.55792064566688 -43.9710717470681,-3.55798561762505 -43.9710554715556,-3.55807499407065 -43.9711066185248,-3.55814548351867 -43.9711469662431,-3.55822950551976 -43.9711604014606,-3.55827015450907 -43.9711845728342,-3.55835415839489 -43.971227649677,-3.55840838522754 -43.9712357017953,-3.55844090140008 -43.9712194533221,-3.55850589751401 -43.9712247943556,-3.55855195529851 -43.9712544239641,-3.55857636884721 -43.9713622903804,-3.55855481820164 -43.9714027312726,-3.55855486348505 -43.9714431391171,-3.55858470695723 -43.9714673826234,-3.5586036966106 -43.9714700366221,-3.55864162459934 -43.9714564962344,-3.55869578803402 -43.9714564721986,-3.55871745944534 -43.9714645333385,-3.55874184883956 -43.9714564030951,-3.55877976475286 -43.9714078409603,-3.55880950860202 -43.9713754702088,-3.55882572593104 -43.9713511004944,-3.55892051117948 -43.9713807150919,-3.55895846936 -43.9714076186065,-3.55900996915281 -43.9714372392182,-3.55904250948012 -43.9714722309209,-3.55909401833012 -43.9714910312355,-3.55915905369762 -43.9714774968423,-3.55920779927739 -43.9713910455729,-3.55936752931317 -43.9712614422437,-3.55954075564241 -43.9712828784896,-3.55965997255626 -43.9713340676119,-3.55969253705221 -43.9715011303454,-3.5597767009952 -43.9715307149157,-3.55984174844405 -43.971482131679,-3.55989045476555 -43.9714605150838,-3.55993377342899 -43.9714631239873,-3.56001233531287 -43.9714765441956,-3.5600665289393 -43.9714414021877,-3.56015046639588 -43.9714413270436,-3.56021818955379 -43.9714681915035,-3.56030490539739 -43.9714869677715,-3.5603916121811 -43.9715192844819,-3.56042415553867 -43.9716324350631,-3.56050013231585 -43.9717778933764,-3.56061677921691 -43.9717642838223,-3.56073324796164 -43.971761494591,-3.56081722166519 -43.9717560303285,-3.56088222986289 -43.9717721195708,-3.56096080685145 -43.9717585821321,-3.56101226135666 -43.9717289223901,-3.56101493706411 -43.9716615567873,-3.56098235444514 -43.9715753638139,-3.5609091167845 -43.9715322327625,-3.56090365060565 -43.9714863815959,-3.56091985281478 -43.9714053943749,-3.56101457461183 -43.9714294755742,-3.56117984630106 -43.9712865118481,-3.56124470040497 -43.9711867302957,-3.56126896894004 -43.9711380657435,-3.56139081621644 -43.9711379694969,-3.5614775018479 -43.9710812768757,-3.56154516153052 -43.971021945333,-3.56156134859302 -43.9709410422377,-3.5615802203951 -43.9708466527842,-3.56160449492539 -43.9707765249305,-3.56163150558001 -43.9707198533406,-3.56168020275039 -43.9706685919373,-3.56171265240949 -43.9705202540217,-3.56176124675374 -43.9704689655195,-3.56181807672676 -43.9704554219674,-3.56187494903783 -43.9704984657518,-3.56195897411535 -43.9705792695566,-3.56202949690528 -43.9706304798177,-3.56204309899119 -43.9707112384982,-3.56215425565811 -43.970756975375,-3.56224099268311 -43.9708539586535,-3.56230882467899 -43.9709401907665,-3.56234684639167 -43.9710129274926,-3.56239839761133 -43.971328280507,-3.56247731013226 -43.9715115652095,-3.56252085845537 -43.9716894517823,-3.56256981855683 -43.9717514133154,-3.56261323086982 -43.9718079646705,-3.56267289069694 -43.9718483185535,-3.56275149488198 -43.9718536174879,-3.56283547764607 -43.9718534851865,-3.56295467041242 -43.9717967323403,-3.56307650865506 -43.9716780479878,-3.56312784530164 -43.9715431871873,-3.56317916379507 -43.9714784212701,-3.56323326978003 -43.971572398795,-3.56358011812381 -43.9719171955835,-3.56385139760231 -43.971895422463,-3.56403558042836 -43.971981552532,-3.56416570560352 -43.9721107717339,-3.5643392219504 -43.9722197899451,-3.564495107608 -43.9723113423181,-3.56459814955167 -43.9723651917119,-3.56466322422001 -43.9723866430703,-3.56476889653659 -43.9723542089404,-3.56484200130577 -43.9723136174011,-3.56497740232353 -43.9723701658959,-3.56503977109233 -43.9723943704666,-3.56509397682221 -43.9723969853528,-3.56516712086836 -43.9723241069969,-3.56524288923428 -43.9723239746664,-3.56536208201205 -43.9722969416815,-3.56542706603452 -43.9721077979005,-3.56580339526577 -43.9724527038235,-3.56597715345027 -43.9725604027476,-3.5661073028178 -43.972571030686,-3.56624817910529 -43.9726248079847,-3.56637826803637 -43.9727971287796,-3.56658433987951 -43.9729156001201,-3.56672533703349 -43.9730988015899,-3.56684473526705 -43.9731634715557,-3.56687731489432 -43.9734329358176,-3.56700764545095 -43.9735515996603,-3.56697527119172 -43.9738753823369,-3.56674808354032 -43.9740588603253,-3.56661826022816 -43.9742961398565,-3.5665968543416 -43.9742960197413,-3.56670521147643 -43.9742203491504,-3.56686766268881 -43.974112229368,-3.56711676337276 -43.9741767552285,-3.56727937149952 -43.9743600531279,-3.56731208385026 -43.9746083453914,-3.56708481142883 -43.9747268771591,-3.5671716298717 -43.9747375054002,-3.56731250623006 -43.9748559531546,-3.56747517467416 -43.9748881621245,-3.56760523945188 -43.9748771376034,-3.56782194169107 -43.9748768253657,-3.56810367028506 -43.9752326492702,-3.56815824700222 -43.9754160554637,-3.56809343774984 -43.9755348154739,-3.56797437751568 -43.9756535514541,-3.56787698869264 -43.9760419324125,-3.56774739402898 -43.9761277994909,-3.56811590490032 -43.9760736857297,-3.56828921614487 -43.9760842421644,-3.56849510686222 -43.9761055109788,-3.56876602394931 -43.9761808096398,-3.56893947983837 -43.9765152452174,-3.56883149625489 -43.9767739383378,-3.56895097835308 -43.9769894940236,-3.56907041221744 -43.9770539245815,-3.56931970609859 -43.9770645171501,-3.56949308969994 -43.9770964746704,-3.56985070467262 -43.9771070072744,-3.5700782668868 -43.9771821982733,-3.57034924427584 -43.9772466168873,-3.57060937389996 -43.9773111674103,-3.57075031057818 -43.9773758138647,-3.57080456147327 -43.9774620051535,-3.57088050790403 -43.9775912501577,-3.57103235257525 -43.9777529682833,-3.57107587612863 -43.9778608123389,-3.57107599655193 -43.9780332789562,-3.57115203927883 -43.9783459549048,-3.57121740274019 -43.9786694033618,-3.57129361386764 -43.9788417863047,-3.57144550656745 -43.9790574386637,-3.57147825435531 -43.9792946359447,-3.57153269760819 -43.979456330382,-3.57159789236823 -43.9796071805992,-3.57171725373488 -43.9796501866496,-3.57183649486221 -43.9797147136879,-3.57199910295891 -43.9797253664836,-3.57211830801911 -43.9798760732321,-3.57236769814799 -43.9800484565883,-3.57251959073185 -43.9802641691179,-3.57249815965719 -43.9805876422603,-3.57255269881226 -43.9808787263076,-3.57263970903391 -43.9811805709674,-3.57274840265759 -43.9813853438262,-3.57286782388773 -43.9816333620297,-3.57288977147036 -43.9820056342013,-3.57270056009124 -43.9821567834994,-3.57254902771253 -43.9824372743713,-3.57246265364841 -43.9825559031845,-3.57246278555749 -43.9827177413487,-3.57239795096453 -43.9832785798528,-3.57235523124574 -43.9834133257228,-3.57240955972816 -43.9835480894972,-3.57244763457997 -43.9837745091247,-3.57249664696633 -43.9843512683491,-3.57268691310103 -43.9846100236075,-3.5727522148417 -43.9849118929052,-3.5728392358745 -43.9853430566807,-3.57303475784429 -43.9858390226159,-3.57314366538551 -43.9862703295564,-3.57320915798388 -43.9866368347339,-3.57336126475439 -43.9869169454801,-3.57362163341699 -43.9875338015446,-3.57427094946749 -43.9882749811618,-3.57435996890794 -43.9893314807146,-3.57470788183398 -43.9900947814934,-3.57520438776033 -43.9905622813057,-3.57538129236681</coordinates></LinearRing></outerBoundaryIs></Polygon></MultiGeometry>
  </Placemark>
  <Placemark id="recortado.29">
	<name>JENIPAPO</name>
	<Style><LineStyle><color>ff0000ff</color></LineStyle><PolyStyle><fill>0</fill></PolyStyle></Style>
	<ExtendedData><SchemaData schemaUrl="#recortado">
		<SimpleData name="cd_sr">SR-12</SimpleData>
		<SimpleData name="nr_process">2821/97</SimpleData>
		<SimpleData name="nm_municip">CAXIAS</SimpleData>
		<SimpleData name="cd_uf">MA</SimpleData>
		<SimpleData name="nr_familia">74</SimpleData>
		<SimpleData name="dt_titulac">01/11/2002</SimpleData>
		<SimpleData name="nr_area_ha">558.524199999999951</SimpleData>
		<SimpleData name="area_calc_">599.7963</SimpleData>
		<SimpleData name="perimetro_">116324.7275</SimpleData>
		<SimpleData name="esfera">ESTADUAL</SimpleData>
		<SimpleData name="fase">TITULADO</SimpleData>
		<SimpleData name="responsave">ITERMA</SimpleData>
	</SchemaData></ExtendedData>
      <MultiGeometry><Polygon><outerBoundaryIs><LinearRing><coordinates>-43.3363888888889,-5.20388888888887 -43.3338233728245,-5.19482542079861 -43.3313445237085,-5.19079487256733 -43.3286823876767,-5.19129422915468 -43.3251370602108,-5.18469828488557 -43.3295868791236,-5.18006208966121 -43.3346897259513,-5.17737186633396 -43.3273501238681,-5.16973838488661 -43.3074727396839,-5.17606970124548 -43.318063870503,-5.19584650639806 -43.3229671188088,-5.19376162663371 -43.3241601409517,-5.19625151411466 -43.3290068690388,-5.2053252233555 -43.3363888888889,-5.20388888888887</coordinates></LinearRing></outerBoundaryIs></Polygon></MultiGeometry>
  </Placemark>
  <Placemark id="recortado.30">
	<name>OLHO DAGUA DO RAPOSO</name>
	<Style><LineStyle><color>ff0000ff</color></LineStyle><PolyStyle><fill>0</fill></PolyStyle></Style>
	<ExtendedData><SchemaData schemaUrl="#recortado">
		<SimpleData name="cd_sr">SR-12</SimpleData>
		<SimpleData name="nr_process">1684/05</SimpleData>
		<SimpleData name="nm_municip">CAXIAS</SimpleData>
		<SimpleData name="cd_uf">MA</SimpleData>
		<SimpleData name="nr_familia">72</SimpleData>
		<SimpleData name="dt_titulac">27/12/2005</SimpleData>
		<SimpleData name="nr_area_ha">187.333300000000008</SimpleData>
		<SimpleData name="area_calc_">237.8213</SimpleData>
		<SimpleData name="perimetro_">76133.4509</SimpleData>
		<SimpleData name="esfera">ESTADUAL</SimpleData>
		<SimpleData name="fase">TITULADO</SimpleData>
		<SimpleData name="responsave">ITERMA</SimpleData>
	</SchemaData></ExtendedData>
      <MultiGeometry><Polygon><outerBoundaryIs><LinearRing><coordinates>-43.419183077,-5.14600354499994 -43.4222604619999,-5.15673113899993 -43.4346453429999,-5.15855714099996 -43.4502457109999,-5.1597723289999 -43.4503268399999,-5.15931472399995 -43.4503815049999,-5.15881833199995 -43.4504140329999,-5.15851840799991 -43.4502672809999,-5.15805124199995 -43.4501506909999,-5.15758051799992 -43.4498881419999,-5.15690060999993 -43.4498661409999,-5.15642016999993 -43.4497075239999,-5.15600201699993 -43.4493026779999,-5.15572033899991 -43.4489739989999,-5.15529530199996 -43.4487203759999,-5.15511918499994 -43.4484399539999,-5.15483654899993 -43.4482045659999,-5.15437366399993 -43.4427583259999,-5.15373240099996 -43.4420092749999,-5.15374329099995 -43.4409199599999,-5.15380188299992 -43.4396956869999,-5.15344200899995 -43.4382040369999,-5.15373553199994 -43.419183077,-5.14600354499994</coordinates></LinearRing></outerBoundaryIs></Polygon></MultiGeometry>
  </Placemark>
  <Placemark id="recortado.31">
	<name>CAMPO REDONDO</name>
	<Style><LineStyle><color>ff0000ff</color></LineStyle><PolyStyle><fill>0</fill></PolyStyle></Style>
	<ExtendedData><SchemaData schemaUrl="#recortado">
		<SimpleData name="cd_sr">SR-12</SimpleData>
		<SimpleData name="nr_process">1684/08</SimpleData>
		<SimpleData name="nm_municip">BACABAL</SimpleData>
		<SimpleData name="cd_uf">MA</SimpleData>
		<SimpleData name="nr_familia">38</SimpleData>
		<SimpleData name="nr_area_ha">128.636300000000006</SimpleData>
		<SimpleData name="dt_decreto">14/11/2008</SimpleData>
		<SimpleData name="area_calc_">1517.3134</SimpleData>
		<SimpleData name="perimetro_">174556.0411</SimpleData>
		<SimpleData name="esfera">ESTADUAL</SimpleData>
		<SimpleData name="fase">TITULADO</SimpleData>
		<SimpleData name="responsave">ITERMA</SimpleData>
	</SchemaData></ExtendedData>
      <MultiGeometry><Polygon><outerBoundaryIs><LinearRing><coordinates>-44.6142037429999,-3.88107250499991 -44.6141545279999,-3.88113748599994 -44.6141054359999,-3.88120230799996 -44.6140741159999,-3.88128759599993 -44.6140259539999,-3.88137368899992 -44.613994874,-3.88145840499993 -44.613964591,-3.88155974999995 -44.6139498429999,-3.88161968799994 -44.6139190029999,-3.88170087499993 -44.613854596,-3.88178267099994 -44.613840782,-3.88186297799996 -44.6137926759999,-3.8819240059999 -44.6137485629999,-3.88208268499994 -44.6137341689999,-3.88214173999994 -44.6136887709999,-3.88225976899991 -44.6136586179999,-3.88233858799993 -44.6136443959999,-3.88239764199994 -44.613631848,-3.88249559599995 -44.6136343079999,-3.88255402399994 -44.6136375809999,-3.88263172999996 -44.6136408439999,-3.88270920799993 -44.613645721,-3.88282500299994 -44.6136497679999,-3.88292111199991 -44.6136529859999,-3.88299746399992 -44.6136577409999,-3.88311015099993 -44.6136626079999,-3.8832259419999 -44.6136657739999,-3.88330104099992 -44.6136697199999,-3.88339462399995 -44.6136736519999,-3.88348788499992 -44.6136597079999,-3.88354426599995 -44.613663647,-3.88363701899993 -44.6136675719999,-3.88372945299995 -44.6136382619999,-3.88380432799995 -44.6136260259999,-3.88389677499992 -44.6136299969999,-3.88398833099996 -44.6136178159999,-3.88408015399995 -44.6136056729999,-3.88417159599993 -44.6136088109999,-3.88424304599994 -44.6135806549999,-3.88433457899992 -44.613550937,-3.88438928099992 -44.6135052269999,-3.88444427499991 -44.6134437939999,-3.88450304399993 -44.6133984209999,-3.88455981499993 -44.6133370969999,-3.88461616499995 -44.6132758939999,-3.88467240299991 -44.613214813,-3.88472852799993 -44.613153855,-3.88478454099992 -44.6130930179999,-3.88484044099994 -44.6130491999999,-3.88491343899995 -44.6130203869999,-3.88496791199992 -44.6129936429999,-3.88505767099991 -44.612951156,-3.88514770999995 -44.6129383879999,-3.88520111799995 -44.6128940409999,-3.88525558799996 -44.6128329399999,-3.88529300899995 -44.6127539679999,-3.88529593499993 -44.612143241,-3.88582064299992 -44.6120564489999,-3.88590497999991 -44.6119698459999,-3.88598913599992 -44.6119076909999,-3.88609929899991 -44.6118458169999,-3.88621006199992 -44.6117825709999,-3.88629377799992 -44.6117210749999,-3.88640413099994 -44.611658099,-3.88648705799994 -44.6116194409999,-3.88659535199992 -44.6115600259999,-3.88673074799993 -44.6115216429999,-3.8868383159999 -44.6115041549999,-3.88691830199992 -44.61144522,-3.88705249299995 -44.6114295519999,-3.88715814799991 -44.6114396219999,-3.8873146109999 -44.6114446399999,-3.88739257999993 -44.6114513139999,-3.88749627299995 -44.6115040789999,-3.88762355699993 -44.6115312039999,-3.88769988999991 -44.6115820719999,-3.88780089199992 -44.611612395,-3.88792913699996 -44.6116442839999,-3.88808307099992 -44.6116540099999,-3.88823728699992 -44.6116636929999,-3.88839078599995 -44.611671725,-3.88851815899994 -44.6116813239999,-3.88867035499992 -44.6116892899999,-3.88879664699994 -44.6116956399999,-3.88889733199995 -44.6117253269999,-3.88902194099994 -44.6117348029999,-3.88917231599993 -44.6117440819999,-3.88932094199992 -44.6117718709999,-3.88941872299994 -44.6117795079999,-3.88954170099994 -44.6118071509999,-3.88963882299993 -44.6118146969999,-3.88976097999995 -44.611822216,-3.88988268199996 -44.6118297049999,-3.89000393199996 -44.6118372409999,-3.89012523499992 -44.6111034599999,-3.89366962699996 -44.6110426359999,-3.89380847199994 -44.6110030689999,-3.89391888799992 -44.6109871259999,-3.89405538699992 -44.6109477989999,-3.89416485599991 -44.610954149,-3.89429932799993 -44.610959207,-3.89440649099992 -44.6109642489999,-3.89451328699993 -44.6109705269999,-3.89464626699992 -44.6109743,-3.89472612799995 -44.6109818229999,-3.89488529199992 -44.6109880629999,-3.89501729899997 -44.6109955139999,-3.89517495299992 -44.6109992249999,-3.89525347399996 -44.6110271209999,-3.89538305799993 -44.6110331809999,-3.89551238199993 -44.6110608709999,-3.89564061599992 -44.6110884419999,-3.89576830199991 -44.6111147309999,-3.89586995099995 -44.6111420829999,-3.89599666499993 -44.6111693199999,-3.89612283899993 -44.611216753,-3.89622272499992 -44.6112426219999,-3.89632282699995 -44.6113122069999,-3.89644649599995 -44.6114027789999,-3.89656851599995 -44.6114686799999,-3.89661578599992 -44.6115354489999,-3.89668778099992 -44.6116242119999,-3.89678349499991 -44.6116905889999,-3.89685506999995 -44.6117991199999,-3.8969248109999 -44.6118651109999,-3.89699602799993 -44.6119090129999,-3.89704340699995 -44.6119762909999,-3.89716492699995 -44.612000442,-3.89726415899991 -44.6120027489999,-3.89733878499993 -44.6120058259999,-3.89743707599997 -44.6120096879999,-3.89755705299996 -44.612014304,-3.89770029299995 -44.6119965299999,-3.89779614799994 -44.6119595779999,-3.89793973799994 -44.6119203999999,-3.89801202099995 -44.6119028609999,-3.89810690899992 -44.6118646739999,-3.89820294799995 -44.6118679479999,-3.89829699199992 -44.6117671739999,-3.89837178199992 -44.6117070019999,-3.89842124399991 -44.6116478139999,-3.89849311999996 -44.6115447689999,-3.89849680699995 -44.6114220829999,-3.89852438499991 -44.611341685,-3.89857346999992 -44.6112809239999,-3.89859835799996 -44.6111996089999,-3.89862382299993 -44.6110989389999,-3.89867404599993 -44.6110189669999,-3.89872338299995 -44.6109391129999,-3.89877264799992 -44.6108581489999,-3.89879856399994 -44.6107194069999,-3.89889539199993 -44.610678392,-3.89889686899994 -44.6105771519999,-3.89892343499992 -44.6104978069999,-3.8989720799999 -44.6103776229999,-3.89902213399994 -44.6102999399999,-3.89909338899992 -44.6101815569999,-3.89916597199993 -44.6101422649999,-3.89919081899995 -44.6100261159999,-3.89928796299994 -44.6099681659999,-3.89933630299993 -44.609929028,-3.89936074799993 -44.6098524419999,-3.89943221399995 -44.6097947189999,-3.89948005599996 -44.6098011839999,-3.8995702649999 -44.6098278719999,-3.89965931699992 -44.6098560649999,-3.89977045499996 -44.6099058739999,-3.89990255299994 -44.6099508219999,-3.89996750099993 -44.6099770889999,-3.90005530799993 -44.6100433459999,-3.90014075499993 -44.610087958,-3.90020523399995 -44.6101524719999,-3.90026860399997 -44.6102567919999,-3.90032985199991 -44.6103237759999,-3.90043687499992 -44.6103849809999,-3.90045586699995 -44.6105072579999,-3.90049380899995 -44.6105908399999,-3.90055552699993 -44.6106729699999,-3.90059529299992 -44.6107562649999,-3.9006572579999 -44.6108369679999,-3.90067557899993 -44.6109199329999,-3.90073734899993 -44.611001573,-3.90077729999995 -44.6110632689999,-3.90081804699991 -44.6111237869999,-3.90083708399993 -44.6112259049999,-3.90089726799993 -44.6112862609999,-3.90091615999995 -44.6113682839999,-3.90097703899993 -44.6114689269999,-3.90101581799991 -44.611529963,-3.90105613199995 -44.6126006019999,-3.90095659699994 -44.612674797,-3.90093787499995 -44.6127138699999,-3.90093663099993 -44.6127846939999,-3.90090221499993 -44.6128459879999,-3.90088384199993 -44.6128941609999,-3.90086568799996 -44.612942373,-3.90084751999996 -44.6130315659999,-3.90077865299992 -44.6130931599999,-3.90076019899993 -44.6131510879999,-3.90072531299995 -44.6131829279999,-3.90069119099991 -44.6132279299999,-3.90065659699991 -44.6132725059999,-3.90062118799995 -44.6133300849999,-3.90058497999991 -44.6134045269999,-3.90056485799995 -44.6134920789999,-3.90054414599996 -44.613576087,-3.90050665199993 -44.6136377379999,-3.90048702099994 -44.613673322,-3.90046851299991 -44.6137517029999,-3.90046508899992 -44.6138039579999,-3.90046280699993 -44.6138893059999,-3.90049297199993 -44.6139779219999,-3.90053981699992 -44.6140368549999,-3.90057097099992 -44.6140662789999,-3.90058652399995 -44.6141282359999,-3.90063396699991 -44.6141897599999,-3.90068083499995 -44.6142415019999,-3.90074478399992 -44.6142930509999,-3.90080849299994 -44.6143444059999,-3.90087196299993 -44.6143859459999,-3.90095219899996 -44.6144241439999,-3.90101583599994 -44.61447806,-3.9010946969999 -44.6145032089999,-3.90115849699992 -44.6145282649999,-3.90122205599994 -44.6145404509999,-3.90128588299996 -44.6145710449999,-3.90138009399993 -44.6145769709999,-3.90141156499993 -44.6145887909999,-3.90147433699991 -44.6146286199999,-3.90155106499991 -44.6146553719999,-3.9016275319999 -44.6146764119999,-3.90167303899995 -44.6147001819999,-3.90173370699994 -44.6147294059999,-3.90182458399994 -44.6147710019999,-3.90191445199992 -44.6147917199999,-3.9019592109999 -44.6148054859999,-3.90203470499994 -44.6148164569999,-3.90209486399994 -44.6148301169999,-3.90216976899996 -44.6148284479999,-3.90222975299992 -44.6148270669999,-3.90228998999993 -44.614836888,-3.90240965599991 -44.6148383459999,-3.90248417199996 -44.6148370359999,-3.90254363199996 -44.6148329679999,-3.90258819399991 -44.6148439969999,-3.90264687099994 -44.614845429,-3.90272034199996 -44.6148290899999,-3.9027648569999 -44.6148210399999,-3.90285270199996 -44.614834738,-3.90292485699996 -44.6148239809999,-3.90299753399996 -44.6148227149999,-3.90305519799995 -44.614826896,-3.90314110999991 -44.6148189419999,-3.9032269939999 -44.6148001619999,-3.90325608299991 -44.6147962279999,-3.90329878499995 -44.6147733919999,-3.90336996599996 -44.6147600239999,-3.90342655199993 -44.614758869,-3.90348272699992 -44.6147671189999,-3.90352456399995 -44.614778171,-3.90358029199996 -44.6147921559999,-3.90364997699992 -44.6148032339999,-3.90370541299995 -44.6148197779999,-3.90378819999996 -44.6148371639999,-3.90381527399996 -44.614880996,-3.90385515999992 -44.6149365659999,-3.90389451299996 -44.6149985089999,-3.90390605599993 -44.6150538109999,-3.90394526499994 -44.6151063579999,-3.90397078099995 -44.6151628809999,-3.90395506999994 -44.6151983539999,-3.90395380099994 -44.6152997179999,-3.90392276499995 -44.6153208679999,-3.90390828599993 -44.615389396,-3.90389210499995 -44.6154199709999,-3.90386350899997 -44.6154743149999,-3.90383402099991 -44.6155189009999,-3.90381799399994 -44.6155610949999,-3.90378819099993 -44.6156033679999,-3.90375833299992 -44.6156435059999,-3.90371489199993 -44.6156935859999,-3.90365752799994 -44.6157772319999,-3.90358464799993 -44.6157868669999,-3.90357034399995 -44.6158374059999,-3.90351248699995 -44.6158903369999,-3.90346831799991 -44.6159314579999,-3.90342455399991 -44.6159607249999,-3.90338119299991 -44.6160042189999,-3.90335118799993 -44.6160216569999,-3.90330815799996 -44.616054506,-3.90320766799994 -44.6160819679999,-3.90314959899996 -44.6160974619999,-3.90309184999996 -44.616141453,-3.90306133499996 -44.616187539,-3.90304481999993 -44.6162456029999,-3.90302746099991 -44.6163058209999,-3.90302440899995 -44.6164025309999,-3.90302026199993 -44.6164769969999,-3.90303128499993 -44.6165253319999,-3.90302921299992 -44.6165978309999,-3.90302610499993 -44.6166703309999,-3.90302299499995 -44.6167325739999,-3.90303452999996 -44.616806837,-3.90304553699992 -44.616856938,-3.90305765699992 -44.6169090699999,-3.90308464099991 -44.6169611019999,-3.90311157299993 -44.6170234379999,-3.90312408299991 -44.6170752829999,-3.90315093799995 -44.6171011679999,-3.90316434599993 -44.6171665769999,-3.90320475599992 -44.6172230219999,-3.90327335599995 -44.6172382979999,-3.90330087999996 -44.6172807899999,-3.90335546899997 -44.617309561,-3.90339636599992 -44.6173398179999,-3.90345093999992 -44.6173595619999,-3.90351937299994 -44.6178883679999,-3.90494383199996 -44.6179239659999,-3.90495570299993 -44.6179480609999,-3.90496769699995 -44.6179985319999,-3.90501634799995 -44.6180248659999,-3.90505292699993 -44.618063677,-3.90510149299996 -44.6180898569999,-3.90513786499991 -44.6181193449999,-3.90521075499993 -44.6181362679999,-3.90527137899995 -44.6181509129999,-3.90530755899994 -44.6181677249999,-3.9053678159999 -44.6181946489999,-3.90541560099996 -44.61823269,-3.90546288799992 -44.6182704379999,-3.90550950599994 -44.6183313909999,-3.90556706999997 -44.6183536739999,-3.90556624799995 -44.6183901109999,-3.90560068299993 -44.6184486949999,-3.90563421899991 -44.6184840319999,-3.90565686099995 -44.6185314139999,-3.90569105299995 -44.6186008299999,-3.90572433199992 -44.6186599529999,-3.90576982199991 -44.6186848449999,-3.90580457099992 -44.6187427659999,-3.90583799199993 -44.6188353209999,-3.90589365199992 -44.6188708899999,-3.90592768699991 -44.6189299629999,-3.90598413899994 -44.6189754059999,-3.90600562999992 -44.6190106329999,-3.90603921899992 -44.619056703,-3.90607225999991 -44.6190917569999,-3.90610569599995 -44.6191267309999,-3.90613905699996 -44.6191616269999,-3.90617234099995 -44.6192181889999,-3.90620461299994 -44.6192542929999,-3.90626073099993 -44.6192780579999,-3.90629420699992 -44.6193247599999,-3.90634952099992 -44.6193375669999,-3.9063832619999 -44.619385302,-3.90646092199995 -44.6194100229999,-3.90651654199991 -44.6194460059999,-3.90658273399992 -44.6194931399999,-3.90665935299995 -44.619528182,-3.90671377199993 -44.619551854,-3.90675734499996 -44.6195748919999,-3.90678971099993 -44.6195861109999,-3.90680032999995 -44.6196096269999,-3.9068436459999 -44.619644235,-3.90689738199996 -44.619700431,-3.90696096399995 -44.6197337289999,-3.90699242099993 -44.6197458119999,-3.90702481699993 -44.6197900429999,-3.90706689199993 -44.619812582,-3.90709881999993 -44.6198776429999,-3.90713974799991 -44.6199429229999,-3.90719141499993 -44.619953849,-3.90720181499995 -44.6199978639999,-3.90725415299994 -44.6200304739999,-3.90728518499993 -44.6200630079999,-3.90731614499993 -44.6201062689999,-3.90735731199994 -44.6201386269999,-3.90738810499993 -44.6201819799999,-3.90743971999996 -44.6202034359999,-3.90746012899996 -44.6202566329999,-3.90750040199993 -44.6203099329999,-3.90755121799992 -44.6203415429999,-3.90757111299996 -44.6203731019999,-3.90759097599994 -44.6204353889999,-3.90759902899992 -44.6204769529999,-3.90760790299992 -44.6205596169999,-3.90760458499994 -44.6206009429999,-3.90760292599992 -44.620621604,-3.90760209699994 -44.6206835829999,-3.90759960899993 -44.620766209,-3.90759629299992 -44.620807516,-3.90759463499995 -44.6208488199999,-3.90759297699992 -44.620910664,-3.90759081599993 -44.6209415599999,-3.90758979099991 -44.6210034059999,-3.90758752599992 -44.6210549939999,-3.90758546899991 -44.6211065759999,-3.90758341199995 -44.6211891259999,-3.90756965999992 -44.621230394,-3.90756801499992 -44.6212820389999,-3.90755548899995 -44.6213233119999,-3.90755384399995 -44.6213956379999,-3.90754048899992 -44.6214472329999,-3.90753843299996 -44.6214989919999,-3.90752584299991 -44.6215300109999,-3.90752449799994 -44.6215920499999,-3.90752180699991 -44.6216543099999,-3.90750858499996 -44.6216856819999,-3.90749650599991 -44.6217584169999,-3.90749285299996 -44.6218106669999,-3.90747968699992 -44.6218629679999,-3.90746650699993 -44.6218944979999,-3.90745436199996 -44.6219263809999,-3.90743161299992 -44.6219788309999,-3.90741838699995 -44.6223076929999,-3.90732425999994 -44.6223233189999,-3.90730860199995 -44.6223631889999,-3.90730648799997 -44.6224129059999,-3.90728958099993 -44.6224331059999,-3.90728869899994 -44.6224627149999,-3.90727264199995 -44.622478886,-3.90725714499996 -44.6225106029999,-3.90724835499992 -44.6225538599999,-3.90723163499997 -44.6225654499999,-3.9072237599999 -44.6225888009999,-3.90720809899994 -44.6226209389999,-3.90719949099991 -44.6226394649999,-3.90719138799995 -44.6226648269999,-3.90718302299996 -44.6226902099999,-3.90717465099993 -44.6227224379999,-3.90716601699995 -44.6227633859999,-3.90716448299991 -44.6227869669999,-3.90714872899991 -44.6228142849999,-3.90714770699993 -44.6228329329999,-3.90713956399992 -44.6228789309999,-3.90713039199995 -44.6229130959999,-3.90712911399992 -44.6229368389999,-3.90711330699992 -44.6229641889999,-3.90711228399994 -44.6229983729999,-3.9071110069999 -44.6230325529999,-3.90710972899996 -44.6230735619999,-3.9071081959999 -44.623121399,-3.90710640699996 -44.623170914,-3.90711201599993 -44.6231982279999,-3.90711099399994 -44.62324602,-3.90710920599992 -44.6232834259999,-3.90712270299991 -44.623319142,-3.90712880399991 -44.623339589,-3.90712803799995 -44.6233836559999,-3.9071412419999 -44.6234192669999,-3.90714732399994 -44.6234480399999,-3.90715365399996 -44.6234851219999,-3.90716706199993 -44.6235138209999,-3.90717337299993 -44.6235764189999,-3.90717840499991 -44.6236103419999,-3.90717712999992 -44.6236471919999,-3.90719048699993 -44.623668978,-3.90719702899992 -44.6237192419999,-3.9072098279999 -44.6237474459999,-3.90721577999995 -44.6237784069999,-3.90723624099991 -44.623805166,-3.90723492599995 -44.6238547099999,-3.90724711599995 -44.6238747669999,-3.90724613099991 -44.6239028449999,-3.90725205499996 -44.6239375819999,-3.90725764699994 -44.6239777489999,-3.90725576899996 -44.6240314569999,-3.90725344999993 -44.62407845,-3.90725142099995 -44.6241187299999,-3.90724968199992 -44.6241522959999,-3.90724823199992 -44.6241791489999,-3.90724707299995 -44.6242115429999,-3.90723841699992 -44.6242439639999,-3.90722975399996 -44.6243021639999,-3.90721269699991 -44.6243279369999,-3.90720430199991 -44.6243413919999,-3.90720372099992 -44.6243795499999,-3.90718749199994 -44.6244132149999,-3.9071860379999 -44.6244379889999,-3.90717036199993 -44.6244628059999,-3.90715465899996 -44.6244819769999,-3.90714650599994 -44.6245136169999,-3.90713046999991 -44.6245590039999,-3.90711412699994 -44.6245647779999,-3.9071065999999 -44.6245909169999,-3.90709831199996 -44.6246170749999,-3.9070900179999 -44.6246558619999,-3.90707391599994 -44.6246743129999,-3.90705854299994 -44.624720007,-3.90704213999993 -44.6247657679999,-3.90702571299993 -44.6247784599999,-3.90701786699992 -44.6248106229999,-3.90700177299993 -44.6248428119999,-3.90698559399993 -44.6248682299999,-3.90696964199992 -44.624893691,-3.90695366299991 -44.6249182879999,-3.90693015299991 -44.6249420519999,-3.90689904999994 -44.6249667869999,-3.90687539699991 -44.6249769679999,-3.90684461099994 -44.6249949459999,-3.90682106899994 -44.6250405229999,-3.90679644499995 -44.6250878909999,-3.90678703599991 -44.6251267619999,-3.90676258399992 -44.625167341,-3.90675340099994 -44.625180343,-3.90674522899991 -44.6252217529999,-3.90674370199991 -44.625250122,-3.90675034699995 -44.6252777099999,-3.90674932899991 -44.6253343309999,-3.90676259899993 -44.6253825489999,-3.90676081899995 -44.6254176729999,-3.90676718999992 -44.6254390009999,-3.90677406299995 -44.6254740599999,-3.90678042099996 -44.6255153129999,-3.90677889599993 -44.6255578059999,-3.90679260899992 -44.6255796339999,-3.90680705599993 -44.6256082749999,-3.90682122299995 -44.6256362759999,-3.90682778799994 -44.6256648209999,-3.90684191399993 -44.6257007039999,-3.90686330599994 -44.6257449139999,-3.90690692399993 -44.625759597,-3.90692140899996 -44.6257810459999,-3.90693557999992 -44.6260049049999,-3.90704324599995 -44.6688620389999,-3.89803452099994 -44.6650149309999,-3.89047228799995 -44.6647709999999,-3.89058835499992 -44.6646222949999,-3.89073719699991 -44.6644720919999,-3.89093311899996 -44.6643692739999,-3.89117323699992 -44.6641707639999,-3.89146389399991 -44.6640717019999,-3.89160894199995 -44.6638309659999,-3.89176001499993 -44.6636863959999,-3.89185993199993 -44.6635382599999,-3.89205365999993 -44.6633917199999,-3.89220035599993 -44.663247441,-3.89229994699991 -44.6630118859999,-3.89231020599994 -44.6627771239999,-3.89232017999996 -44.662541104,-3.89233059799994 -44.6623992649999,-3.89233693299992 -44.6621630319999,-3.89234743699995 -44.6619740959999,-3.89235582299994 -44.6617384619999,-3.89236610699993 -44.6615028229999,-3.89237639099991 -44.6611718439999,-3.89243749499992 -44.660983369,-3.89244572099994 -44.6608420119999,-3.89245189199993 -44.6606083139999,-3.89236874999995 -44.6602798469999,-3.89228973999992 -44.6602334109999,-3.8922450729999 -44.6599509119999,-3.89221073399994 -44.65966829,-3.89217637799994 -44.6595266309999,-3.89218258699993 -44.659338192,-3.89214413499992 -44.6591500449999,-3.89205890799991 -44.6589617349999,-3.89197360999993 -44.6585846399999,-3.89175604999992 -44.6585375219999,-3.89171123999995 -44.6583488569999,-3.89153181599994 -44.6582071529999,-3.89139705399993 -44.6581602299999,-3.89125790099996 -44.6580188539999,-3.89112240499992 -44.6580204659999,-3.89093285299992 -44.6580220789999,-3.89074294099993 -44.6581667159999,-3.89049891899992 -44.6582631789999,-3.89035182299994 -44.6583597709999,-3.89020452099994 -44.6585046569999,-3.89000711399995 -44.6586980709999,-3.88975932499995 -44.6587958329999,-3.88956312999995 -44.658893137,-3.88941473999995 -44.6590394249999,-3.88916782599994 -44.6591831619999,-3.88901818899995 -44.6593268139999,-3.88891639599996 -44.6595187629999,-3.88871657299996 -44.6597100099999,-3.88866082899994 -44.659855493,-3.88850979799991 -44.660049737,-3.88835606699997 -44.6602923259999,-3.88820001899995 -44.660534331,-3.88804444799996 -44.6606805849999,-3.88789273399994 -44.6607801739999,-3.88769386799993 -44.6607843779999,-3.88749817799993 -44.6607917549999,-3.88715481999993 -44.6607959819999,-3.88695809599995 -44.6608012759999,-3.88671166299992 -44.660806583,-3.88646463499992 -44.6607626769999,-3.88621975699993 -44.6607685139999,-3.88592228999993 -44.6607727499999,-3.88572320199996 -44.6607276589999,-3.88552647299992 -44.660682457,-3.88532940799996 -44.6605882969999,-3.88513421499994 -44.6604443139999,-3.88499083499994 -44.6603009009999,-3.88479720299994 -44.6602053959999,-3.88465120699993 -44.6600125909999,-3.88445911899993 -44.6599167369999,-3.88431266099991 -44.6597220929999,-3.88422068199991 -44.6589900769999,-3.88405027699992 -44.6578938089999,-3.88422983499992 -44.657869478,-3.88423094699994 -44.6577478369999,-3.88423650799996 -44.6576024229999,-3.88424297599993 -44.6574821259999,-3.88424803099992 -44.6573618149999,-3.88425308699993 -44.6572412069999,-3.88425825299992 -44.6570709189999,-3.88426605099994 -44.6569493019999,-3.88427162099992 -44.6568535929999,-3.88425168299995 -44.6567091909999,-3.88423396599995 -44.6565667859999,-3.88419159099994 -44.6564473989999,-3.88417238499994 -44.6563523029999,-3.88415204799993 -44.6562799709999,-3.88415508799994 -44.6561606779999,-3.88413575299995 -44.6560641949999,-3.88413980699993 -44.6559206699999,-3.88412147499991 -44.6558506769999,-3.88407565499994 -44.6557542319999,-3.88407964599993 -44.6556364129999,-3.88403550699991 -44.6555425299999,-3.88399035299995 -44.6554244479999,-3.88394610999996 -44.6552586889999,-3.88387938799991 -44.655042793,-3.88381533299992 -44.6548534149999,-3.88370056099996 -44.6547569909999,-3.88368014199995 -44.6546855409999,-3.88363413999992 -44.6546125769999,-3.88363724599993 -44.654491838,-3.88359359099991 -44.6544190569999,-3.88357239399994 -44.6542497599999,-3.88350637299993 -44.6541276799999,-3.88348753099996 -44.6541030809999,-3.88348872499995 -44.6539818379999,-3.88344505499992 -44.6538127439999,-3.88337844999994 -44.6537637759999,-3.88338066299991 -44.6536681939999,-3.88331045799993 -44.6535724739999,-3.88324015099994 -44.6534773529999,-3.88314476899995 -44.65335748,-3.8830503119999 -44.6532858589999,-3.88297851499994 -44.6531409279999,-3.88288490199994 -44.6530703629999,-3.88276248599993 -44.6529989399999,-3.88266504799992 -44.6529520579999,-3.88256629499995 -44.6528556689999,-3.88246959199994 -44.6528091239999,-3.88234506699996 -44.6527123369999,-3.88222307299992 -44.6526644699999,-3.88209899199995 -44.6526412689999,-3.88199856199992 -44.6526435489999,-3.88184598599992 -44.6526694389999,-3.88176853299996 -44.6526957569999,-3.8816654329999 -44.6527221219999,-3.8815621459999 -44.6527733499999,-3.88145766299993 -44.6527754109999,-3.88132931099995 -44.6528027659999,-3.88117389099995 -44.6528048669999,-3.88104488599992 -44.652756285,-3.88096934999993 -44.652682652,-3.88089475699991 -44.6525338899999,-3.8808232419999 -44.652384551,-3.88075208499992 -44.6522846129999,-3.88073053699991 -44.6521598049999,-3.88068412099994 -44.6519600299999,-3.88058896799993 -44.6518600059999,-3.88054132599996 -44.6517344949999,-3.88054681599993 -44.6516089839999,-3.88055230599992 -44.6515335809999,-3.88058161899994 -44.6514077569999,-3.88063942899992 -44.6513071769999,-3.88069601099993 -44.6512066259999,-3.88072674199992 -44.6510811999999,-3.88078427699991 -44.6509810109999,-3.88084053699993 -44.6508807789999,-3.88087100699993 -44.6508309879999,-3.88100252799995 -44.650731043,-3.88113646299997 -44.6506069669999,-3.88129607299993 -44.6505572539999,-3.88140148699995 -44.6504827349999,-3.88155944399995 -44.6504332959999,-3.88166428699993 -44.6503839849999,-3.88176887499993 -44.6503347699999,-3.88187326099995 -44.6502856479999,-3.88197744799994 -44.6502614069999,-3.88208031099992 -44.6502126039999,-3.88220945699993 -44.6501393099999,-3.88233921299991 -44.6500908559999,-3.88244206299993 -44.6500180699999,-3.88257092899993 -44.6499451649999,-3.88267448199991 -44.6498970199999,-3.88277674499994 -44.6498492599999,-3.88290376699995 -44.6498258789999,-3.88300452299995 -44.6498274029999,-3.88312884099991 -44.6498043999999,-3.88325398499995 -44.6498059439999,-3.88337776799994 -44.6497827129999,-3.88347767199991 -44.6497595229999,-3.88357740399994 -44.6497607789999,-3.88367591799994 -44.6497372589999,-3.88377585799992 -44.6496893929999,-3.88387669299993 -44.6496173049999,-3.88397834899996 -44.649520805,-3.8840562439999 -44.6494730089999,-3.88413199299993 -44.6493521819999,-3.88418616499996 -44.6492314619999,-3.88424028999993 -44.6491579709999,-3.88419431599994 -44.6490601099999,-3.88414931099993 -44.6489608009999,-3.88403073499995 -44.648836619,-3.88391340399994 -44.6487863689999,-3.88384180999992 -44.6487360509999,-3.88377011799992 -44.6486851409999,-3.88367366399995 -44.648609592,-3.8835783149999 -44.6485828969999,-3.88348057899993 -44.6484330179999,-3.88227432999991 -44.6484226519999,-3.88226486199994 -44.6483916249999,-3.88222650299991 -44.6483709429999,-3.88219757999991 -44.648350321,-3.88215865899992 -44.6483402519999,-3.88210923899992 -44.6483299959999,-3.88207971799993 -44.6483305739999,-3.88200962999992 -44.6483413569999,-3.88197907199993 -44.6483628729999,-3.88192790299991 -44.6483738789999,-3.88187707899993 -44.648374342,-3.88182660199993 -44.6483748049999,-3.88177601599995 -44.6483539999999,-3.88173638899991 -44.6483438429999,-3.88168606999994 -44.6483442759999,-3.88163518199991 -44.6483658899999,-3.88158325499995 -44.6483874069999,-3.88153121599992 -44.6484087949999,-3.88148932399992 -44.6484303649999,-3.88141655299996 -44.6484519289999,-3.88133328499993 -44.6484520379999,-3.88131265899994 -44.6484839519999,-3.88126998499996 -44.6485370489999,-3.88122633999995 -44.6485691389999,-3.88117318799994 -44.6485801109999,-3.88112084999995 -44.6486122249999,-3.88108829699991 -44.6486349549999,-3.88103515699994 -44.6486582449999,-3.88096091299992 -44.6486596129999,-3.88088745899996 -44.6486602489999,-3.88083492999993 -44.6486715789999,-3.88079233999991 -44.6486723589999,-3.88072905299993 -44.6486947019999,-3.88067520999994 -44.6487063729999,-3.88061113299994 -44.6487182139999,-3.88053625199996 -44.6487186349999,-3.88050430399994 -44.6487299479999,-3.88047181899992 -44.6487632239999,-3.88042760699995 -44.6487967179999,-3.88037260399995 -44.6488410489999,-3.88032770899992 -44.6488962219999,-3.8802929759999 -44.6489410729999,-3.88022639899992 -44.6490076129999,-3.88016949999991 -44.6490298839999,-3.88014690699993 -44.6490523499999,-3.88011348899994 -44.6490975539999,-3.88003568699991 -44.6491199229999,-3.88001297599993 -44.6491423779999,-3.87997944399996 -44.6491982569999,-3.87991180999995 -44.649243312,-3.87984449099991 -44.6492884759999,-3.87977701099993 -44.6493336489999,-3.87972026399996 -44.6493681249999,-3.87966377199996 -44.6494023879999,-3.87961818799994 -44.649458825,-3.87957151299991 -44.6495379609999,-3.8795016919999 -44.6495833819999,-3.87945541499993 -44.6496291759999,-3.87939796399991 -44.6496405659999,-3.87938635699994 -44.6496750049999,-3.87935137199992 -44.6497106049999,-3.87928281799992 -44.649734028,-3.87924820199994 -44.6497798509999,-3.8792124599999 -44.6498141389999,-3.87918843899996 -44.6498727499999,-3.87909615199994 -44.6499303489999,-3.87903739999995 -44.6499659499999,-3.87897939799996 -44.650012612,-3.87893194599991 -44.6500598499999,-3.87887302199993 -44.6501065459999,-3.87882546599991 -44.6501298979999,-3.87880167199995 -44.6501668049999,-3.87872031299992 -44.650202889,-3.87866159599991 -44.6502385769999,-3.87861421199995 -44.6502856139999,-3.87856621699996 -44.650320947,-3.87853016299994 -44.6503568329999,-3.87848253999993 -44.6504164419999,-3.87841067999995 -44.6504514459999,-3.87838597699993 -44.6504880829999,-3.87832650599996 -44.6505248029999,-3.87826689999991 -44.6505627079999,-3.87818386499993 -44.650576295,-3.87813668199993 -44.6505904639999,-3.87807771799993 -44.6505943809999,-3.87799570199991 -44.6505971869999,-3.87793696399996 -44.6505994349999,-3.87788987999994 -44.6506022519999,-3.87783090699991 -44.6506056399999,-3.87775996899995 -44.6506118749999,-3.87762942399991 -44.6506161619999,-3.87754576399993 -44.6506200359999,-3.87747367799995 -44.6506221269999,-3.87743742899993 -44.6506256209999,-3.87737689299995 -44.6506298229999,-3.87730405099996 -44.6506326319999,-3.87725536899995 -44.6506142419999,-3.87717116999993 -44.650594398,-3.87711120599994 -44.6505745059999,-3.87705109799992 -44.6505772739999,-3.87700191099992 -44.650569721,-3.87692857099995 -44.650550414,-3.87685563999991 -44.6505177499999,-3.87680814299995 -44.6505079309999,-3.87677164399992 -44.6504993869999,-3.8767102669999 -44.6504564119999,-3.87663789399994 -44.6504465439999,-3.87660112299994 -44.6504144879999,-3.87654040399991 -44.6503829389999,-3.87646704199994 -44.6503618559999,-3.87641801699993 -44.6503295829999,-3.87635686099992 -44.6502960999999,-3.87632071299993 -44.6502748729999,-3.87627140599995 -44.6502071239999,-3.87621144299993 -44.6501852249999,-3.87617456999993 -44.650162759,-3.87615030299991 -44.650070577,-3.87610382199995 -44.6500007649999,-3.87608167899993 -44.6499540439999,-3.87607111399995 -44.6498841299999,-3.87604894199996 -44.6498141519999,-3.87602674899994 -44.6497790079999,-3.87601582899992 -44.6497323649999,-3.87599284799996 -44.6496856839999,-3.87596984799995 -44.6493556309999,-3.87594647999993 -44.6490824879999,-3.87603404499993 -44.6490109,-3.87607521999996 -44.6486533299999,-3.87629466199991 -44.648053725,-3.87664536299991 -44.6474824009999,-3.87666751099994 -44.6467770949999,-3.87649675199992 -44.6463071969999,-3.87610888899991 -44.6457344919999,-3.87573931999992 -44.6449218269999,-3.87573545899994 -44.6444916429999,-3.87573209299995 -44.6440942879999,-3.87563587299991 -44.6142037429999,-3.88107250499991</coordinates></LinearRing></outerBoundaryIs></Polygon></MultiGeometry>
  </Placemark>
  <Placemark id="recortado.32">
	<name>CONTENDA</name>
	<Style><LineStyle><color>ff0000ff</color></LineStyle><PolyStyle><fill>0</fill></PolyStyle></Style>
	<ExtendedData><SchemaData schemaUrl="#recortado">
		<SimpleData name="cd_sr">SR-12</SimpleData>
		<SimpleData name="nr_process">2989/09</SimpleData>
		<SimpleData name="nm_municip">VIANA</SimpleData>
		<SimpleData name="cd_uf">MA</SimpleData>
		<SimpleData name="nr_familia">55</SimpleData>
		<SimpleData name="dt_titulac">18/08/2011</SimpleData>
		<SimpleData name="nr_area_ha">1070.025900000000092</SimpleData>
		<SimpleData name="area_calc_">1070.8671</SimpleData>
		<SimpleData name="perimetro_">138004.0532</SimpleData>
		<SimpleData name="esfera">ESTADUAL</SimpleData>
		<SimpleData name="fase">TITULADO</SimpleData>
		<SimpleData name="responsave">ITERMA</SimpleData>
	</SchemaData></ExtendedData>
      <MultiGeometry><Polygon><outerBoundaryIs><LinearRing><coordinates>-45.1653982078575,-2.96244887664021 -45.1459560825128,-2.97733215166093 -45.1448534418421,-2.9800687767073 -45.1582005589017,-2.9868497519177 -45.156574094033,-2.99265813457667 -45.1546034470873,-2.99277300747408 -45.1583786343692,-3.00265704240276 -45.1595648851054,-3.00209389040271 -45.1695066358868,-3.00534472411325 -45.1683475578437,-3.00008804753342 -45.168424499979,-2.99778033342293 -45.1685075205304,-2.99659657790094 -45.1798058374578,-2.99643930446728 -45.1780332885192,-2.99350780032112 -45.1776186614465,-2.97983030388914 -45.1796466603995,-2.96699543025114 -45.1733186554811,-2.96493813548763 -45.1675157433029,-2.96306468959717 -45.1653982078575,-2.96244887664021</coordinates></LinearRing></outerBoundaryIs></Polygon></MultiGeometry>
  </Placemark>
  <Placemark id="recortado.33">
	<name>ALIANCA / SANTA JOANA</name>
	<Style><LineStyle><color>ff0000ff</color></LineStyle><PolyStyle><fill>0</fill></PolyStyle></Style>
	<ExtendedData><SchemaData schemaUrl="#recortado">
		<SimpleData name="cd_quilomb">108</SimpleData>
		<SimpleData name="cd_sr">SR-12</SimpleData>
		<SimpleData name="nr_process">54230.003774/04-40</SimpleData>
		<SimpleData name="nm_municip">MIRINZAL</SimpleData>
		<SimpleData name="cd_uf">MA</SimpleData>
		<SimpleData name="dt_publica">30/03/2005</SimpleData>
		<SimpleData name="dt_public1">27/09/2006</SimpleData>
		<SimpleData name="nr_familia">221</SimpleData>
		<SimpleData name="nr_area_ha">7741.603500000000167</SimpleData>
		<SimpleData name="nr_perimet">36527.933900000003632</SimpleData>
		<SimpleData name="ob_descric">Estudo de delimitação</SimpleData>
		<SimpleData name="st_titulad">F</SimpleData>
		<SimpleData name="dt_decreto">23/11/2009</SimpleData>
		<SimpleData name="area_calc_">7626.2383</SimpleData>
		<SimpleData name="perimetro_">539991.2193</SimpleData>
		<SimpleData name="esfera">FEDERAL</SimpleData>
		<SimpleData name="fase">DECRETO</SimpleData>
		<SimpleData name="responsave">INCRA</SimpleData>
	</SchemaData></ExtendedData>
      <MultiGeometry><Polygon><outerBoundaryIs><LinearRing><coordinates>-44.7683739395556,-1.96257610277943 -44.7689040256472,-1.95920201022034 -44.7694330559037,-1.9558346192466 -44.7696676151186,-1.95482011319916 -44.7703719633111,-1.95340204110162 -44.7716447190497,-1.9516215701276 -44.7729504056157,-1.95025213692671 -44.7823180170393,-1.94054896421287 -44.8386610135763,-1.88534171571228 -44.8396564965201,-1.87774020459209 -44.8367704735683,-1.87794272843453 -44.8161259886645,-1.87977590287716 -44.799290024813,-1.8812263423647 -44.7589054017672,-1.88353188294565 -44.7588761970251,-1.89169764133456 -44.7588486507617,-1.899398368118 -44.7528761254064,-1.89989742758161 -44.7534050281965,-1.92565210851485 -44.7539976723188,-1.94119898495154 -44.7540703101777,-1.9509905544475 -44.7658393108375,-1.9505629207954 -44.7663542336834,-1.96261532903542 -44.7669812587158,-1.96260802551709 -44.7683739395556,-1.96257610277943</coordinates></LinearRing></outerBoundaryIs></Polygon><Polygon><outerBoundaryIs><LinearRing><coordinates>-44.7825088703531,-1.94074081204617 -44.7731444883435,-1.95044064052356 -44.7718525824203,-1.95179562041231 -44.7706035924535,-1.95354284548018 -44.7699231445873,-1.95491279917448 -44.7696980147135,-1.95588652240049 -44.7691773485492,-1.95923350840478 -44.7686556366865,-1.96258719759204 -44.7807122392168,-1.9620555295123 -44.7845153319311,-1.96187207101753 -44.7931347960394,-1.96138623873354 -44.803057566567,-1.96098396694901 -44.8028615078175,-1.96148141246286 -44.8028414476502,-1.96235501248414 -44.8026130716594,-1.96325281336845 -44.8027449821596,-1.96379360798004 -44.802618467735,-1.96415942384761 -44.8025272949863,-1.96447439109265 -44.8024566929443,-1.96509991724378 -44.8028539962255,-1.96553055353753 -44.8128437578801,-1.96520878944568 -44.8249137703288,-1.96475535020696 -44.8285168239479,-1.94433853609813 -44.8350350260307,-1.90740134874787 -44.8385173440703,-1.88585743676673 -44.7825088703531,-1.94074081204617</coordinates></LinearRing></outerBoundaryIs></Polygon></MultiGeometry>
  </Placemark>
  <Placemark id="recortado.34">
	<name>T.Q. Estiva dos Mafras</name>
	<Style><LineStyle><color>ff0000ff</color></LineStyle><PolyStyle><fill>0</fill></PolyStyle></Style>
	<ExtendedData><SchemaData schemaUrl="#recortado">
		<SimpleData name="cd_sr">SR_12</SimpleData>
		<SimpleData name="nr_process">54203.005829/2009-61</SimpleData>
		<SimpleData name="nm_municip">Mirinzal</SimpleData>
		<SimpleData name="cd_uf">MA</SimpleData>
		<SimpleData name="dt_publica">05/08/2018</SimpleData>
		<SimpleData name="dt_public1">08/10/2018</SimpleData>
		<SimpleData name="nr_familia">88</SimpleData>
		<SimpleData name="nr_area_ha">1414.883100000000013</SimpleData>
		<SimpleData name="area_calc_">1414.8831</SimpleData>
		<SimpleData name="perimetro_">232220.4643</SimpleData>
		<SimpleData name="esfera">FEDERAL</SimpleData>
		<SimpleData name="fase">RTID</SimpleData>
		<SimpleData name="responsave">INCRA</SimpleData>
	</SchemaData></ExtendedData>
      <MultiGeometry><Polygon><outerBoundaryIs><LinearRing><coordinates>-44.7544907715042,-2.02372589476612 -44.7546271768727,-2.02337124406001 -44.7546438403651,-2.02313702958746 -44.7546505153113,-2.02297977061154 -44.7546438856108,-2.02283589344089 -44.7545940092849,-2.02277900458168 -44.7545308288218,-2.022732151569 -44.7544310626043,-2.02270871468688 -44.7542514775816,-2.02270534138674 -44.7541051410799,-2.02275550844835 -44.7539588025543,-2.02281905932363 -44.7538889581895,-2.02285585419859 -44.7537825295644,-2.02290602731534 -44.753712687211,-2.02292943835386 -44.7536062636253,-2.02294615188846 -44.7534300158671,-2.02286582199354 -44.7533635168564,-2.02277212503445 -44.7533369262491,-2.02267508821808 -44.7533535757587,-2.02253456057135 -44.7534500486077,-2.02234385576687 -44.75352323073,-2.02222675845079 -44.7535298987021,-2.02211634288771 -44.7535066357661,-2.02200592275355 -44.7534700697034,-2.02189884654448 -44.7531741085604,-2.02175157920836 -44.752864834734,-2.02167122892368 -44.7526619707685,-2.02166450594023 -44.7524956930704,-2.02163102088715 -44.7522396338536,-2.0215239109934 -44.7519470264979,-2.02119261635265 -44.7518173752635,-2.02086803863687 -44.7517342410402,-2.020821182466 -44.7516777034078,-2.02083121164334 -44.7516477654106,-2.02087805043193 -44.7516011874493,-2.0210018436615 -44.7515612597706,-2.02113232982501 -44.7514781026497,-2.02123604168092 -44.75134173963,-2.02130963172921 -44.7512053832207,-2.02133972433146 -44.7510490754301,-2.0213530840632 -44.7509493042718,-2.02136310654521 -44.7506645571182,-2.02128108721557 -44.7506136325892,-2.02122129399778 -44.7505754414758,-2.02116150274582 -44.7505330124122,-2.02105900701521 -44.7504820970205,-2.0209394284435 -44.7504906042111,-2.02081985905273 -44.7504651771534,-2.02055936180191 -44.7504524593892,-2.02045687066096 -44.7504567305789,-2.02028178564469 -44.7504312885353,-2.02011950718511 -44.7503846156844,-2.02001274041588 -44.7503082341758,-2.01988888752569 -44.7502828084475,-2.01961984950999 -44.7503252641937,-2.01954725957054 -44.7504228953901,-2.01949175968107 -44.7505629699393,-2.01944480710134 -44.7507667056177,-2.01943629776994 -44.7509025421921,-2.01934664067989 -44.7509577443028,-2.0191886450324 -44.7509025883554,-2.01904344352584 -44.750838936984,-2.01894094453437 -44.7507455769696,-2.01882135943068 -44.7506692026329,-2.01865053235282 -44.7506097983564,-2.01853095248057 -44.7505164390309,-2.01840709698568 -44.7504273196242,-2.01831313481853 -44.7502957386604,-2.01833019603369 -44.7501768865221,-2.01837715188101 -44.7500410297836,-2.01859919076457 -44.7499306574118,-2.01870593325301 -44.7497481278269,-2.01882120532766 -44.7495953127371,-2.01891513007094 -44.7493958104818,-2.01899623641364 -44.7492896942865,-2.01902611263248 -44.749056240873,-2.01907732098932 -44.7488482470266,-2.01917550746754 -44.7486784454714,-2.019324944437 -44.7482964248802,-2.01944659086345 -44.7481393954397,-2.0193440772389 -44.7480035804505,-2.01929281148848 -44.7478550294443,-2.01925862526701 -44.7476597853827,-2.01925005403213 -44.7475282122497,-2.01921587043263 -44.7474008914995,-2.01913044291082 -44.7473075324114,-2.01900658725779 -44.7472438819437,-2.01889981777195 -44.7470359533959,-2.0185752362673 -44.7468916561929,-2.01848126529552 -44.7467855459533,-2.01847270791839 -44.7466497211741,-2.01848549778456 -44.7464374887938,-2.01854524985031 -44.7463059064859,-2.01857085149507 -44.7462082878223,-2.01854521388797 -44.7460682411036,-2.01841281008719 -44.7460045907411,-2.01830604056497 -44.7459664078175,-2.01819500466123 -44.7459324720106,-2.01806688790045 -44.7459027813313,-2.01793450142544 -44.745890065183,-2.01782346952218 -44.745856125409,-2.01772097504617 -44.7456863715462,-2.01756294427023 -44.745559045056,-2.01751595005722 -44.7453977496194,-2.01755435810558 -44.7452831352609,-2.01764401805796 -44.7452066897934,-2.0179343919089 -44.7452448513921,-2.01818208000414 -44.7452872634409,-2.01839133534207 -44.7452829830893,-2.01862193522766 -44.7454272496331,-2.01891234384332 -44.7455248550167,-2.01902338911248 -44.7455800210885,-2.0191002646511 -44.7456394256538,-2.01921557428284 -44.7456224265501,-2.01935222379342 -44.7455460075943,-2.01947178242514 -44.745439876708,-2.0195956067521 -44.7452148894729,-2.01979200880404 -44.7451639572201,-2.01978346001069 -44.7450323787976,-2.01978343925325 -44.7448074208103,-2.01979194450073 -44.7446334017401,-2.01976629472444 -44.7443235811615,-2.01960397127604 -44.7442429496897,-2.01951855090958 -44.7441750596322,-2.01938188799325 -44.7440605078756,-2.0190701320946 -44.743903618446,-2.01807510864051 -44.7438399649046,-2.01798969095327 -44.743759345561,-2.01782740373158 -44.7436999612292,-2.0175839826477 -44.7436278415297,-2.01735337068571 -44.7435387373282,-2.01716545983258 -44.7434029427755,-2.01698608233333 -44.7432374250037,-2.01688356695262 -44.7431143531613,-2.01677251753613 -44.7429785459563,-2.01667427722982 -44.7428894110302,-2.01668280383062 -44.7428257361381,-2.01673403827283 -44.7427790296804,-2.01684506072918 -44.7427577825807,-2.01700306141074 -44.7427577597755,-2.01714825432608 -44.7427874521991,-2.01726782968609 -44.7428298793422,-2.01737886631048 -44.7428171338948,-2.01745573112375 -44.7426728028464,-2.01757954918836 -44.7424860245,-2.01772044199897 -44.742418108453,-2.01775032384328 -44.7422143858493,-2.01767769493068 -44.7421252616306,-2.0176178954078 -44.7420276707036,-2.01741717200037 -44.7417942773564,-2.01708831553216 -44.741560883425,-2.01676372942057 -44.7413996271223,-2.01655445506151 -44.7412128892893,-2.01643912496581 -44.7409836893819,-2.0164348179218 -44.7408563523496,-2.01645614943479 -44.740508294853,-2.01653296049321 -44.7402663717372,-2.01646459561868 -44.7400414406942,-2.01630655547898 -44.7400117498411,-2.01617843933749 -44.740024504885,-2.01604178925504 -44.7401391329041,-2.01586672211531 -44.74030893811,-2.01569593419425 -44.7404829965229,-2.01546963200141 -44.740546684941,-2.0153329900696 -44.7405764224631,-2.01516645004006 -44.7405424918555,-2.01500844056932 -44.7405000662677,-2.01488886315134 -44.7403897064847,-2.01491446774206 -44.7403005669252,-2.01495288686518 -44.7402496463665,-2.01487174149416 -44.7401902396178,-2.01477351324408 -44.7400672378693,-2.01422261459407 -44.7402498708985,-2.01345397561068 -44.7402414773177,-2.01285185078062 -44.7404113692741,-2.01213018386883 -44.7403859660795,-2.0117287641356 -44.7402714782255,-2.0110198628244 -44.7400042392691,-2.01000346973802 -44.7398345374426,-2.00952516006558 -44.7396181225623,-2.00920057655408 -44.7393422680723,-2.00898701334795 -44.7392319330687,-2.00885888426388 -44.7391852578291,-2.00877346918719 -44.7391046386341,-2.00861545221335 -44.7390792316405,-2.00823965476576 -44.739138680117,-2.00807311952049 -44.7393509071785,-2.0080389905371 -44.7394824927146,-2.00798776708311 -44.7395928547281,-2.00794508097582 -44.7398050527294,-2.00809457824123 -44.7399833425485,-2.0079451434934 -44.7400215626881,-2.00781703822163 -44.7400003627934,-2.00767611230623 -44.7399834080074,-2.00753091669026 -44.7400556469851,-2.00700140117636 -44.7401065889164,-2.00694589438437 -44.7402127353944,-2.00671958122458 -44.7402934523109,-2.00625839310974 -44.7403698728996,-2.00612602353723 -44.7405142063421,-2.00598085365342 -44.7406373216558,-2.00581005809187 -44.740684041287,-2.00561362806495 -44.7406034180191,-2.00548123343917 -44.7405142985113,-2.00539581163429 -44.740361511273,-2.00531892042894 -44.7402469319641,-2.00519079075271 -44.7400220056958,-2.00501139889267 -44.7399031685278,-2.00496867611082 -44.7398267816861,-2.0048875266902 -44.7398352799755,-2.00482774273378 -44.7399329192696,-2.00471672846483 -44.7399541555439,-2.00462705388418 -44.7401706454247,-2.00447335477976 -44.7405059858541,-2.00427697078793 -44.7406205926845,-2.00423001486949 -44.7409856272059,-2.00414039499546 -44.7412445511149,-2.00405075817715 -44.7413634083675,-2.00396536945517 -44.7414780252034,-2.00385435776832 -44.741567180174,-2.00371344936943 -44.7416139076364,-2.00346577472626 -44.7417242940425,-2.00326508435646 -44.741894100308,-2.00307721453082 -44.7420129654721,-2.00294058118266 -44.7421148582759,-2.00276978209299 -44.7422125066373,-2.00259898232245 -44.742288936882,-2.00240255690455 -44.7424120857136,-2.00201397173541 -44.7424121143771,-2.00183034537212 -44.7423994184503,-2.00159120204948 -44.7424079352764,-2.00141184740704 -44.7424588935976,-2.00124958099003 -44.7425438019077,-2.00112148297554 -44.7426541727054,-2.00101901125731 -44.7427645355053,-2.00096778409824 -44.7428876255611,-2.0009549923649 -44.7429937352936,-2.00095927946993 -44.7430573995387,-2.00097210064362 -44.7431295499595,-2.00100200467527 -44.7432144289822,-2.00106180337496 -44.7433162770451,-2.00117711969478 -44.7433969003822,-2.0013095141942 -44.7434902523377,-2.00147180336077 -44.7436515010667,-2.0017237812034 -44.7437575823444,-2.00191169464834 -44.7438721710426,-2.00198003875421 -44.7439952578645,-2.00198859885143 -44.7440801502165,-2.00196298989402 -44.7441395800263,-2.00191175464824 -44.7441905243049,-2.00183916616205 -44.7442372281314,-2.0017409547208 -44.7442754530405,-2.00157868622818 -44.7442967029163,-2.00139933354628 -44.7442797437702,-2.00127976021025 -44.7442500513749,-2.00116018487734 -44.7442415790809,-2.0010534240161 -44.7442543268841,-2.00095947762631 -44.744292537875,-2.00088688713502 -44.7443392350492,-2.00083137949788 -44.7443816838376,-2.00080149348141 -44.7444283757184,-2.00078014889122 -44.7445260012497,-2.00075454189636 -44.7446533317463,-2.00076737297878 -44.7447382174254,-2.00078446779112 -44.7449376865097,-2.00090406967847 -44.7450565196194,-2.00097241436299 -44.745289972419,-2.00090839511372 -44.7453451597142,-2.00084434800603 -44.7454682675398,-2.00071625577022 -44.7455446966427,-2.0005241005154 -44.7455362308422,-2.00037463583298 -44.7454853097053,-2.00029776101812 -44.7453070534943,-2.00023794785651 -44.7452349050295,-2.00019523277538 -44.7452136994249,-2.00008846992215 -44.7452604024729,-1.99999452881683 -44.7453623019866,-1.99977675525293 -44.7453750549735,-1.9996486457902 -44.7453029144305,-1.99955468613527 -44.7451798468692,-1.9994222850927 -44.7451246932183,-1.99926854274042 -44.7450695461639,-1.99907209657149 -44.7450356139292,-1.99892262791359 -44.7450101757915,-1.99873899752862 -44.7449974735233,-1.99853828760574 -44.7449635406413,-1.9983930893292 -44.7449465873786,-1.99823508255921 -44.7449805670272,-1.99807708374245 -44.7450187838324,-1.99796605978426 -44.7450739789245,-1.99785076809236 -44.7450824855164,-1.99773546911248 -44.745044302301,-1.99762870360993 -44.7449466973813,-1.9975219288315 -44.7448151569805,-1.99728703729814 -44.7447897050336,-1.99719308492584 -44.7446624057875,-1.9969795459561 -44.7446624249018,-1.99685570489091 -44.7446497081618,-1.99674894336248 -44.7445988003435,-1.99658666090527 -44.7445224214894,-1.99645426713831 -44.7444502824348,-1.99635176670327 -44.7443484378364,-1.99621509856824 -44.7443272402252,-1.99605709113444 -44.7443145347212,-1.99587773312057 -44.7442933364538,-1.99572399606815 -44.74423395506,-1.9954634935046 -44.7441787910286,-1.99537807724506 -44.7439920393236,-1.99536523687885 -44.7438859233312,-1.99540365369846 -44.7436397308272,-1.99551464504313 -44.7433702192368,-1.99546335819757 -44.7433235344571,-1.99543986377415 -44.7432089521664,-1.99533308625577 -44.7431262184687,-1.99512595977412 -44.7431050766207,-1.99460924032301 -44.7431518325589,-1.99417366877231 -44.7432728349765,-1.99393454640379 -44.7434957273523,-1.99353743587719 -44.743616741556,-1.9932214466037 -44.7436188931487,-1.99303141496343 -44.7436273898662,-1.99298017171556 -44.7436019360424,-1.99289903048142 -44.7435701166186,-1.99281148267811 -44.7435510320341,-1.99271326091496 -44.7435001055716,-1.99267268431538 -44.7433048746514,-1.99260005724257 -44.7431796699732,-1.99256800975374 -44.7431160030641,-1.99257440534117 -44.7430120110979,-1.99260214650586 -44.7429186294532,-1.9926341597103 -44.7428082708896,-1.99266189986169 -44.7426873039879,-1.99267255681359 -44.7426109078696,-1.99265332809342 -44.7425472465946,-1.99262342541894 -44.7424453877638,-1.99258070559246 -44.7423498942028,-1.99254652752387 -44.7422565328011,-1.99244829406947 -44.742199242116,-1.99239277009926 -44.7421483299783,-1.99226038027259 -44.7421377362606,-1.99214934869742 -44.7421441240982,-1.99201269750874 -44.7421717345589,-1.99187177927846 -44.7421887277276,-1.99177142799675 -44.7422290663758,-1.99166253962502 -44.7422566764881,-1.99152375658151 -44.7422821643987,-1.99138497320297 -44.7422630795662,-1.99128888662573 -44.7422270175045,-1.99119066218782 -44.7422164158171,-1.99113087518439 -44.7422249162087,-1.99105614485126 -44.7423310471868,-1.99091950934104 -44.7425029608852,-1.99081704720586 -44.7427258072385,-1.9907145930438 -44.7427512785407,-1.99068256918094 -44.7427937363345,-1.99059289783424 -44.7427661636896,-1.99049040435564 -44.7427152369797,-1.9904519629326 -44.7426367161166,-1.99044981541831 -44.7426006355,-1.99047116166082 -44.7425624323568,-1.99049464275979 -44.7425114993584,-1.99049676995214 -44.7424414699234,-1.99047754223681 -44.7423374830598,-1.99047325551675 -44.7422186365255,-1.99049672393154 -44.7421231304783,-1.99054368310493 -44.7420424744775,-1.99062480765754 -44.7419448475523,-1.99066322572297 -44.7418238754858,-1.99070804567716 -44.7416965374946,-1.99074859423748 -44.7415607137123,-1.99076992473506 -44.7414418711449,-1.99076777080444 -44.7413782106303,-1.99073359771532 -44.7412996977527,-1.99068020556648 -44.7411914691637,-1.99065883657982 -44.7409750106639,-1.99062463934743 -44.7408094775032,-1.99063742432716 -44.7408009990637,-1.99057123208597 -44.7407798007989,-1.9904196302199 -44.7407798154717,-1.9903256818469 -44.7408520240677,-1.98997979242176 -44.7408159651121,-1.98986235125312 -44.740750186787,-1.98980042033617 -44.7406207376677,-1.98977050720429 -44.7405825325181,-1.98980679939743 -44.740584646037,-1.98986231468029 -44.7405528017918,-1.98993490611392 -44.7405061078629,-1.98997119696153 -44.7404551748862,-1.9899733240918 -44.7403957631527,-1.98991139416945 -44.7403490872547,-1.98983238473956 -44.7402642162266,-1.98972561178701 -44.7401538745498,-1.98964659226992 -44.7401071923201,-1.98960815144923 -44.7401199341665,-1.9895526385214 -44.7401963438001,-1.98948432453689 -44.7402897329728,-1.98940320209449 -44.7404595247413,-1.98929860464134 -44.7405868656362,-1.98923883945307 -44.7407417980251,-1.98915986190071 -44.7408160894228,-1.98906592526187 -44.740856428401,-1.98895490173318 -44.7408415880471,-1.98885881582141 -44.7408076426358,-1.98879688993834 -44.7407461063992,-1.98874990602875 -44.7406739552069,-1.98872854272431 -44.7405296418231,-1.98875627738642 -44.7404596031516,-1.98879683492664 -44.7404426212787,-1.98882458971487 -44.7404511017056,-1.98887797081459 -44.7404701947616,-1.98892067764128 -44.7404617036578,-1.98893562263052 -44.740361956623,-1.98896122913353 -44.7402706990224,-1.98898256659335 -44.740219765409,-1.98898896410075 -44.7400966759259,-1.98900389093936 -44.7399926781489,-1.98907006535999 -44.739937497808,-1.98909140851679 -44.7398165328512,-1.98909138933825 -44.7397167908213,-1.98908496794722 -44.7395088183326,-1.98906998860943 -44.7394111941447,-1.98909132500833 -44.739292341665,-1.98915322664037 -44.7392223049639,-1.98918097298101 -44.7391543914591,-1.98920231408563 -44.739054637017,-1.98927489468495 -44.7389930790094,-1.98936669806534 -44.7390036752054,-1.98946064811436 -44.7390461069765,-1.98953752170777 -44.7391097660467,-1.98958023563566 -44.739177668835,-1.98962722061651 -44.739222223817,-1.98969768897418 -44.7392009878015,-1.98978736358169 -44.7390566595491,-1.98990904645908 -44.7389738832742,-1.98997735936802 -44.7388635181441,-1.99004780306881 -44.7385451777227,-1.99012034880445 -44.7384390741133,-1.9900818984646 -44.7383499480551,-1.99004345082744 -44.738262947561,-1.98998365162591 -44.7381738258908,-1.98991744651215 -44.7379807319407,-1.98975514124196 -44.7378916116431,-1.98968039535653 -44.7377961170209,-1.98965475781507 -44.7376900067172,-1.98965901122857 -44.7376051156399,-1.98968034954843 -44.7375796439293,-1.98971450851044 -44.7375711453715,-1.98977642765539 -44.737435311194,-1.98986394869688 -44.7373737659142,-1.98987461479144 -44.737265529689,-1.98990235492238 -44.7371021103612,-1.98996851961564 -44.7369705411697,-1.98992579472457 -44.7369599312206,-1.98991938745373 -44.7368708096148,-1.98985318227652 -44.7368177625827,-1.98980406440202 -44.7367265215053,-1.98972077736097 -44.7366755990446,-1.98965671349629 -44.7366395299019,-1.98960546315339 -44.7366013446658,-1.98951577905635 -44.7365737676839,-1.98944317817967 -44.7365079898927,-1.98937911192593 -44.7364379650117,-1.98933212650492 -44.7363955276126,-1.98929155108338 -44.7362172801135,-1.98918689814181 -44.7361430054388,-1.98917407506038 -44.736017789681,-1.98921462351904 -44.7359456300701,-1.98924663974964 -44.7357503639675,-1.98940034195406 -44.7357142782093,-1.98945371587841 -44.7356357282109,-1.98963519432775 -44.7354744096274,-1.98983587612821 -44.7354022452164,-1.98989778498103 -44.7351836239684,-1.9901198093919 -44.7350711320779,-1.99021800993301 -44.7349713825371,-1.99025856241153 -44.7348716343564,-1.9902905741262 -44.7347633939888,-1.99034393635375 -44.7345936083109,-1.99040796455826 -44.7344471732366,-1.99043142792966 -44.7339547998246,-1.99058508172916 -44.733893260675,-1.9905573142825 -44.7337977681517,-1.99051886537543 -44.7336301149051,-1.99051883814537 -44.7334921685906,-1.99054230280743 -44.7333966685346,-1.99055082803683 -44.7332926851966,-1.99052518885558 -44.7331441763211,-1.99024759011532 -44.7330932728824,-1.99006609076249 -44.7330593507655,-1.98986110709391 -44.7330254162937,-1.98973299022841 -44.7329681342834,-1.98962622145218 -44.732900241322,-1.98951945094701 -44.732840830951,-1.98945111522373 -44.7327771724225,-1.98940626588587 -44.7327368573151,-1.98936569072726 -44.7327368672806,-1.98930377024812 -44.7327199007472,-1.98923544143622 -44.7327177871471,-1.98918206136708 -44.7327326593217,-1.9890774395291 -44.7327199385458,-1.98900057065297 -44.7326775033196,-1.98894718401489 -44.7325926215315,-1.98891087197093 -44.7324207323376,-1.98885959941414 -44.7322870439631,-1.98879979231795 -44.7319687543149,-1.98855846401576 -44.7317565594308,-1.98840896612683 -44.7317056382503,-1.98833849657188 -44.7316589617982,-1.98826589252104 -44.7315910744905,-1.98812495895873 -44.7315762288212,-1.98806517124415 -44.7315231982318,-1.98791569935466 -44.7314510710537,-1.98774700764162 -44.7314256078904,-1.98772778677715 -44.7314150035013,-1.98768721645515 -44.7313768172134,-1.98760607303355 -44.7313322653979,-1.98751852300357 -44.7312834709353,-1.98742029633471 -44.7311689231638,-1.98710854002478 -44.7312028999234,-1.98697402869281 -44.7312071536196,-1.98691637929173 -44.731211409041,-1.98684805394691 -44.731207176401,-1.98677545683542 -44.7310331860156,-1.98659607249837 -44.7309780309012,-1.98646154657518 -44.7308528643503,-1.98619889785892 -44.7308337847082,-1.98607505378642 -44.7308147043767,-1.98595548009126 -44.730797742778,-1.98585725863059 -44.7308104859168,-1.98579534024443 -44.7308232325091,-1.98571206997106 -44.7308211293231,-1.98559463424526 -44.73084452967,-1.98524660230938 -44.7308572783247,-1.9851505209021 -44.7308827576733,-1.98506938789987 -44.7309464408444,-1.98496050369509 -44.7309910198526,-1.98487937381541 -44.7310122482622,-1.98483880870126 -44.7310462142674,-1.98477048821572 -44.7310844280893,-1.98468081653551 -44.7310971781013,-1.98457619436813 -44.7311120433979,-1.98451427632282 -44.7311184206437,-1.9844480865117 -44.7311396583539,-1.98434987129736 -44.7311969973289,-1.98410219876312 -44.7311991360587,-1.98399971004739 -44.7312649506481,-1.98383317606908 -44.7313095454511,-1.98365382748713 -44.7313159285371,-1.98355133946282 -44.7313392870234,-1.98346166534359 -44.7313668946945,-1.98334209927262 -44.7313350881165,-1.98317981972288 -44.7313372326829,-1.983041032794 -44.7313478635687,-1.98291719357253 -44.731362758784,-1.98266951408913 -44.7314370812872,-1.98238341089943 -44.7315602043124,-1.98215710095035 -44.7315793091081,-1.98212507623056 -44.7316238859304,-1.98205675744991 -44.7316366313976,-1.98197989272376 -44.7316451307811,-1.98191370325025 -44.7316345377483,-1.98180267169622 -44.7317003363724,-1.98173435637003 -44.7317067121949,-1.98167670730556 -44.7318637941394,-1.98142478058269 -44.732035726838,-1.98120061371155 -44.7321588510507,-1.98096576293517 -44.7322374348056,-1.98057290091062 -44.7322969130708,-1.98021633398765 -44.7322905609223,-1.98012665501147 -44.7322629804698,-1.98007754118077 -44.7322269102734,-1.98003483153797 -44.7322163034889,-1.98000920754498 -44.7322247928916,-1.98000493854596 -44.7322396478042,-1.98000707614846 -44.7322905807935,-1.98000281404378 -44.7323309042562,-1.97999000945789 -44.732377591859,-1.97999215222848 -44.7324030576686,-1.9799942915524 -44.7324136668531,-1.98000496922073 -44.7324582254297,-1.98004981542714 -44.732483689871,-1.98006049550646 -44.7325346269698,-1.98003061112469 -44.7326004169272,-1.98001567547533 -44.7326555898284,-1.98003917150699 -44.7326725549476,-1.98011604107069 -44.7326980173392,-1.98013953228204 -44.7327489499912,-1.98013740535278 -44.7328083758072,-1.98010752233872 -44.7328529429456,-1.98009898880635 -44.7328847729041,-1.9801160754795 -44.7329590389368,-1.98018014319252 -44.733007848386,-1.98018442147917 -44.7330418189774,-1.98008620827523 -44.7330142361099,-1.98005204077874 -44.7329824075177,-1.98002641335119 -44.7329463345676,-1.98000078523545 -44.7329060176016,-1.97997302124207 -44.7328805541835,-1.97995593560145 -44.7328338703399,-1.97993030576399 -44.7328020400434,-1.97991535427957 -44.7327171559495,-1.97989612381388 -44.732621661304,-1.9798747564337 -44.7325579986651,-1.97985766459183 -44.7325049486352,-1.97982989852394 -44.7324594615872,-1.97978518561743 -44.7323977867849,-1.97977877003857 -44.7323174082253,-1.97978516255525 -44.7322656808174,-1.9797807503267 -44.7322617125875,-1.97971309087575 -44.7322227197123,-1.97969960616108 -44.7322333350609,-1.97967185042644 -44.7322460746436,-1.97963128390177 -44.7322673046536,-1.97958004280999 -44.7322906599234,-1.97950958536034 -44.7322885459649,-1.97945834047702 -44.7322758217985,-1.97940282349243 -44.7321888302933,-1.97929177952793 -44.7321867142818,-1.97925334577943 -44.732201577067,-1.97920637403199 -44.7322461589094,-1.97910602738119 -44.7322185853216,-1.97901420976941 -44.7322228378979,-1.97896296591991 -44.7322377030758,-1.97890104784764 -44.7322440819381,-1.978824182073 -44.7322334816652,-1.97875798948746 -44.732237736294,-1.97869393450287 -44.7322547222756,-1.97864055753089 -44.7322780741037,-1.97859145197022 -44.7323268944562,-1.97852740421796 -44.7323608557984,-1.97848684113404 -44.7324011823023,-1.97845481983867 -44.7324627333151,-1.97840572047089 -44.7325179177925,-1.97835662006793 -44.7325518774167,-1.97832673292484 -44.7326134253436,-1.97829685025289 -44.7326579965346,-1.97826269444863 -44.7326749804463,-1.97822212860487 -44.7326898462813,-1.97815594014636 -44.7326792500922,-1.9780641252907 -44.7326622887402,-1.9779637686466 -44.732598666848,-1.97769258929983 -44.7324819772341,-1.9775046737321 -44.7324013560856,-1.97737014373885 -44.7323652883286,-1.97731248778093 -44.7322931497426,-1.97721639256617 -44.732235863999,-1.97713524608334 -44.7321255355095,-1.97698149455916 -44.7320915892602,-1.9769281093201 -44.7320831094591,-1.97687259302467 -44.7320979718746,-1.97682775646345 -44.7321383034718,-1.97676370733174 -44.7322041316157,-1.97650963049326 -44.732214750016,-1.97646265805232 -44.7322635767954,-1.97635804169751 -44.7322933053647,-1.97624488148724 -44.7323166619354,-1.97616588327103 -44.7323527491568,-1.97610183344226 -44.7323952056323,-1.97602070313013 -44.7323952275051,-1.97588405101991 -44.7324037285039,-1.9758071855831 -44.7323846398735,-1.97573885643339 -44.7323379609337,-1.97568333394871 -44.7322721790142,-1.97564916025965 -44.7322085127745,-1.97565555550712 -44.7321427240188,-1.97566408559713 -44.7320578380937,-1.97565766626218 -44.731983563723,-1.97564697826632 -44.7319347568075,-1.97562775364358 -44.7319008071631,-1.9755957202958 -44.7318477603542,-1.97554873752317 -44.7318286645584,-1.97552524734217 -44.73178834874,-1.97549107776994 -44.7316822565087,-1.97538857146138 -44.7317013714834,-1.97529249105311 -44.7317310956084,-1.97520708831276 -44.7317756715171,-1.97514303987433 -44.7318266115448,-1.97509393879154 -44.731939104509,-1.97498292720632 -44.7319751900014,-1.97492955332924 -44.7320112884897,-1.97479504226203 -44.7319115580084,-1.97472242965228 -44.7318394085908,-1.97469466048667 -44.7317630131193,-1.97467756657506 -44.7317184495517,-1.97466474820623 -44.7315805138241,-1.97463056278201 -44.7314447047315,-1.97456862023367 -44.7312219112867,-1.97435292991621 -44.731200690939,-1.974344385709 -44.7310372905635,-1.97430165534681 -44.7309120834536,-1.97429522940154 -44.7308738898551,-1.9742610601586 -44.7308357055312,-1.97416924081215 -44.7308229869261,-1.9740795608011 -44.7307741955292,-1.97396425264742 -44.7306914552388,-1.97381264074993 -44.7306384195147,-1.97369733190288 -44.7305174712351,-1.97360122868959 -44.7304241043127,-1.97354783374576 -44.7303180009324,-1.97351578861011 -44.7302352321441,-1.97354139737702 -44.7301333600302,-1.97359049010017 -44.7300187497198,-1.97367160857015 -44.7298319645614,-1.97388296176054 -44.7298404194672,-1.97409221165235 -44.7296472929026,-1.97414769498945 -44.7295793806565,-1.97416476539195 -44.7294223382442,-1.97417541563826 -44.7292780406051,-1.97411347153827 -44.7291401119108,-1.97403658214937 -44.7289958042696,-1.97403655849928 -44.7289661073592,-1.97395328127053 -44.7289342848222,-1.97389135558029 -44.7288557866341,-1.97375469063079 -44.7288218436631,-1.97368208864807 -44.7287985118937,-1.9736073532167 -44.7287985208881,-1.97355183831183 -44.728819754354,-1.97347924537799 -44.7288516024737,-1.97338316710812 -44.7289047085931,-1.97306289750465 -44.728887744717,-1.97297962236341 -44.7288071160967,-1.97289420159681 -44.7287201175167,-1.97283013166984 -44.7286607029956,-1.97279168852834 -44.7285991621553,-1.97277886730054 -44.7285312516926,-1.97278526172338 -44.7284718278304,-1.97280446866845 -44.7284421181496,-1.97280019341416 -44.7283848226897,-1.97278096730953 -44.72826174379,-1.97273824332331 -44.7282023213141,-1.97274890950423 -44.7281895893373,-1.97274250184643 -44.7281471508021,-1.97271260223222 -44.7280516604631,-1.97266774757668 -44.7280389329953,-1.97263358246688 -44.7280198407542,-1.97258874036771 -44.7279646764946,-1.97251399969731 -44.7278670681666,-1.97244352242219 -44.7277843146822,-1.97237518277501 -44.7276909583448,-1.97225773204316 -44.7276506558863,-1.97214242522902 -44.7275891241099,-1.97207408906767 -44.7275233407085,-1.97205059116355 -44.7274554288881,-1.97206552629965 -44.7274235918455,-1.97209327850636 -44.7273853865589,-1.97213170560563 -44.7273408126798,-1.97218294278528 -44.7273195770909,-1.97226834682513 -44.7273386634008,-1.97234948713259 -44.7274553486321,-1.97255875482989 -44.7275168508867,-1.97280858201521 -44.7275231847347,-1.97300929077718 -44.7272217684671,-1.97342773802902 -44.7268058057126,-1.97353442878027 -44.7266402862045,-1.97347461615293 -44.7265384436675,-1.97334221763929 -44.7263389946034,-1.97312866581893 -44.726020696426,-1.9729620684407 -44.7258381828762,-1.97300474196299 -44.7255283167586,-1.97318404637586 -44.7248279713697,-1.97336328579334 -44.7241913036251,-1.97346566875118 -44.7238941477586,-1.97378162696089 -44.723438048929,-1.97455671684856 -44.7231242462261,-1.99929812616719 -44.7231146782491,-2.00005165725211 -44.7227350858566,-2.00080494452914 -44.7231007360347,-2.00115087715614 -44.7152772442352,-2.00281202339103 -44.7141728390433,-2.0208720808054 -44.7133178294234,-2.03485130592341 -44.718696000881,-2.03441772652348 -44.7277567369397,-2.03368710826231 -44.7276872956005,-2.02305657624484 -44.7328657047824,-2.02322481345891 -44.7533698194482,-2.02367857128293 -44.7533766837916,-2.02367051648338 -44.7534165982773,-2.02362702514687 -44.7534565112449,-2.02359357167966 -44.7534980857776,-2.02356848335758 -44.7535546257763,-2.02354339732116 -44.7536061747595,-2.02353504030493 -44.7536743500199,-2.02354006965441 -44.753747511499,-2.02356015656896 -44.753832310266,-2.02359697504188 -44.7539038031199,-2.02365554020121 -44.7539338593539,-2.02369104985714 -44.7539420413981,-2.02370071645613 -44.7539935810573,-2.02375425963221 -44.7541066471952,-2.02379610134021 -44.7542446522646,-2.02386136854176 -44.7543660401218,-2.02385302214417 -44.7544907715042,-2.02372589476612</coordinates></LinearRing></outerBoundaryIs></Polygon></MultiGeometry>
  </Placemark>
  <Placemark id="recortado.35">
	<name>PACA e ANINGAL</name>
	<Style><LineStyle><color>ff0000ff</color></LineStyle><PolyStyle><fill>0</fill></PolyStyle></Style>
	<ExtendedData><SchemaData schemaUrl="#recortado">
		<SimpleData name="cd_sr">SR-12</SimpleData>
		<SimpleData name="nr_process">54100.002084/2003-78</SimpleData>
		<SimpleData name="nm_municip">VISEU / BOA VISTA DO GURUPI</SimpleData>
		<SimpleData name="cd_uf">MA</SimpleData>
		<SimpleData name="nr_familia">22</SimpleData>
		<SimpleData name="dt_titulac">14/12/2004</SimpleData>
		<SimpleData name="nr_area_ha">1284.239600000000110</SimpleData>
		<SimpleData name="area_calc_">1297.5305</SimpleData>
		<SimpleData name="perimetro_">162196.4375</SimpleData>
		<SimpleData name="esfera">FEDERAL</SimpleData>
		<SimpleData name="fase">TITULADO</SimpleData>
		<SimpleData name="responsave">INCRA</SimpleData>
	</SchemaData></ExtendedData>
      <MultiGeometry><Polygon><outerBoundaryIs><LinearRing><coordinates>-46.2559445553874,-1.72718494082059 -46.256194009,-1.72739242999996 -46.2580506559999,-1.72803511399991 -46.2582559382045,-1.72804463464139 -46.2559445553874,-1.72718494082059</coordinates></LinearRing></outerBoundaryIs></Polygon></MultiGeometry>
  </Placemark>
  <Placemark id="recortado.36">
	<name>IPIRANGA DO CARMINA</name>
	<Style><LineStyle><color>ff0000ff</color></LineStyle><PolyStyle><fill>0</fill></PolyStyle></Style>
	<ExtendedData><SchemaData schemaUrl="#recortado">
		<SimpleData name="cd_quilomb">67</SimpleData>
		<SimpleData name="cd_sr">SR-12</SimpleData>
		<SimpleData name="nr_process">54230.004778/2004-45</SimpleData>
		<SimpleData name="nm_municip">ITAPECURU-MIRIM</SimpleData>
		<SimpleData name="cd_uf">MA</SimpleData>
		<SimpleData name="dt_publica">22/08/2005</SimpleData>
		<SimpleData name="dt_public1">27/09/2006</SimpleData>
		<SimpleData name="nr_familia">52</SimpleData>
		<SimpleData name="nr_area_ha">1442.711800000000039</SimpleData>
		<SimpleData name="nr_perimet">20470.490000000001601</SimpleData>
		<SimpleData name="ob_descric">estudo de delimitação</SimpleData>
		<SimpleData name="st_titulad">F</SimpleData>
		<SimpleData name="tp_levanta">GPS TOPOGRÁFICO</SimpleData>
		<SimpleData name="nr_escalao">1/40.000</SimpleData>
		<SimpleData name="area_calc_">1423.6014</SimpleData>
		<SimpleData name="perimetro_">184853.0891</SimpleData>
		<SimpleData name="esfera">FEDERAL</SimpleData>
		<SimpleData name="fase">PORTARIA</SimpleData>
		<SimpleData name="responsave">INCRA</SimpleData>
	</SchemaData></ExtendedData>
      <MultiGeometry><Polygon><outerBoundaryIs><LinearRing><coordinates>-44.2134553791937,-3.36245691189639 -44.2056762981915,-3.36440944351163 -44.2045573246657,-3.36454313490873 -44.2040471881949,-3.36480351797436 -44.2050023913624,-3.37170598143215 -44.2063407751865,-3.38128398325063 -44.2081560085402,-3.39204073318311 -44.2224888839448,-3.39150311912955 -44.2472023161631,-3.42755457625789 -44.2532866981844,-3.42381891314865 -44.2478370746044,-3.41481696672157 -44.2461359794765,-3.41194172711769 -44.2327703417242,-3.37848470869523 -44.2252509594517,-3.35977848417108 -44.2196006821804,-3.36109606991205 -44.2181581069517,-3.36135037573015 -44.2147282787322,-3.36141708668611 -44.2134553791937,-3.36245691189639</coordinates></LinearRing></outerBoundaryIs></Polygon></MultiGeometry>
  </Placemark>
  <Placemark id="recortado.37">
	<name>JIQUIRI/SÃO RAIMUNDO</name>
	<Style><LineStyle><color>ff0000ff</color></LineStyle><PolyStyle><fill>0</fill></PolyStyle></Style>
	<ExtendedData><SchemaData schemaUrl="#recortado">
		<SimpleData name="cd_sr">SR(MA</SimpleData>
		<SimpleData name="nr_process">54230.003775/2004-94</SimpleData>
		<SimpleData name="nm_municip">SANTA RITA</SimpleData>
		<SimpleData name="cd_uf">MA</SimpleData>
		<SimpleData name="dt_publica">2020/12/02</SimpleData>
		<SimpleData name="dt_public1">2020/12/01</SimpleData>
		<SimpleData name="nr_familia">168</SimpleData>
		<SimpleData name="ob_descric">estudo de delimitação</SimpleData>
		<SimpleData name="st_titulad">F</SimpleData>
		<SimpleData name="tp_levanta">GPS TOPOGRÁFICO</SimpleData>
		<SimpleData name="nr_escalao">1/40.000</SimpleData>
		<SimpleData name="area_calc_">2000.4069</SimpleData>
		<SimpleData name="perimetro_">159611.4662</SimpleData>
		<SimpleData name="esfera">FEDERAL</SimpleData>
		<SimpleData name="fase">RTID</SimpleData>
		<SimpleData name="responsave">INCRA</SimpleData>
	</SchemaData></ExtendedData>
      <MultiGeometry><Polygon><outerBoundaryIs><LinearRing><coordinates>-44.2931977077731,-3.24678325467862 -44.2934873465588,-3.24710173274185 -44.3020184487062,-3.24683581222531 -44.3308211285611,-3.2375967407556 -44.3382807931437,-3.23643430895464 -44.3366750593658,-3.22043466319489 -44.3352393666695,-3.20855000050224 -44.2889111373363,-3.20965954818534 -44.288485813966,-3.21501512904594 -44.2873949443568,-3.22405393966385 -44.2869929714791,-3.2288815900439 -44.2870037944087,-3.22969151971297 -44.2872637817269,-3.23205421041556 -44.2877571659086,-3.23415784394474 -44.2885650291121,-3.23641473861923 -44.2889971463319,-3.23744659367854 -44.2898490727372,-3.23915058600677 -44.2903181719521,-3.24019045842981 -44.2909358045878,-3.24192846288829 -44.2916845792146,-3.24398524870426 -44.2921787604163,-3.24516416313644 -44.2931977077731,-3.24678325467862</coordinates></LinearRing></outerBoundaryIs></Polygon></MultiGeometry>
  </Placemark>
  <Placemark id="recortado.38">
	<name>CARIONGO</name>
	<Style><LineStyle><color>ff0000ff</color></LineStyle><PolyStyle><fill>0</fill></PolyStyle></Style>
	<ExtendedData><SchemaData schemaUrl="#recortado">
		<SimpleData name="cd_quilomb">443</SimpleData>
		<SimpleData name="cd_sr">SR-12</SimpleData>
		<SimpleData name="nr_process">54230.007149/2005-58
</SimpleData>
		<SimpleData name="nm_municip">SANTA RITA</SimpleData>
		<SimpleData name="cd_uf">MA</SimpleData>
		<SimpleData name="dt_publica">28/09/2015</SimpleData>
		<SimpleData name="dt_public1">02/05/2019</SimpleData>
		<SimpleData name="nr_familia">70</SimpleData>
		<SimpleData name="nr_area_ha">559.429300000000012</SimpleData>
		<SimpleData name="nr_perimet">11315.209999999999127</SimpleData>
		<SimpleData name="tp_levanta">GPS (Junno)</SimpleData>
		<SimpleData name="nr_escalao">1:35.000</SimpleData>
		<SimpleData name="area_calc_">556.7737</SimpleData>
		<SimpleData name="perimetro_">151018.2605</SimpleData>
		<SimpleData name="esfera">FEDERAL</SimpleData>
		<SimpleData name="fase">PORTARIA</SimpleData>
		<SimpleData name="responsave">INCRA</SimpleData>
	</SchemaData></ExtendedData>
      <MultiGeometry><Polygon><outerBoundaryIs><LinearRing><coordinates>-44.3766946804272,-3.20534877511406 -44.3664906106919,-3.20419557263563 -44.3619766541136,-3.20464960514253 -44.3616206784728,-3.21758004020224 -44.3700853261838,-3.21661120078935 -44.3698246344978,-3.21609538972978 -44.3766946804272,-3.20534877511406</coordinates></LinearRing></outerBoundaryIs></Polygon><Polygon><outerBoundaryIs><LinearRing><coordinates>-44.3616815201541,-3.2046792737682 -44.3503711115876,-3.20581668694482 -44.3561866403076,-3.21820190086091 -44.3613294985511,-3.21761341951017 -44.3616815201541,-3.2046792737682</coordinates></LinearRing></outerBoundaryIs></Polygon><Polygon><outerBoundaryIs><LinearRing><coordinates>-44.3350945323434,-3.20735105981175 -44.3366750593658,-3.22043466319489 -44.3543921257685,-3.2184072919355 -44.3485654749377,-3.2059982727005 -44.3350945323434,-3.20735105981175</coordinates></LinearRing></outerBoundaryIs></Polygon></MultiGeometry>
  </Placemark>
  <Placemark id="recortado.39">
	<name>BENFICA</name>
	<Style><LineStyle><color>ff0000ff</color></LineStyle><PolyStyle><fill>0</fill></PolyStyle></Style>
	<ExtendedData><SchemaData schemaUrl="#recortado">
		<SimpleData name="cd_sr">SR-12</SimpleData>
		<SimpleData name="nr_process">54230.000415/2007-83</SimpleData>
		<SimpleData name="nm_municip">ITAPECURU-MIRIM</SimpleData>
		<SimpleData name="cd_uf">MA</SimpleData>
		<SimpleData name="dt_publica">24/07/2018</SimpleData>
		<SimpleData name="dt_public1">25/07/2018</SimpleData>
		<SimpleData name="nr_familia">110</SimpleData>
		<SimpleData name="nr_area_ha">3545.329000000000178</SimpleData>
		<SimpleData name="nr_perimet">27091.130000000001019</SimpleData>
		<SimpleData name="tp_levanta">GPS Promark 3, Imagem Google Earth 2018 e Imagem Digital Globe</SimpleData>
		<SimpleData name="nr_escalao">1:45.000</SimpleData>
		<SimpleData name="area_calc_">3547.4538</SimpleData>
		<SimpleData name="perimetro_">244433.8125</SimpleData>
		<SimpleData name="esfera">FEDERAL</SimpleData>
		<SimpleData name="fase">RTID</SimpleData>
		<SimpleData name="responsave">INCRA</SimpleData>
	</SchemaData></ExtendedData>
      <MultiGeometry><Polygon><outerBoundaryIs><LinearRing><coordinates>-44.1899460411983,-3.30282399814478 -44.1702063679577,-3.30631145182236 -44.1642161985754,-3.30957926507577 -44.1546759978103,-3.31987339070816 -44.1568880769788,-3.32236294591365 -44.1587863412595,-3.3234320031073 -44.1593170291397,-3.3238576205823 -44.159964437331,-3.32462708699117 -44.1606292667375,-3.3260840669226 -44.1610693441202,-3.32722424357005 -44.1611319828885,-3.32765850689584 -44.1611754032512,-3.32953107383616 -44.1610821700783,-3.33333937581807 -44.1612884705995,-3.33418987982692 -44.1630935219888,-3.33907628482119 -44.1634111114704,-3.33999165385818 -44.1634422176582,-3.34088615299087 -44.1630903453346,-3.3428264501574 -44.1627646336385,-3.34480214634956 -44.1627820139756,-3.34553489037361 -44.1640216627288,-3.34847591542159 -44.1652077476127,-3.35090127026515 -44.1667264107219,-3.35387871823964 -44.167052640937,-3.35437508236638 -44.1717664255806,-3.35962644726796 -44.1735877271061,-3.36165512796814 -44.1746877870164,-3.36248395812679 -44.1758814291487,-3.36356579484341 -44.1789242955208,-3.36646618963578 -44.1841783380026,-3.36624139134658 -44.1936988890076,-3.36964163394905 -44.1947070135536,-3.3696696098223 -44.1980718136828,-3.36965032523125 -44.1987395666071,-3.36971818020892 -44.2014208476188,-3.37108635592204 -44.2045721063466,-3.37125407682075 -44.2036330371357,-3.36455024147653 -44.2177520121871,-3.36110211058799 -44.2191870538788,-3.36083950506886 -44.2197038554442,-3.36079240040412 -44.2220967882938,-3.35999447348953 -44.2248411665559,-3.35952512359055 -44.2293043323538,-3.35841288200373 -44.2247163991784,-3.33111198467422 -44.1962483023889,-3.33405634103592 -44.1899460411983,-3.30282399814478</coordinates></LinearRing></outerBoundaryIs></Polygon></MultiGeometry>
  </Placemark>
  <Placemark id="recortado.40">
	<name>SANTA LUZIA</name>
	<Style><LineStyle><color>ff0000ff</color></LineStyle><PolyStyle><fill>0</fill></PolyStyle></Style>
	<ExtendedData><SchemaData schemaUrl="#recortado">
		<SimpleData name="cd_sr">SR-12</SimpleData>
		<SimpleData name="nr_process">54230.002866/2007-55</SimpleData>
		<SimpleData name="nm_municip">Santa Rita</SimpleData>
		<SimpleData name="cd_uf">MA</SimpleData>
		<SimpleData name="dt_publica">24/11/2020</SimpleData>
		<SimpleData name="dt_public1">06/07/2021</SimpleData>
		<SimpleData name="nr_familia">70</SimpleData>
		<SimpleData name="nr_area_ha">1496.140000000000100</SimpleData>
		<SimpleData name="nr_perimet">24590.919999999998254</SimpleData>
		<SimpleData name="area_calc_">1497.1487</SimpleData>
		<SimpleData name="perimetro_">221570.6082</SimpleData>
		<SimpleData name="esfera">FEDERAL</SimpleData>
		<SimpleData name="fase">PORTARIA</SimpleData>
		<SimpleData name="responsave">INCRA</SimpleData>
	</SchemaData></ExtendedData>
      <MultiGeometry><Polygon><outerBoundaryIs><LinearRing><coordinates>-44.2163977546943,-3.27004389224341 -44.2162176331509,-3.2701884897291 -44.2190618912216,-3.27004597775871 -44.2227438347968,-3.26907186029111 -44.229979013444,-3.26775962821604 -44.2434208413643,-3.2637805388332 -44.2438707914667,-3.26532483261994 -44.2459806688961,-3.27233725646988 -44.2457437243514,-3.27625409654747 -44.2460935367577,-3.2781874762874 -44.2643275871266,-3.27338915264497 -44.262864386713,-3.26956348451298 -44.2861802122485,-3.26225544335452 -44.3090327743799,-3.25652150954478 -44.3053323513911,-3.25678448327823 -44.3030008055288,-3.25607200410575 -44.3010814006223,-3.25522384065241 -44.3003744019286,-3.25471521489998 -44.2994652062473,-3.25427420488028 -44.2981858306987,-3.25329938231903 -44.2970749288174,-3.25235018720173 -44.2959135483239,-3.25138394881184 -44.2952402404289,-3.25084151084746 -44.2944826538842,-3.25034976338656 -44.2934725746946,-3.24977325490456 -44.2924792966279,-3.24911199334184 -44.2917726848417,-3.24806139794157 -44.290897893891,-3.24657030855065 -44.2903263755583,-3.24501167569915 -44.290057849323,-3.24365652741066 -44.2896541388823,-3.2429449301039 -44.2893240175472,-3.24229425929481 -44.2782473441269,-3.24764660170117 -44.2352090576635,-3.25775561618313 -44.2303751642425,-3.25865653930169 -44.2267203457177,-3.25952216243365 -44.2226063930931,-3.26053215370337 -44.2216780316557,-3.26225020826615 -44.2202102555023,-3.26317177721119 -44.2192626285344,-3.26651812505937 -44.2171184227449,-3.26923030147824 -44.2163977546943,-3.27004389224341</coordinates></LinearRing></outerBoundaryIs></Polygon></MultiGeometry>
  </Placemark>
  <Placemark id="recortado.41">
	<name>SANTANA e SÃO PATRÍCIO</name>
	<Style><LineStyle><color>ff0000ff</color></LineStyle><PolyStyle><fill>0</fill></PolyStyle></Style>
	<ExtendedData><SchemaData schemaUrl="#recortado">
		<SimpleData name="cd_sr">SR-12</SimpleData>
		<SimpleData name="nr_process">54230.000431/2007-76</SimpleData>
		<SimpleData name="nm_municip">SANTA RITA e ITAPECURU-MIRIM</SimpleData>
		<SimpleData name="cd_uf">MA</SimpleData>
		<SimpleData name="dt_publica">17/07/2017</SimpleData>
		<SimpleData name="nr_familia">130</SimpleData>
		<SimpleData name="nr_area_ha">1279.731999999999971</SimpleData>
		<SimpleData name="nr_perimet">2016.210000000000036</SimpleData>
		<SimpleData name="tp_levanta">Levantamento GPS e planta PA Sãso Francisco e planta georreferenciada Faz. Larissa.</SimpleData>
		<SimpleData name="nr_escalao">1:50.000</SimpleData>
		<SimpleData name="area_calc_">1280.6412</SimpleData>
		<SimpleData name="perimetro_">249495.0720</SimpleData>
		<SimpleData name="esfera">FEDERAL</SimpleData>
		<SimpleData name="fase">RTID</SimpleData>
		<SimpleData name="responsave">INCRA</SimpleData>
	</SchemaData></ExtendedData>
      <MultiGeometry><Polygon><outerBoundaryIs><LinearRing><coordinates>-44.3590304901083,-3.22746493623956 -44.3577677173421,-3.22819171150958 -44.3575777111979,-3.22830076076541 -44.3556443201683,-3.22787230684843 -44.3560586211013,-3.22908148279925 -44.3557432051938,-3.22923510120934 -44.3553202520848,-3.2278168266981 -44.3523797514349,-3.22737981573681 -44.3509418088594,-3.22745298534073 -44.3513494809659,-3.23218086702904 -44.351046143878,-3.2323473678988 -44.3506719195393,-3.23251296516178 -44.350114551593,-3.23274745822267 -44.3494066937142,-3.23300759457561 -44.3488844967991,-3.23318302129934 -44.3483715963421,-3.23342937297208 -44.347327784788,-3.23396590907599 -44.3520201251254,-3.24823766726892 -44.3558792370879,-3.24663768915759 -44.3557805077432,-3.25788631501971 -44.355594931205,-3.25911024797436 -44.3621711889515,-3.25546402549689 -44.3720725767653,-3.24998575062093 -44.3590304901083,-3.22746493623956</coordinates></LinearRing></outerBoundaryIs></Polygon><Polygon><outerBoundaryIs><LinearRing><coordinates>-44.3618073980606,-3.22507134686202 -44.3618014615816,-3.22508542839407 -44.3617949204311,-3.22509674680228 -44.361786395627,-3.2251114975922 -44.3617804081196,-3.22512185800129 -44.3616966023521,-3.22526687032272 -44.3615685333402,-3.22551758017095 -44.3614406078232,-3.22572565785006 -44.3612859045787,-3.22594131115046 -44.3611945267109,-3.22605342771988 -44.3610225161536,-3.22620776853061 -44.3608333333862,-3.22637923815272 -44.3606431840018,-3.22653529272482 -44.3604029607315,-3.22672985322713 -44.3607720426058,-3.22736718770636 -44.3616197760951,-3.22883106004242 -44.3636182727448,-3.23228206271431 -44.3656167813822,-3.23573306389334 -44.3730811509342,-3.24862225219526 -44.3787215259516,-3.24616886893644 -44.3670410652305,-3.23248019531619 -44.3654380755555,-3.23061860769483 -44.3646210746165,-3.22941185616378 -44.3637351277391,-3.22836014309842 -44.3631664810049,-3.22773692730826 -44.3629574397891,-3.22746809963561 -44.3627469137419,-3.22719697910547 -44.3625256262063,-3.22685133854092 -44.3625239739832,-3.22685182457214 -44.3622596061649,-3.22640701924497 -44.3620520418818,-3.22590130688192 -44.3619099849928,-3.22544107646963 -44.3618073980606,-3.22507134686202</coordinates></LinearRing></outerBoundaryIs></Polygon><Polygon><outerBoundaryIs><LinearRing><coordinates>-44.3850239128383,-3.21441435371134 -44.3808991624511,-3.21605126642658 -44.3728863383487,-3.21759067792904 -44.3701913829275,-3.2167035406524 -44.3692080442013,-3.22045590069229 -44.3626259560294,-3.22562354629255 -44.3626453249848,-3.22568629694018 -44.3628242980474,-3.22612234861364 -44.3630340233879,-3.22647521627202 -44.3632612105575,-3.22683007147725 -44.3634539677557,-3.22707830865391 -44.3636475861572,-3.22732730233869 -44.3642078872337,-3.22794137118503 -44.3651018995795,-3.22900265807764 -44.3659379054253,-3.23023142274196 -44.3675074183373,-3.23207081263913 -44.3792978135593,-3.24588831027375 -44.3883699682716,-3.23969088760761 -44.3891283737016,-3.23398636613477 -44.3901901897946,-3.22599948476982 -44.3904933818357,-3.22411181268118 -44.3850239128383,-3.21441435371134</coordinates></LinearRing></outerBoundaryIs></Polygon></MultiGeometry>
  </Placemark>
  <Placemark id="recortado.42">
	<name>PIQUI/SANTA MARIA</name>
	<Style><LineStyle><color>ff0000ff</color></LineStyle><PolyStyle><fill>0</fill></PolyStyle></Style>
	<ExtendedData><SchemaData schemaUrl="#recortado">
		<SimpleData name="cd_quilomb">109</SimpleData>
		<SimpleData name="cd_sr">SR-12</SimpleData>
		<SimpleData name="nr_process">54230.001497/2005-11</SimpleData>
		<SimpleData name="nm_municip">ITAPECURU-MIRIM</SimpleData>
		<SimpleData name="cd_uf">MA</SimpleData>
		<SimpleData name="dt_publica">04/10/2006</SimpleData>
		<SimpleData name="dt_public1">05/09/2007</SimpleData>
		<SimpleData name="nr_familia">352</SimpleData>
		<SimpleData name="dt_titulac">02/12/2014</SimpleData>
		<SimpleData name="nr_area_ha">5584.162000000000262</SimpleData>
		<SimpleData name="nr_perimet">34127.423900000001595</SimpleData>
		<SimpleData name="ob_descric">Estudo de delimitação</SimpleData>
		<SimpleData name="st_titulad">F</SimpleData>
		<SimpleData name="dt_decreto">23/11/2009</SimpleData>
		<SimpleData name="area_calc_">5587.5887</SimpleData>
		<SimpleData name="perimetro_">306283.2266</SimpleData>
		<SimpleData name="esfera">FEDERAL</SimpleData>
		<SimpleData name="fase">TITULO PARCIAL</SimpleData>
		<SimpleData name="responsave">INCRA</SimpleData>
	</SchemaData></ExtendedData>
      <MultiGeometry><Polygon><outerBoundaryIs><LinearRing><coordinates>-44.306632774147,-3.30253193891045 -44.3029262520622,-3.30178364325772 -44.2987705990112,-3.29974111642141 -44.2979612248155,-3.29719109902648 -44.2973031482786,-3.29581391069479 -44.2966450679295,-3.29443672724774 -44.2948222050786,-3.29137604778375 -44.2936019444644,-3.29083800722982 -44.2932003983669,-3.29066095693069 -44.2923903947727,-3.28902878107242 -44.2922916326695,-3.28535743171895 -44.2922284550952,-3.28474962340795 -44.291913796127,-3.28239529841291 -44.2914841122943,-3.28020686196776 -44.2912819352038,-3.27933989775185 -44.2910802977379,-3.27770806487226 -44.2911173013962,-3.27701065604418 -44.2911830987974,-3.27577050094413 -44.2916910205892,-3.27434316701913 -44.2941144857221,-3.27133923300875 -44.2702220030939,-3.27188266546323 -44.2653160087969,-3.27415140819015 -44.2646052237992,-3.27378903301262 -44.2225099739789,-3.28486587665065 -44.2233975806036,-3.28933539570237 -44.2248194767661,-3.2896078923157 -44.2218741946693,-3.29226517335743 -44.1899223171658,-3.30280549518724 -44.196215565579,-3.3340740913501 -44.2587955825232,-3.32809858763853 -44.3060296243953,-3.30285436642664 -44.306632774147,-3.30253193891045</coordinates></LinearRing></outerBoundaryIs></Polygon></MultiGeometry>
  </Placemark>
  <Placemark id="recortado.43">
	<name>JUÇARAL/SANTA HELENA</name>
	<Style><LineStyle><color>ff0000ff</color></LineStyle><PolyStyle><fill>0</fill></PolyStyle></Style>
	<ExtendedData><SchemaData schemaUrl="#recortado">
		<SimpleData name="cd_sr">SR-12</SimpleData>
		<SimpleData name="nr_process">1066/06</SimpleData>
		<SimpleData name="nm_municip">ITAPECURU-MIRIM</SimpleData>
		<SimpleData name="cd_uf">MA</SimpleData>
		<SimpleData name="nr_familia">30</SimpleData>
		<SimpleData name="dt_titulac">20/11/2006</SimpleData>
		<SimpleData name="nr_area_ha">345.433100000000024</SimpleData>
		<SimpleData name="area_calc_">478.3560</SimpleData>
		<SimpleData name="perimetro_">120106.2438</SimpleData>
		<SimpleData name="esfera">ESTADUAL</SimpleData>
		<SimpleData name="fase">TITULADO</SimpleData>
		<SimpleData name="responsave">ITERMA</SimpleData>
	</SchemaData></ExtendedData>
      <MultiGeometry><Polygon><outerBoundaryIs><LinearRing><coordinates>-44.0798893349999,-3.43358151799992 -44.0945625009999,-3.43096015899994 -44.1004503589999,-3.4361169299999 -44.101724057,-3.4357770869999 -44.104479308,-3.43728615899994 -44.1034750339999,-3.44068455699993 -44.1055411959999,-3.44174578199994 -44.106187717,-3.44193660399993 -44.1066917609999,-3.44146954499996 -44.10723056,-3.44122046699994 -44.108335044,-3.44107359699996 -44.109181787,-3.44153381699993 -44.1098557259999,-3.44189998899992 -44.1104325869999,-3.44234924899996 -44.1111525879999,-3.44310234599993 -44.1122599159999,-3.44423988499994 -44.1181279229999,-3.43952807699992 -44.1242720469999,-3.42503127999992 -44.116690962,-3.4271848589999 -44.1110475819999,-3.42693143999993 -44.1085313179999,-3.42423497499994 -44.105566237,-3.42937767499995 -44.0957228569999,-3.42795910299991 -44.0931850889999,-3.4236991429999 -44.0823784059999,-3.42834970399991 -44.0798893349999,-3.43358151799992</coordinates></LinearRing></outerBoundaryIs></Polygon></MultiGeometry>
  </Placemark>
  <Placemark id="recortado.44">
	<name>SAO MANOEL-MA</name>
	<Style><LineStyle><color>ff0000ff</color></LineStyle><PolyStyle><fill>0</fill></PolyStyle></Style>
	<ExtendedData><SchemaData schemaUrl="#recortado">
		<SimpleData name="cd_sr">SR-12</SimpleData>
		<SimpleData name="nr_process">5359/08</SimpleData>
		<SimpleData name="nm_municip">VIANA</SimpleData>
		<SimpleData name="cd_uf">MA</SimpleData>
		<SimpleData name="nr_familia">22</SimpleData>
		<SimpleData name="dt_titulac">18/08/2011</SimpleData>
		<SimpleData name="nr_area_ha">223.364200000000011</SimpleData>
		<SimpleData name="area_calc_">223.5405</SimpleData>
		<SimpleData name="perimetro_">55930.2924</SimpleData>
		<SimpleData name="esfera">ESTADUAL</SimpleData>
		<SimpleData name="fase">TITULADO</SimpleData>
		<SimpleData name="responsave">ITERMA</SimpleData>
	</SchemaData></ExtendedData>
      <MultiGeometry><Polygon><outerBoundaryIs><LinearRing><coordinates>-45.1780339235865,-2.99351824156926 -45.1685080981366,-2.99660455752164 -45.1684251091707,-2.99779081347079 -45.1683498765716,-3.00009974209405 -45.1695072299548,-3.00535522800393 -45.1762361804717,-3.01586754514125 -45.1821064347504,-3.00021788332935 -45.1798057365016,-2.99645019722067 -45.1780339235865,-2.99351824156926</coordinates></LinearRing></outerBoundaryIs></Polygon></MultiGeometry>
  </Placemark>
  <Placemark id="recortado.45">
	<name>SAO FRANCISCO MALAQUIAS</name>
	<Style><LineStyle><color>ff0000ff</color></LineStyle><PolyStyle><fill>0</fill></PolyStyle></Style>
	<ExtendedData><SchemaData schemaUrl="#recortado">
		<SimpleData name="cd_quilomb">81</SimpleData>
		<SimpleData name="cd_sr">SR-12</SimpleData>
		<SimpleData name="nr_process">54230.01526/2006-26</SimpleData>
		<SimpleData name="nm_municip">VARGEM GRANDE</SimpleData>
		<SimpleData name="cd_uf">MA</SimpleData>
		<SimpleData name="dt_publica">26/06/2007</SimpleData>
		<SimpleData name="dt_public1">22/12/2008</SimpleData>
		<SimpleData name="nr_familia">28</SimpleData>
		<SimpleData name="dt_titulac">02/12/2014</SimpleData>
		<SimpleData name="nr_area_ha">1089.091799999999921</SimpleData>
		<SimpleData name="nr_perimet">14991.255900000000111</SimpleData>
		<SimpleData name="ob_descric">Estudo de Delimitação</SimpleData>
		<SimpleData name="st_titulad">F</SimpleData>
		<SimpleData name="dt_decreto">30/11/2009</SimpleData>
		<SimpleData name="area_calc_">1087.4135</SimpleData>
		<SimpleData name="perimetro_">135171.8430</SimpleData>
		<SimpleData name="esfera">FEDERAL</SimpleData>
		<SimpleData name="fase">TITULO PARCIAL</SimpleData>
		<SimpleData name="responsave">INCRA</SimpleData>
	</SchemaData></ExtendedData>
      <MultiGeometry><Polygon><outerBoundaryIs><LinearRing><coordinates>-44.0506482729844,-3.58948502452981 -44.0418848889777,-3.57829868911903 -44.040808027975,-3.57857616729981 -44.0407027093987,-3.57856085992039 -44.0403227614632,-3.57849695998614 -44.0400493705288,-3.57846953563821 -44.0396926975895,-3.57844672745246 -44.0394678840239,-3.57854282796257 -44.0390759663364,-3.57864797928545 -44.0387480412728,-3.57877065597041 -44.0383606273536,-3.57895984631161 -44.0380173763043,-3.57918879361157 -44.0376266970219,-3.57931475062218 -44.0371953899614,-3.57946409298969 -44.0365798960754,-3.5796866015103 -44.0359039449744,-3.57995427422618 -44.0356813374987,-3.58009252889295 -44.0350071612703,-3.58047037928753 -44.0284878192732,-3.56535690325213 -43.9998624022742,-3.57534911332718 -44.000732637763,-3.58106109941702 -44.0051457428994,-3.58632332285707 -44.0178166501334,-3.59123075988539 -44.0461593072677,-3.59636612287574 -44.0529446554328,-3.59301299408561 -44.0519040369971,-3.59156640091408 -44.0506482729844,-3.58948502452981</coordinates></LinearRing></outerBoundaryIs></Polygon></MultiGeometry>
  </Placemark>
  <Placemark id="recortado.46">
	<name>SANTO ANTONIO DOS PRETOS</name>
	<Style><LineStyle><color>ff0000ff</color></LineStyle><PolyStyle><fill>0</fill></PolyStyle></Style>
	<ExtendedData><SchemaData schemaUrl="#recortado">
		<SimpleData name="cd_sr">SR-12</SimpleData>
		<SimpleData name="nr_process">54230.007475/2005-65</SimpleData>
		<SimpleData name="nm_municip">GRAJAU</SimpleData>
		<SimpleData name="cd_uf">MA</SimpleData>
		<SimpleData name="dt_publica">17/02/2025</SimpleData>
		<SimpleData name="nr_familia">15</SimpleData>
		<SimpleData name="dt_decreto">20/11/2003</SimpleData>
		<SimpleData name="area_calc_">2760.1710</SimpleData>
		<SimpleData name="perimetro_">285185.0899</SimpleData>
		<SimpleData name="esfera">FEDERAL</SimpleData>
		<SimpleData name="fase">RTID</SimpleData>
		<SimpleData name="responsave">INCRA</SimpleData>
	</SchemaData></ExtendedData>
      <MultiGeometry><Polygon><outerBoundaryIs><LinearRing><coordinates>-46.3934255700076,-6.12709897055213 -46.393272669934,-6.12712952067197 -46.3931407013222,-6.12793494246656 -46.3928655629044,-6.12820917775943 -46.3917026961276,-6.12814252738213 -46.3911588410745,-6.12818522501767 -46.3898237946712,-6.12733458031809 -46.3894243822407,-6.1274052858581 -46.3889385046965,-6.12793552375265 -46.3883892661734,-6.12789049939495 -46.3879086740911,-6.12747372106634 -46.3870165057726,-6.1254117194853 -46.3872063059979,-6.12503449202508 -46.3868191651649,-6.12486518748954 -46.3863047616944,-6.12533098714413 -46.3856127047036,-6.12688616978753 -46.3842242539527,-6.12631690898319 -46.3837796651386,-6.12586390748833 -46.3829100488732,-6.12654737406501 -46.3823866824403,-6.12753959426632 -46.3817275971671,-6.12788706585064 -46.3815321316036,-6.12806819710716 -46.3820900483032,-6.12847962200393 -46.3819985937887,-6.12900625793624 -46.3805924864217,-6.12959305035079 -46.3803919434158,-6.12980515921698 -46.3795559161387,-6.12951830742433 -46.3794211289987,-6.12923481079799 -46.3786896817864,-6.12951537542755 -46.3785876201825,-6.1299285013783 -46.378026507729,-6.13028087834715 -46.3774696501923,-6.13028230987204 -46.3773891449549,-6.129049086636 -46.3771461608395,-6.12879683192311 -46.3768625766775,-6.12879756037125 -46.3771469019526,-6.12908583460815 -46.3769934370871,-6.12956102213046 -46.3762890642798,-6.13034727248842 -46.3758942406878,-6.13120497882143 -46.3746477854272,-6.13172425793028 -46.3739161065956,-6.1319170842685 -46.3726308486219,-6.13137849387672 -46.3719502024396,-6.13136475458049 -46.3708287267844,-6.13236882174072 -46.3690848901771,-6.13195525495683 -46.3683013040354,-6.13201402559054 -46.3673558661638,-6.13128360326656 -46.3661277504648,-6.1309099958791 -46.3660808069819,-6.13069852195517 -46.3663218442904,-6.13018698639576 -46.3661087105116,-6.12950630153432 -46.3654224627656,-6.12931709974108 -46.3643923953223,-6.1297738750999 -46.3646748656637,-6.13136268926847 -46.3651251942462,-6.13204793142396 -46.3646018798226,-6.13307626812452 -46.3634750312683,-6.13400292495173 -46.3629701868431,-6.134184838732 -46.3614614720435,-6.13296039866854 -46.3609248398519,-6.13280693730737 -46.3607943528754,-6.13218280831768 -46.36117428466,-6.13154190035165 -46.3611050959079,-6.1306905391883 -46.3602697768296,-6.13068233843508 -46.3584986663563,-6.13171383726542 -46.3580034414999,-6.13162219756373 -46.3572075946422,-6.1309120183343 -46.3557569207723,-6.13020349432066 -46.3546903558138,-6.13050552020318 -46.3527772969734,-6.13045874409081 -46.3504307570795,-6.13026854965853 -46.348631857374,-6.13051047875141 -46.3478324332366,-6.13042475529615 -46.3478658576119,-6.12936153453387 -46.3484325150119,-6.12915367506617 -46.3483157113043,-6.12781214603501 -46.3474045005938,-6.12838213125552 -46.345290991016,-6.13064789708651 -46.3447387516768,-6.13043768764859 -46.3444224425834,-6.12972628187066 -46.3444896287228,-6.12772885858366 -46.3441336874689,-6.12766265977074 -46.3437082846105,-6.12868557766759 -46.3435966054237,-6.12938773547098 -46.3431345266907,-6.13017850627337 -46.3426341724647,-6.13009718606438 -46.3417715844032,-6.12949552439738 -46.3407511545428,-6.12969419097755 -46.340317598902,-6.12951980561001 -46.3401314361437,-6.12930351438096 -46.3398437599691,-6.12973258611141 -46.3397013961565,-6.13053803841918 -46.3397854661815,-6.13116745493001 -46.3396889155433,-6.13173539251214 -46.3393850741112,-6.13188581748594 -46.3388279485032,-6.13178399235047 -46.3385132795587,-6.13172800886799 -46.3392746514142,-6.13309373829078 -46.3397850358861,-6.13512584634758 -46.3397684584228,-6.13674640210188 -46.338092548441,-6.1387633352074 -46.3367344493974,-6.14003114426219 -46.3368859119579,-6.14080489767549 -46.3406210890587,-6.14367015661201 -46.3439179283912,-6.1444463331822 -46.3461292327293,-6.14619546290987 -46.3471081896061,-6.1479476880015 -46.3507334222433,-6.15011641572047 -46.3521934039611,-6.15244542429333 -46.3527908357179,-6.15420375880278 -46.3530273906377,-6.15598881083401 -46.3536066570587,-6.15667889477052 -46.3544011077748,-6.15682138266153 -46.3559743703618,-6.1570393034861 -46.3599142976234,-6.15720474592906 -46.3605019416642,-6.15713099648339 -46.3610452279247,-6.15786244828366 -46.3611766350214,-6.15884266977114 -46.361093812619,-6.16276510765649 -46.361619100135,-6.16452360698258 -46.3623751424942,-6.16577575456441 -46.3637744424259,-6.16651533316448 -46.3644295511878,-6.16660655074311 -46.3667716593525,-6.16500585736661 -46.3687362117206,-6.16498017251672 -46.3697886023513,-6.16516325779434 -46.3705331305399,-6.16594062505319 -46.3707595367379,-6.16776180614381 -46.3710139035703,-6.17042928620086 -46.3708166605233,-6.1719315873804 -46.3708592923742,-6.17246820098709 -46.3706131065135,-6.17298491512154 -46.3697693869906,-6.17374572514232 -46.3696831846756,-6.1743136354197 -46.3699987543306,-6.17471020497496 -46.3711344393317,-6.1751923952129 -46.3716191270559,-6.17518082443766 -46.3748389504799,-6.174006175673 -46.3769059926783,-6.17372214928353 -46.3774876780067,-6.17333358504966 -46.3784206250726,-6.1711894437169 -46.3790826619531,-6.16996978422435 -46.3793503845769,-6.16980910655258 -46.3800084896831,-6.1690642489024 -46.3810850934901,-6.16863827435231 -46.3827716668149,-6.16879388278686 -46.3838196035426,-6.16924530943133 -46.3846951294429,-6.17081706957248 -46.3849756021435,-6.17159561667573 -46.3849983994488,-6.17243160237766 -46.3841501526738,-6.17342467709588 -46.3826686303268,-6.17479613353123 -46.3817052816873,-6.17714162896968 -46.3811494817369,-6.17955831681432 -46.3809680346149,-6.18117411183097 -46.3811815023852,-6.18196315628836 -46.3816833379951,-6.18259662757824 -46.3830670721429,-6.18327425059286 -46.3846495667716,-6.1830482164992 -46.3905250382541,-6.17990029538322 -46.3918524443931,-6.1787562952515 -46.3934860766215,-6.17837528218659 -46.395662261165,-6.17842118322294 -46.3976632446442,-6.17851398242105 -46.3995432915324,-6.17968052592455 -46.4009974861399,-6.18165841879785 -46.4009117720093,-6.18435770930278 -46.4010306853503,-6.18447609265757 -46.4029740953547,-6.18423873159086 -46.4038082725396,-6.18378754488651 -46.4044847198036,-6.18414184756438 -46.4046607780127,-6.18442006142015 -46.4052939435411,-6.18400552906651 -46.4056997022693,-6.18339549024551 -46.4060446450543,-6.18318814870143 -46.4063956167518,-6.18331107733717 -46.4070807811887,-6.18306154892748 -46.4074103080349,-6.18287489036357 -46.4077348145673,-6.18273985214961 -46.4079591904065,-6.18178968525473 -46.4081895275619,-6.18114398509804 -46.4089068012086,-6.18056025212249 -46.4004180599966,-6.16642472000398 -46.4033070040497,-6.16544041094615 -46.4007017784048,-6.15374462369375 -46.4007014791262,-6.15363034612754 -46.4011148586608,-6.15329534418391 -46.4013515647711,-6.15252770371287 -46.4013573930799,-6.15180002407818 -46.401591094359,-6.15143984105931 -46.3934255700076,-6.12709897055213</coordinates></LinearRing></outerBoundaryIs></Polygon></MultiGeometry>
  </Placemark>
  <Placemark id="recortado.47">
	<name>SANTA IZABEL</name>
	<Style><LineStyle><color>ff0000ff</color></LineStyle><PolyStyle><fill>0</fill></PolyStyle></Style>
	<ExtendedData><SchemaData schemaUrl="#recortado">
		<SimpleData name="cd_sr">SR-12</SimpleData>
		<SimpleData name="nr_process">1957/06</SimpleData>
		<SimpleData name="nm_municip">CANDIDO MENDES</SimpleData>
		<SimpleData name="cd_uf">MA</SimpleData>
		<SimpleData name="nr_familia">60</SimpleData>
		<SimpleData name="dt_titulac">30/08/2005</SimpleData>
		<SimpleData name="nr_area_ha">837.615499999999997</SimpleData>
		<SimpleData name="area_calc_">985.7282</SimpleData>
		<SimpleData name="perimetro_">143184.4487</SimpleData>
		<SimpleData name="esfera">ESTADUAL</SimpleData>
		<SimpleData name="fase">TITULADO</SimpleData>
		<SimpleData name="responsave">ITERMA</SimpleData>
	</SchemaData></ExtendedData>
      <MultiGeometry><Polygon><outerBoundaryIs><LinearRing><coordinates>-45.6238805149999,-1.46168546799993 -45.6219101319999,-1.46431961699994 -45.6219303959999,-1.4660875369999 -45.6219442219999,-1.46728522499996 -45.6225067299999,-1.46868783999991 -45.6230125029999,-1.47134192499993 -45.6233204489999,-1.47514474099995 -45.6235049329999,-1.48040701899992 -45.6253377279999,-1.48290740099992 -45.6270219069999,-1.48478764899994 -45.6281623219999,-1.4853249809999 -45.6305705199999,-1.48872868799992 -45.6235156829999,-1.48912607599993 -45.6250823149999,-1.49433100999995 -45.6299116709999,-1.49928336999994 -45.6312927729999,-1.49921786799996 -45.6358189619999,-1.50004712899993 -45.6396887359999,-1.50017558799993 -45.6407941409999,-1.50068780499993 -45.6439974429999,-1.50100717999993 -45.6477357179999,-1.50120558999993 -45.6493758089999,-1.50114155599994 -45.653984094,-1.49876028199993 -45.6547141849999,-1.49863166399995 -45.6572400599999,-1.49837765899991 -45.6558563859999,-1.49400649099994 -45.6514866439999,-1.49111087699993 -45.6509788049999,-1.49031805699991 -45.6506369209999,-1.48779735599993 -45.6503454069999,-1.48364832299996 -45.6499367049999,-1.48391725899995 -45.6490583909999,-1.48431965699995 -45.6494193979999,-1.47721068299996 -45.6469239659999,-1.47754374199992 -45.6419938419999,-1.47279813399996 -45.6417812519999,-1.47348746099994 -45.6354683549999,-1.47333637499992 -45.6351787449999,-1.46433043499991 -45.6332576519999,-1.46334037899994 -45.6310542549999,-1.46558875099992 -45.624993173,-1.46282696699995 -45.6238805149999,-1.46168546799993</coordinates></LinearRing></outerBoundaryIs></Polygon></MultiGeometry>
  </Placemark>
  <Placemark id="recortado.48">
	<name>BOM JESUS</name>
	<Style><LineStyle><color>ff0000ff</color></LineStyle><PolyStyle><fill>0</fill></PolyStyle></Style>
	<ExtendedData><SchemaData schemaUrl="#recortado">
		<SimpleData name="cd_sr">SR-12</SimpleData>
		<SimpleData name="nr_process">0811/03</SimpleData>
		<SimpleData name="nm_municip">CANDIDO MENDES</SimpleData>
		<SimpleData name="cd_uf">MA</SimpleData>
		<SimpleData name="nr_familia">58</SimpleData>
		<SimpleData name="nr_area_ha">216.393699999999995</SimpleData>
		<SimpleData name="dt_decreto">20/11/2006</SimpleData>
		<SimpleData name="area_calc_">197.2302</SimpleData>
		<SimpleData name="perimetro_">74165.9641</SimpleData>
		<SimpleData name="esfera">ESTADUAL</SimpleData>
		<SimpleData name="fase">TITULADO</SimpleData>
		<SimpleData name="responsave">ITERMA</SimpleData>
	</SchemaData></ExtendedData>
      <MultiGeometry><Polygon><outerBoundaryIs><LinearRing><coordinates>-45.6587033959999,-1.45102347799991 -45.6594362319999,-1.4576823829999 -45.6594385039999,-1.45885592199995 -45.6548690589999,-1.45923457999992 -45.6557627719999,-1.46321735999993 -45.6618831959999,-1.47044340999992 -45.6704021259999,-1.45711718299992 -45.6715315709999,-1.45293231099993 -45.6694003619999,-1.45105737299991 -45.6676906179999,-1.45435445899994 -45.667715315,-1.45731694099993 -45.6633603489999,-1.45685096899996 -45.6638750939999,-1.4557056559999 -45.6641054539999,-1.45450001599995 -45.6642704679999,-1.4533673269999 -45.6644506209999,-1.45254685799995 -45.6648544349999,-1.45186333299994 -45.6649714889999,-1.45120412799992 -45.6652402639999,-1.45069110399994 -45.6655100929999,-1.45017599099992 -45.66390867,-1.45016376299992 -45.6624091939999,-1.45090873199996 -45.6609014709999,-1.45120498899995 -45.6598069699999,-1.45114489199994 -45.6592585889999,-1.45108455999992 -45.6587033959999,-1.45102347799991</coordinates></LinearRing></outerBoundaryIs></Polygon></MultiGeometry>
  </Placemark>
  <Placemark id="recortado.49">
	<name>JAMARY DOS PRETOS</name>
	<Style><LineStyle><color>ff0000ff</color></LineStyle><PolyStyle><fill>0</fill></PolyStyle></Style>
	<ExtendedData><SchemaData schemaUrl="#recortado">
		<SimpleData name="cd_quilomb">33</SimpleData>
		<SimpleData name="cd_sr">SR-12</SimpleData>
		<SimpleData name="nr_process">54230.004785/2004-47</SimpleData>
		<SimpleData name="nm_municip">TURIAÇU</SimpleData>
		<SimpleData name="cd_uf">MA</SimpleData>
		<SimpleData name="dt_publica">22/08/2005</SimpleData>
		<SimpleData name="dt_public1">23/03/2007</SimpleData>
		<SimpleData name="nr_familia">168</SimpleData>
		<SimpleData name="nr_area_ha">8063.618400000000292</SimpleData>
		<SimpleData name="nr_perimet">47552.089999999996508</SimpleData>
		<SimpleData name="ob_descric">estudo de delimitação</SimpleData>
		<SimpleData name="st_titulad">F</SimpleData>
		<SimpleData name="tp_levanta">GPS PROMARK L1 trabalho demarcação Iterma</SimpleData>
		<SimpleData name="nr_escalao">1/50.000</SimpleData>
		<SimpleData name="area_calc_">14729.9266</SimpleData>
		<SimpleData name="perimetro_">438799.8955</SimpleData>
		<SimpleData name="esfera">FEDERAL</SimpleData>
		<SimpleData name="fase">PORTARIA</SimpleData>
		<SimpleData name="responsave">INCRA</SimpleData>
	</SchemaData></ExtendedData>
      <MultiGeometry><Polygon><outerBoundaryIs><LinearRing><coordinates>-45.368876098653,-1.98770352109052 -45.3717090862349,-1.9861261867605 -45.3794606598021,-1.97850249351421 -45.3822372823708,-1.97576936788159 -45.3972781816025,-1.96099396887989 -45.3997236410069,-1.95859417679016 -45.4035275543587,-1.96737395274362 -45.4036685267524,-1.96770695591064 -45.4041499038252,-1.9674147569069 -45.408973982069,-1.96040171611574 -45.4075361713988,-1.95118195870998 -45.4093312513025,-1.9418431673688 -45.4124094662045,-1.93696702749679 -45.4151300151676,-1.92852936148228 -45.4213105925513,-1.91171093539013 -45.4234180344042,-1.91039903833302 -45.4251765509427,-1.90113218634214 -45.4256074546095,-1.89277672935122 -45.4256210665174,-1.89258814202956 -45.4256730699177,-1.89191332520688 -45.4252827844417,-1.89159252565876 -45.4237508650093,-1.88521871765266 -45.4239801067153,-1.88220046676682 -45.4239634731381,-1.86116452425763 -45.418872146318,-1.85350091526907 -45.4097894702362,-1.84296160346329 -45.4019864657788,-1.83598078474983 -45.3992441592575,-1.8354156939973 -45.3947895622761,-1.83231986282556 -45.3864423555882,-1.82853879330914 -45.3764610982991,-1.83560294385391 -45.3733107987408,-1.83831797880801 -45.3673619720968,-1.84249442576598 -45.3590120598684,-1.84788609378202 -45.3527737332138,-1.85514282911113 -45.3429222465238,-1.86169718860499 -45.3391870178282,-1.87384562626389 -45.3305723812735,-1.8763556631257 -45.3273890202163,-1.87782584387756 -45.3258699907955,-1.88221222078871 -45.3258279973818,-1.8824356369964 -45.3259044386861,-1.88309313643166 -45.3191344276571,-1.90341748917238 -45.3182219953083,-1.91096443748714 -45.3236581877908,-1.929769562348 -45.3182090254093,-1.94488531877648 -45.318901736851,-1.94577255085832 -45.3229622700813,-1.95713243446124 -45.3283159863552,-1.96888784163012 -45.3358519845297,-1.97329893092971 -45.3440293311023,-1.97465563627424 -45.3474070663683,-1.97589068279616 -45.3490146424349,-1.97574573602779 -45.3538684432171,-1.97930133591035 -45.3560610706027,-1.98067646473758 -45.3612483156085,-1.98342679806834 -45.3627166697506,-1.9856176820105 -45.3660988503316,-1.9857072756382 -45.368876098653,-1.98770352109052</coordinates></LinearRing></outerBoundaryIs></Polygon></MultiGeometry>
  </Placemark>
  <Placemark id="recortado.50">
	<name>VERA CRUZ</name>
	<Style><LineStyle><color>ff0000ff</color></LineStyle><PolyStyle><fill>0</fill></PolyStyle></Style>
	<ExtendedData><SchemaData schemaUrl="#recortado">
		<SimpleData name="cd_sr">SR-12</SimpleData>
		<SimpleData name="nr_process">54230.003938/2011-68</SimpleData>
		<SimpleData name="nm_municip">Serrano do Maranhão</SimpleData>
		<SimpleData name="cd_uf">MA</SimpleData>
		<SimpleData name="dt_publica">31/03/2026</SimpleData>
		<SimpleData name="dt_public1">08/04/2026</SimpleData>
		<SimpleData name="nr_familia">147</SimpleData>
		<SimpleData name="esfera">FEDERAL</SimpleData>
		<SimpleData name="fase">Identificação</SimpleData>
		<SimpleData name="responsave">INCRA</SimpleData>
	</SchemaData></ExtendedData>
      <MultiGeometry><Polygon><outerBoundaryIs><LinearRing><coordinates>-45.05605,-1.75614694 -44.97970361,-1.75922361 -44.9769128107138,-1.77447397311228 -44.9740418214687,-1.7901622580582 -44.9714825,-1.80414722 -44.9733255256348,-1.81666242450712 -44.980951605718,-1.8684460997261 -45.011316,-1.86715900000001 -45.009092,-1.854432 -45.009056,-1.85411300000001 -45.007503,-1.8155 -45.040127,-1.81549899999999 -45.04249861,-1.79836778 -45.05605,-1.75614694</coordinates></LinearRing></outerBoundaryIs></Polygon></MultiGeometry>
  </Placemark>
  <Placemark id="recortado.51">
	<name>BARREIRA</name>
	<Style><LineStyle><color>ff0000ff</color></LineStyle><PolyStyle><fill>0</fill></PolyStyle></Style>
	<ExtendedData><SchemaData schemaUrl="#recortado">
		<SimpleData name="cd_sr">SR-12</SimpleData>
		<SimpleData name="nr_process">2942/08</SimpleData>
		<SimpleData name="nm_municip">BACURI</SimpleData>
		<SimpleData name="cd_uf">MA</SimpleData>
		<SimpleData name="nr_familia">45</SimpleData>
		<SimpleData name="dt_titulac">19/12/2011</SimpleData>
		<SimpleData name="nr_area_ha">889.018500000000017</SimpleData>
		<SimpleData name="area_calc_">891.3034</SimpleData>
		<SimpleData name="perimetro_">108838.4585</SimpleData>
		<SimpleData name="esfera">ESTADUAL</SimpleData>
		<SimpleData name="fase">TITULADO</SimpleData>
		<SimpleData name="responsave">ITERMA</SimpleData>
	</SchemaData></ExtendedData>
      <MultiGeometry><Polygon><outerBoundaryIs><LinearRing><coordinates>-45.1136434194444,-1.72343719166666 -45.0932795376773,-1.73072625613626 -45.0941489530822,-1.73099161182805 -45.0961588401147,-1.73196587543821 -45.0965053894838,-1.73224425083858 -45.0966440658277,-1.73356660937697 -45.0971860708982,-1.73491982726352 -45.0976019567477,-1.73596377897798 -45.0976713242751,-1.73707733756613 -45.0978792527117,-1.7374253152338 -45.098641682359,-1.7387476293781 -45.0987109990321,-1.7388868237505 -45.0987110894729,-1.74062676937808 -45.0988497009839,-1.7406267620738 -45.0999586787382,-1.74236663526714 -45.1021072532591,-1.74410646145078 -45.1033548010499,-1.74480237580917 -45.1064043379108,-1.74626375366327 -45.1091073199394,-1.74737716605125 -45.1098698025813,-1.74939545693205 -45.111463893459,-1.75036973708851 -45.1139589460932,-1.75092636200197 -45.116523342225,-1.75224855891405 -45.1177016453849,-1.75384922916724 -45.1187413207445,-1.75517152846225 -45.1207221373429,-1.75613893884732 -45.121686356103,-1.75560958220409 -45.1222726631596,-1.75534944459421 -45.1246344465783,-1.75256600001465 -45.1250013608461,-1.751578603254 -45.1253588552262,-1.74947002739973 -45.1254836232959,-1.74910408092968 -45.1290755766921,-1.74202549743285 -45.130180666306,-1.73976750995974 -45.1299920845224,-1.73823241707512 -45.128537705876,-1.73538791488477 -45.129121344675,-1.73307405199771 -45.1293957922953,-1.73273585011514 -45.1278085322372,-1.72842981380953 -45.1243303426284,-1.72626289620687 -45.1136434194444,-1.72343719166666</coordinates></LinearRing></outerBoundaryIs></Polygon></MultiGeometry>
  </Placemark>
  <Placemark id="recortado.52">
	<name>BOA HORA</name>
	<Style><LineStyle><color>ff0000ff</color></LineStyle><PolyStyle><fill>0</fill></PolyStyle></Style>
	<ExtendedData><SchemaData schemaUrl="#recortado">
		<SimpleData name="cd_sr">SR-12</SimpleData>
		<SimpleData name="nr_process">54230.004084/2006-70</SimpleData>
		<SimpleData name="nm_municip">Alto Alegre do Maranhão</SimpleData>
		<SimpleData name="cd_uf">MA</SimpleData>
		<SimpleData name="dt_publica">15/07/2024</SimpleData>
		<SimpleData name="dt_public1">16/07/2024</SimpleData>
		<SimpleData name="nr_familia">38</SimpleData>
		<SimpleData name="cd_sipra">MA1370000</SimpleData>
		<SimpleData name="area_calc_">436.5893</SimpleData>
		<SimpleData name="perimetro_">83043.7163</SimpleData>
		<SimpleData name="esfera">FEDERAL</SimpleData>
		<SimpleData name="fase">RTID</SimpleData>
		<SimpleData name="responsave">INCRA</SimpleData>
	</SchemaData></ExtendedData>
      <MultiGeometry><Polygon><outerBoundaryIs><LinearRing><coordinates>-44.33209056,-4.22963806 -44.3356432910614,-4.24517472837179 -44.343622621585,-4.24509480093828 -44.3469844420105,-4.24672166227745 -44.3565875,-4.25173222 -44.35680806,-4.24992638999999 -44.35696917,-4.24912194 -44.35700389,-4.24856639 -44.3570425,-4.24774000000001 -44.35706833,-4.24672444 -44.35708444,-4.24545806000001 -44.35718889,-4.24337167 -44.35381556,-4.23622222000001 -44.3495577004441,-4.22745636149937 -44.34623917,-4.23012693999999 -44.34576472,-4.23017388999999 -44.34568861,-4.23018167000001 -44.34222556,-4.23060333 -44.34037389,-4.23073278000001 -44.33831028,-4.23039778000001 -44.33621556,-4.23015361 -44.33209056,-4.22963806</coordinates></LinearRing></outerBoundaryIs></Polygon></MultiGeometry>
  </Placemark>
  <Placemark id="recortado.53">
	<name>MARMORANA</name>
	<Style><LineStyle><color>ff0000ff</color></LineStyle><PolyStyle><fill>0</fill></PolyStyle></Style>
	<ExtendedData><SchemaData schemaUrl="#recortado">
		<SimpleData name="cd_sr">SR-12</SimpleData>
		<SimpleData name="nr_process">54230.004084/2006-70</SimpleData>
		<SimpleData name="nm_municip">Alto Alegre do Maranhão</SimpleData>
		<SimpleData name="cd_uf">MA</SimpleData>
		<SimpleData name="dt_publica">15/07/2024</SimpleData>
		<SimpleData name="dt_public1">16/07/2024</SimpleData>
		<SimpleData name="nr_familia">4</SimpleData>
		<SimpleData name="cd_sipra">MA1370000</SimpleData>
		<SimpleData name="area_calc_">323.8181</SimpleData>
		<SimpleData name="perimetro_">67044.4649</SimpleData>
		<SimpleData name="esfera">FEDERAL</SimpleData>
		<SimpleData name="fase">RTID</SimpleData>
		<SimpleData name="responsave">INCRA</SimpleData>
	</SchemaData></ExtendedData>
      <MultiGeometry><Polygon><outerBoundaryIs><LinearRing><coordinates>-44.3738575262661,-4.22973871174383 -44.3729455145799,-4.22988611313253 -44.37254389,-4.22992611 -44.37226528,-4.22997943999999 -44.37217639,-4.22998222 -44.372125,-4.22999861 -44.37180528,-4.23000833 -44.37130417,-4.23009194 -44.37093222,-4.23024389 -44.37029722,-4.23030361 -44.36963972,-4.23046833 -44.36919444,-4.23050888999999 -44.36886889,-4.23066389 -44.36884944,-4.23067278 -44.36849222,-4.23076667 -44.36772083,-4.23096471999999 -44.36710056,-4.23122721999999 -44.36654361,-4.23136139 -44.36590278,-4.23146972000001 -44.36550194,-4.23181222000001 -44.36481472,-4.23225278 -44.36438972,-4.23233278 -44.36436611,-4.23239667 -44.36442139,-4.23266861 -44.36666111,-4.24045582999999 -44.36875,-4.24762694 -44.37017639,-4.24846166999999 -44.37722389,-4.25204639 -44.37956306,-4.25309861 -44.37964722,-4.24895583000001 -44.37968,-4.246365 -44.37969417,-4.24569000000001 -44.37971472,-4.24502722000001 -44.37972694,-4.24400777999999 -44.37975111,-4.24315917 -44.37975389,-4.24301528000001 -44.37994083,-4.24023444 -44.38006528,-4.2387275 -44.38015861,-4.23772722000001 -44.38021222,-4.23713278 -44.38028028,-4.23630417000001 -44.38034583,-4.23549361 -44.38043111,-4.23460833 -44.38045889,-4.23430694 -44.3796875,-4.2333325 -44.37936667,-4.23288833 -44.37927028,-4.23275306 -44.37911194,-4.23252917 -44.37889583,-4.23222611 -44.37869972,-4.23191167 -44.37833556,-4.23127278 -44.3781875,-4.23099861 -44.37809417,-4.23078694 -44.37799,-4.23054472 -44.37778667,-4.23005167 -44.37773583,-4.22989277999999 -44.37763944,-4.22950416999999 -44.3775925,-4.22917332999999 -44.37754944,-4.22880111000001 -44.37754278,-4.2287525 -44.3766439326683,-4.22904174046587 -44.3757553528745,-4.22941137431848 -44.3747281604782,-4.22966830860296 -44.3738575262661,-4.22973871174383</coordinates></LinearRing></outerBoundaryIs></Polygon></MultiGeometry>
  </Placemark>
  <Placemark id="recortado.54">
	<name>CIPO</name>
	<Style><LineStyle><color>ff0000ff</color></LineStyle><PolyStyle><fill>0</fill></PolyStyle></Style>
	<ExtendedData><SchemaData schemaUrl="#recortado">
		<SimpleData name="cd_sr">SR-12</SimpleData>
		<SimpleData name="nr_process">2820/97</SimpleData>
		<SimpleData name="nm_municip">SAO JOAO DO SOTER</SimpleData>
		<SimpleData name="cd_uf">MA</SimpleData>
		<SimpleData name="nr_familia">124</SimpleData>
		<SimpleData name="dt_titulac">01/09/2006</SimpleData>
		<SimpleData name="nr_area_ha">2404.956700000000183</SimpleData>
		<SimpleData name="area_calc_">2476.6773</SimpleData>
		<SimpleData name="perimetro_">178174.1881</SimpleData>
		<SimpleData name="esfera">ESTADUAL</SimpleData>
		<SimpleData name="fase">TITULADO</SimpleData>
		<SimpleData name="responsave">ITERMA</SimpleData>
	</SchemaData></ExtendedData>
      <MultiGeometry><Polygon><outerBoundaryIs><LinearRing><coordinates>-43.6848343939999,-5.07816669099991 -43.6843400739999,-5.07858330899995 -43.6776379359999,-5.08461741999992 -43.6712511189999,-5.10662902299992 -43.6724314329999,-5.10761372799993 -43.6732046149999,-5.10849619499993 -43.6740472269999,-5.10932380899993 -43.6747860069999,-5.10958206499993 -43.6756449929999,-5.10983616599992 -43.6762350299999,-5.11050942799995 -43.6774945569999,-5.11165465399995 -43.6785793799999,-5.11178109999991 -43.6792677459999,-5.11208097399992 -43.6806129159999,-5.11324010999993 -43.6818510619999,-5.11391232099993 -43.6828807879999,-5.11404486799995 -43.6855443929999,-5.11617712699995 -43.6877394769999,-5.11721441299994 -43.6883054039999,-5.11806136299993 -43.6899066129999,-5.11938898799991 -43.6902472479999,-5.11988053399994 -43.6910810979999,-5.12055150899993 -43.6922105109999,-5.12097711199993 -43.6937425419999,-5.12171396599996 -43.695259162,-5.12244290099994 -43.7027007019999,-5.12557498799993 -43.7035358989999,-5.1263474989999 -43.705121028,-5.12726421399992 -43.706277117,-5.12773553799991 -43.7073669119999,-5.1276910059999 -43.7079814079999,-5.12815639599995 -43.7086369819999,-5.12894099099993 -43.7097649109999,-5.12940092499992 -43.7115073669999,-5.12998251099993 -43.713028623,-5.13021220799994 -43.7152997229999,-5.13070964199995 -43.7215102169999,-5.12243773099993 -43.7222244949999,-5.11946238899992 -43.7348123539999,-5.09522623499994 -43.720994705,-5.08976850199991 -43.7186479869999,-5.08873822999994 -43.7163528699999,-5.08754828399992 -43.7143303989999,-5.08706334099992 -43.7128669179999,-5.08693521099991 -43.7113951039999,-5.08665291799992 -43.7063932499999,-5.08534594199994 -43.7037229139999,-5.08397396399994 -43.700478147,-5.08275594499992 -43.6981639709999,-5.08196991299991 -43.6952939669999,-5.08141641399993 -43.6924619229999,-5.08001062499994 -43.6908586169999,-5.08033640099996 -43.689073521,-5.08021441599994 -43.6873230029999,-5.07931104699991 -43.6848343939999,-5.07816669099991</coordinates></LinearRing></outerBoundaryIs></Polygon></MultiGeometry>
  </Placemark>
  <Placemark id="recortado.55">
	<name>USINA VELHA</name>
	<Style><LineStyle><color>ff0000ff</color></LineStyle><PolyStyle><fill>0</fill></PolyStyle></Style>
	<ExtendedData><SchemaData schemaUrl="#recortado">
		<SimpleData name="cd_sr">SR-12</SimpleData>
		<SimpleData name="nr_process">2542/05</SimpleData>
		<SimpleData name="nm_municip">CAXIAS</SimpleData>
		<SimpleData name="cd_uf">MA</SimpleData>
		<SimpleData name="nr_familia">76</SimpleData>
		<SimpleData name="dt_titulac">01/09/2006</SimpleData>
		<SimpleData name="nr_area_ha">1160.957599999999957</SimpleData>
		<SimpleData name="area_calc_">1216.0346</SimpleData>
		<SimpleData name="perimetro_">198681.9343</SimpleData>
		<SimpleData name="esfera">ESTADUAL</SimpleData>
		<SimpleData name="fase">TITULADO</SimpleData>
		<SimpleData name="responsave">ITERMA</SimpleData>
	</SchemaData></ExtendedData>
      <MultiGeometry><Polygon><outerBoundaryIs><LinearRing><coordinates>-43.4200457479999,-4.89082607699993 -43.3963106709999,-4.90242357099994 -43.3945920789999,-4.90652787599993 -43.3566757019999,-4.90414081599994 -43.356784768,-4.90425285899994 -43.3568240209999,-4.90440004599992 -43.3568632299999,-4.90454706799994 -43.3569024159999,-4.90469394699994 -43.3569769689999,-4.90484148999991 -43.3570504759999,-4.9049523939999 -43.3571598899999,-4.90513548899991 -43.3572338849999,-4.90528222999995 -43.3573419799999,-4.90539302899993 -43.3574153209999,-4.90550362399995 -43.3575236799999,-4.90561469999995 -43.3576329629999,-4.90576208499994 -43.35770708,-4.90590872899992 -43.357779133,-4.90598255699997 -43.3579240809999,-4.90616637099992 -43.3579988639999,-4.90634877099995 -43.3580376359999,-4.90649414999996 -43.3581112969999,-4.90663993099992 -43.3581490259999,-4.90674886599993 -43.3582583619999,-4.90693098199995 -43.358332667,-4.9071122489999 -43.3584417099999,-4.90729383399992 -43.358480944,-4.90747398199994 -43.3584844459999,-4.90761743699994 -43.3584534529999,-4.90776040399992 -43.3584218159999,-4.90786762099992 -43.3583910549999,-4.90804529299992 -43.3583593819999,-4.9081869869999 -43.3583277449999,-4.90832851899995 -43.3582268519999,-4.90846874799997 -43.358161622,-4.90861016499991 -43.358095611,-4.90871594799995 -43.3580298999999,-4.90885650199993 -43.3579654889999,-4.90903251199996 -43.3579014899999,-4.90920848599995 -43.357871283,-4.90934957599996 -43.3578411169999,-4.90949047699991 -43.3578120419999,-4.90966646499994 -43.35778196,-4.90980694899991 -43.357751817,-4.90994717899992 -43.3577560649999,-4.91012219299996 -43.3577248119999,-4.91026124499995 -43.3576935919999,-4.91040014399994 -43.357697018,-4.91053967399995 -43.3577350299999,-4.91067982899995 -43.3577384279999,-4.91081904599991 -43.3577792259999,-4.91099484799992 -43.3577882629999,-4.91120540499992 -43.3577912689999,-4.91127547899993 -43.3578674109999,-4.91148590599994 -43.357871046,-4.9115902169999 -43.3579453989999,-4.91176508199993 -43.3579487839999,-4.91190300799991 -43.3580214409999,-4.91207656799991 -43.3581282639999,-4.91225060799991 -43.3581329949999,-4.9124565319999 -43.3581703639999,-4.91259434699993 -43.3581738489999,-4.91273145599995 -43.3582126239999,-4.91290344899994 -43.3582180289999,-4.91310860399994 -43.3582207289999,-4.91321104399992 -43.3582270159999,-4.91344971299992 -43.3581623949999,-4.91358442299992 -43.3581334549999,-4.91378753099992 -43.3581026209999,-4.91392242599994 -43.3581073329999,-4.91412552099996 -43.3581122579999,-4.91429483299992 -43.3581170399999,-4.91446384099993 -43.3581221489999,-4.91463268699994 -43.3581272459999,-4.91480126499993 -43.3581323399999,-4.91496957599993 -43.3580693299999,-4.91510278399994 -43.3580734349999,-4.91523706499992 -43.3580440409999,-4.91537054699995 -43.3579487929999,-4.91553604599995 -43.3579174289999,-4.91560229299995 -43.3577869419999,-4.91576639899994 -43.3577580189999,-4.91596554199992 -43.3577621819999,-4.91613184999994 -43.357765507,-4.91626473399993 -43.3578376119999,-4.91643208499993 -43.3578416459999,-4.91656471199991 -43.3578465939999,-4.91673025999994 -43.357749828,-4.91689343799993 -43.357719846,-4.91702480299995 -43.3576898999999,-4.91715602199992 -43.3575924209999,-4.91728571599993 -43.3575289569999,-4.91741596899992 -43.3574660329999,-4.91754608699995 -43.357436639,-4.91767672899993 -43.3574084259999,-4.91783998399996 -43.357381099,-4.91803570599995 -43.3573860789999,-4.91819910999993 -43.3573910499999,-4.91836227599992 -43.35739581,-4.91852521999994 -43.3574022199999,-4.91872038599996 -43.3573744829999,-4.91888206599992 -43.357344527,-4.91897869199994 -43.3572835099999,-4.91913932599993 -43.3572219899999,-4.91929979999991 -43.3880707939999,-4.91998217099996 -43.3892627729999,-4.92147905799993 -43.3911606189999,-4.92533714699994 -43.3967354509999,-4.93132983199996 -43.4006746939999,-4.92740418699992 -43.393136147,-4.91302927199997 -43.4112655959999,-4.91681044699993 -43.4208966449999,-4.89468885299994 -43.4200457479999,-4.89082607699993</coordinates></LinearRing></outerBoundaryIs></Polygon></MultiGeometry>
  </Placemark>
  <Placemark id="recortado.56">
	<name>SÃO SEBASTIÃO DOS PRETOS</name>
	<Style><LineStyle><color>ff0000ff</color></LineStyle><PolyStyle><fill>0</fill></PolyStyle></Style>
	<ExtendedData><SchemaData schemaUrl="#recortado">
		<SimpleData name="cd_sr">SR-12</SimpleData>
		<SimpleData name="nr_process">1197/02</SimpleData>
		<SimpleData name="nm_municip">BACABAL</SimpleData>
		<SimpleData name="cd_uf">MA</SimpleData>
		<SimpleData name="nr_familia">62</SimpleData>
		<SimpleData name="dt_titulac">27/12/2005</SimpleData>
		<SimpleData name="nr_area_ha">1010.218600000000038</SimpleData>
		<SimpleData name="area_calc_">909.9518</SimpleData>
		<SimpleData name="perimetro_">105498.5008</SimpleData>
		<SimpleData name="esfera">ESTADUAL</SimpleData>
		<SimpleData name="fase">TITULADO</SimpleData>
		<SimpleData name="responsave">ITERMA</SimpleData>
	</SchemaData></ExtendedData>
      <MultiGeometry><Polygon><outerBoundaryIs><LinearRing><coordinates>-44.72175056,-4.12088306 -44.7196175,-4.12780444 -44.72171861,-4.13594667 -44.72167194,-4.13982194 -44.72177083,-4.13989444 -44.7219325,-4.14004361 -44.72506694,-4.14683639 -44.72619667,-4.14702361 -44.73063778,-4.14771806 -44.73077306,-4.14776694 -44.7346127955,-4.14845432322 -44.7397358071,-4.1491352598 -44.7442712186,-4.14804416763 -44.7513347763,-4.14632980424 -44.7522190203,-4.14374461031 -44.7525583013,-4.14241683392 -44.7510858419,-4.14051990011 -44.7523152973,-4.13720863079 -44.74665472,-4.12929417 -44.74499444,-4.12111111 -44.72175056,-4.12088306</coordinates></LinearRing></outerBoundaryIs></Polygon></MultiGeometry>
  </Placemark>
  <Placemark id="recortado.57">
	<name>MATÕES MOREIRA</name>
	<Style><LineStyle><color>ff0000ff</color></LineStyle><PolyStyle><fill>0</fill></PolyStyle></Style>
	<ExtendedData><SchemaData schemaUrl="#recortado">
		<SimpleData name="cd_quilomb">111</SimpleData>
		<SimpleData name="cd_sr">SR-12</SimpleData>
		<SimpleData name="nr_process">54230.004779/2004-90</SimpleData>
		<SimpleData name="nm_municip">CODÓ</SimpleData>
		<SimpleData name="cd_uf">MA</SimpleData>
		<SimpleData name="dt_publica">28/07/2005</SimpleData>
		<SimpleData name="dt_public1">04/09/2007</SimpleData>
		<SimpleData name="nr_familia">143</SimpleData>
		<SimpleData name="nr_area_ha">5297.108199999999670</SimpleData>
		<SimpleData name="nr_perimet">32811.498899999998685</SimpleData>
		<SimpleData name="ob_descric">Estudo de delimitação</SimpleData>
		<SimpleData name="st_titulad">F</SimpleData>
		<SimpleData name="dt_decreto">06/12/2013</SimpleData>
		<SimpleData name="area_calc_">5557.9586</SimpleData>
		<SimpleData name="perimetro_">294248.5698</SimpleData>
		<SimpleData name="esfera">FEDERAL</SimpleData>
		<SimpleData name="fase">DECRETO</SimpleData>
		<SimpleData name="responsave">INCRA</SimpleData>
	</SchemaData></ExtendedData>
      <MultiGeometry><Polygon><outerBoundaryIs><LinearRing><coordinates>-44.2436018712826,-4.69996396676452 -44.2465963952547,-4.68814585587304 -44.2506498184967,-4.67214512287465 -44.2517423173732,-4.67089903201152 -44.2524750715799,-4.66868988341906 -44.2526316603433,-4.66816996280081 -44.2531873453091,-4.66604798176279 -44.2537059518585,-4.66406752693528 -44.1577308206042,-4.65075324962448 -44.1540480099043,-4.65851018516692 -44.1608845502967,-4.67226188662134 -44.1773437359261,-4.69536076377424 -44.1901118584536,-4.72367028966074 -44.1907893365189,-4.72517253457613 -44.1966271226397,-4.72995896184768 -44.2038019095004,-4.72997086551263 -44.2055994204478,-4.71864335852623 -44.2121242133441,-4.71841514918417 -44.2121101440228,-4.71473852953013 -44.2135610532186,-4.71424201701206 -44.2152246442626,-4.71744921408925 -44.2211915736958,-4.71368298146621 -44.2436018712826,-4.69996396676452</coordinates></LinearRing></outerBoundaryIs></Polygon></MultiGeometry>
  </Placemark>
  <Placemark id="recortado.58">
	<name>SANTA JOANA</name>
	<Style><LineStyle><color>ff0000ff</color></LineStyle><PolyStyle><fill>0</fill></PolyStyle></Style>
	<ExtendedData><SchemaData schemaUrl="#recortado">
		<SimpleData name="cd_sr">SR-12</SimpleData>
		<SimpleData name="nr_process">54230.003796/2004-18</SimpleData>
		<SimpleData name="nm_municip">CODÓ</SimpleData>
		<SimpleData name="cd_uf">MA</SimpleData>
		<SimpleData name="dt_publica">31/03/2005</SimpleData>
		<SimpleData name="dt_public1">27/09/2006</SimpleData>
		<SimpleData name="nr_familia">18</SimpleData>
		<SimpleData name="nr_area_ha">1196.842399999999998</SimpleData>
		<SimpleData name="dt_decreto">23/11/2009</SimpleData>
		<SimpleData name="area_calc_">1197.4183</SimpleData>
		<SimpleData name="perimetro_">145278.8795</SimpleData>
		<SimpleData name="esfera">FEDERAL</SimpleData>
		<SimpleData name="fase">DECRETO</SimpleData>
		<SimpleData name="responsave">INCRA</SimpleData>
	</SchemaData></ExtendedData>
      <MultiGeometry><Polygon><outerBoundaryIs><LinearRing><coordinates>-43.9417088493536,-4.62000712507289 -43.9413198765178,-4.62365448300787 -43.9408493227153,-4.63390273819217 -43.9484727185242,-4.63665908058574 -43.9473568191407,-4.6272599582175 -43.965636091089,-4.62535736617612 -43.9656271699616,-4.62224758143777 -43.9847801631787,-4.6202649547583 -43.9829609129056,-4.60851117876023 -43.9649668290738,-4.59297522827575 -43.9414920578924,-4.61447003802737 -43.9417088493536,-4.62000712507289</coordinates></LinearRing></outerBoundaryIs></Polygon></MultiGeometry>
  </Placemark>
  <Placemark id="recortado.59">
	<name>MOCORONGO</name>
	<Style><LineStyle><color>ff0000ff</color></LineStyle><PolyStyle><fill>0</fill></PolyStyle></Style>
	<ExtendedData><SchemaData schemaUrl="#recortado">
		<SimpleData name="cd_sr">SR-12</SimpleData>
		<SimpleData name="nr_process">1959/99</SimpleData>
		<SimpleData name="nm_municip">CODO</SimpleData>
		<SimpleData name="cd_uf">MA</SimpleData>
		<SimpleData name="nr_familia">24</SimpleData>
		<SimpleData name="dt_titulac">20/08/1999</SimpleData>
		<SimpleData name="nr_area_ha">162.625400000000013</SimpleData>
		<SimpleData name="area_calc_">164.7748</SimpleData>
		<SimpleData name="perimetro_">47112.8983</SimpleData>
		<SimpleData name="esfera">ESTADUAL</SimpleData>
		<SimpleData name="fase">TITULADO</SimpleData>
		<SimpleData name="responsave">ITERMA</SimpleData>
	</SchemaData></ExtendedData>
      <MultiGeometry><Polygon><outerBoundaryIs><LinearRing><coordinates>-44.0931296719999,-4.8309601269999 -44.0794259969999,-4.83211816399995 -44.0787652379999,-4.84030074699995 -44.0792202009999,-4.84046784799994 -44.0794996129999,-4.84058486499993 -44.0797127779999,-4.84085830099991 -44.079837703,-4.84102936499994 -44.080130752,-4.84095635599993 -44.0803894,-4.84088384199992 -44.0806904089999,-4.84120808999995 -44.0809328849999,-4.84120503599991 -44.0812068079999,-4.84102888099994 -44.0813953379999,-4.84090548999995 -44.0815678069999,-4.84085148999992 -44.0817749539999,-4.84079705899995 -44.081982121,-4.84074262399991 -44.082208514,-4.84084365699994 -44.0824349559999,-4.84097906299991 -44.0828700929999,-4.84128344399994 -44.0832695859999,-4.84153572999992 -44.083581384,-4.84168592499993 -44.0840810489999,-4.84149040399996 -44.0846656329999,-4.84134101899991 -44.0849603519999,-4.84143341999994 -44.0853771769999,-4.84152422199992 -44.0860624059999,-4.84149170099994 -44.0864784309999,-4.84143823799991 -44.0869188229999,-4.84119164099991 -44.0873604409999,-4.84106518999994 -44.0878270219999,-4.84105906199994 -44.0882428539999,-4.84098077899995 -44.0886343579999,-4.84092704899995 -44.0890250599999,-4.84104247099992 -44.0893649129999,-4.84139932199991 -44.0896333729999,-4.84149196199991 -44.089878402,-4.84156103799995 -44.0902969919999,-4.84145961099995 -44.0905445409999,-4.84131201799994 -44.0910366219999,-4.84125744899995 -44.091308948,-4.84110911299996 -44.09175059,-4.84112741999991 -44.0921696979999,-4.84104944999996 -44.092718413,-4.84065495399994 -44.0930244379999,-4.84021365999996 -44.0931296719999,-4.8309601269999</coordinates></LinearRing></outerBoundaryIs></Polygon></MultiGeometry>
  </Placemark>
  <Placemark id="recortado.60">
	<name>ITAMAOARI</name>
	<Style><LineStyle><color>ff0000ff</color></LineStyle><PolyStyle><fill>0</fill></PolyStyle></Style>
	<ExtendedData><SchemaData schemaUrl="#recortado">
		<SimpleData name="cd_sr">SR-12</SimpleData>
		<SimpleData name="nr_process">21899.000037/1998-64</SimpleData>
		<SimpleData name="nm_municip">CACHOEIRA DO PIRIA</SimpleData>
		<SimpleData name="cd_uf">MA</SimpleData>
		<SimpleData name="dt_publica">14/12/2004</SimpleData>
		<SimpleData name="nr_familia">33</SimpleData>
		<SimpleData name="dt_titulac">07/09/1998</SimpleData>
		<SimpleData name="nr_area_ha">5377.602799999999661</SimpleData>
		<SimpleData name="area_calc_">5352.8344</SimpleData>
		<SimpleData name="perimetro_">306305.9578</SimpleData>
		<SimpleData name="esfera">FEDERAL</SimpleData>
		<SimpleData name="fase">TITULADO</SimpleData>
		<SimpleData name="responsave">INCRA</SimpleData>
	</SchemaData></ExtendedData>
      <MultiGeometry><Polygon><outerBoundaryIs><LinearRing><coordinates>-46.3045090423721,-2.1699442411285 -46.3067367209999,-2.17217190899993 -46.3075528167392,-2.17217190881229 -46.3045090423721,-2.1699442411285</coordinates></LinearRing></outerBoundaryIs></Polygon><Polygon><outerBoundaryIs><LinearRing><coordinates>-46.2982175,-2.16651239999993 -46.2962947,-2.16542549999997 -46.2921413,-2.16210509999996 -46.2911997981108,-2.16135893229082 -46.2916818999999,-2.16180085699994 -46.2980383799999,-2.16681910699992 -46.2992580795609,-2.16710057539592 -46.2982175,-2.16651239999993</coordinates></LinearRing></outerBoundaryIs></Polygon><Polygon><outerBoundaryIs><LinearRing><coordinates>-46.2836689,-2.15474209999996 -46.2834499944125,-2.15453497271697 -46.2833008329999,-2.15483803999996 -46.2854618649999,-2.1566456669999 -46.2861857446962,-2.15712335991366 -46.2836689,-2.15474209999996</coordinates></LinearRing></outerBoundaryIs></Polygon></MultiGeometry>
  </Placemark>
  <Placemark id="recortado.61">
	<name>SANTANA</name>
	<Style><LineStyle><color>ff0000ff</color></LineStyle><PolyStyle><fill>0</fill></PolyStyle></Style>
	<ExtendedData><SchemaData schemaUrl="#recortado">
		<SimpleData name="cd_sr">SR-12</SimpleData>
		<SimpleData name="nr_process">54230.004072/2006-45</SimpleData>
		<SimpleData name="nm_municip">ROSÁRIO e SANTA RITA</SimpleData>
		<SimpleData name="cd_uf">MA</SimpleData>
		<SimpleData name="nr_familia">41</SimpleData>
		<SimpleData name="dt_titulac">01/09/2006</SimpleData>
		<SimpleData name="nr_area_ha">201.117099999999994</SimpleData>
		<SimpleData name="area_calc_">201.0983</SimpleData>
		<SimpleData name="perimetro_">85338.4036</SimpleData>
		<SimpleData name="esfera">ESTADUAL</SimpleData>
		<SimpleData name="fase">TITULADO</SimpleData>
		<SimpleData name="responsave">ITERMA</SimpleData>
	</SchemaData></ExtendedData>
      <MultiGeometry><Polygon><outerBoundaryIs><LinearRing><coordinates>-44.2827820352359,-3.04281097064107 -44.2725370403531,-3.0432873326229 -44.2723187893948,-3.04186229767874 -44.2424998876724,-3.0436921836682 -44.2430510444723,-3.04421607999067 -44.2440402949455,-3.04467949398428 -44.2462628813753,-3.04723002609731 -44.2472147295143,-3.04881931126684 -44.2776907262906,-3.04614140427705 -44.2827820352359,-3.04281097064107</coordinates></LinearRing></outerBoundaryIs></Polygon></MultiGeometry>
  </Placemark>
  <Placemark id="recortado.62">
	<name>SANTA RITA DO VALE</name>
	<Style><LineStyle><color>ff0000ff</color></LineStyle><PolyStyle><fill>0</fill></PolyStyle></Style>
	<ExtendedData><SchemaData schemaUrl="#recortado">
		<SimpleData name="cd_sr">SR-12</SimpleData>
		<SimpleData name="nr_process">2063/02</SimpleData>
		<SimpleData name="nm_municip">SANTA RITA</SimpleData>
		<SimpleData name="cd_uf">MA</SimpleData>
		<SimpleData name="nr_familia">120</SimpleData>
		<SimpleData name="dt_titulac">14/10/2009</SimpleData>
		<SimpleData name="nr_area_ha">319.453500000000020</SimpleData>
		<SimpleData name="area_calc_">321.3610</SimpleData>
		<SimpleData name="perimetro_">93445.0141</SimpleData>
		<SimpleData name="esfera">ESTADUAL</SimpleData>
		<SimpleData name="fase">TITULADO</SimpleData>
		<SimpleData name="responsave">ITERMA</SimpleData>
	</SchemaData></ExtendedData>
      <MultiGeometry><Polygon><outerBoundaryIs><LinearRing><coordinates>-44.2911969466201,-3.05092490424334 -44.2910551936715,-3.0475324468675 -44.2914601325325,-3.04757794957428 -44.2916197362442,-3.03742805789648 -44.2851252452719,-3.04139936982108 -44.28476477304,-3.04163645056774 -44.2575955137118,-3.05950460032284 -44.2593836064689,-3.06338670431799 -44.2835262727673,-3.05136254475622 -44.2844751315446,-3.05128864049819 -44.2911969466201,-3.05092490424334</coordinates></LinearRing></outerBoundaryIs></Polygon></MultiGeometry>
  </Placemark>
  <Placemark id="recortado.63">
	<name>CAMIRANGA</name>
	<Style><LineStyle><color>ff0000ff</color></LineStyle><PolyStyle><fill>0</fill></PolyStyle></Style>
	<ExtendedData><SchemaData schemaUrl="#recortado">
		<SimpleData name="cd_sr">SR-01</SimpleData>
		<SimpleData name="nr_process">1999/208353</SimpleData>
		<SimpleData name="nm_municip">CACHOEIRA DO PIRIA</SimpleData>
		<SimpleData name="cd_uf">PA</SimpleData>
		<SimpleData name="nr_familia">39</SimpleData>
		<SimpleData name="dt_titulac">16/11/2002</SimpleData>
		<SimpleData name="nr_area_ha">320.612099999999998</SimpleData>
		<SimpleData name="area_calc_">330.1785</SimpleData>
		<SimpleData name="perimetro_">65685.0603</SimpleData>
		<SimpleData name="esfera">ESTADUAL</SimpleData>
		<SimpleData name="fase">TITULADO</SimpleData>
		<SimpleData name="responsave">ITERPA</SimpleData>
	</SchemaData></ExtendedData>
      <MultiGeometry><Polygon><outerBoundaryIs><LinearRing><coordinates>-46.2814413,-1.79983769999996 -46.2819081,-1.80002019999995 -46.2822439,-1.80013389999993 -46.2847384,-1.80080339999995 -46.2849632239204,-1.80078113232599 -46.2812722246011,-1.79977157326237 -46.2814413,-1.79983769999996</coordinates></LinearRing></outerBoundaryIs></Polygon></MultiGeometry>
  </Placemark>
  <Placemark id="recortado.64">
	<name>BELA AURORA</name>
	<Style><LineStyle><color>ff0000ff</color></LineStyle><PolyStyle><fill>0</fill></PolyStyle></Style>
	<ExtendedData><SchemaData schemaUrl="#recortado">
		<SimpleData name="cd_sr">SR-12</SimpleData>
		<SimpleData name="nr_process">54100.000552/2004-51</SimpleData>
		<SimpleData name="nm_municip">CACHOERIA DO PIRIA</SimpleData>
		<SimpleData name="cd_uf">MA</SimpleData>
		<SimpleData name="dt_publica">14/12/2004</SimpleData>
		<SimpleData name="nr_familia">32</SimpleData>
		<SimpleData name="dt_titulac">14/12/2004</SimpleData>
		<SimpleData name="nr_area_ha">2410.275399999999991</SimpleData>
		<SimpleData name="area_calc_">2421.4562</SimpleData>
		<SimpleData name="perimetro_">210747.6425</SimpleData>
		<SimpleData name="esfera">FEDERAL</SimpleData>
		<SimpleData name="fase">TITULADO</SimpleData>
		<SimpleData name="responsave">INCRA</SimpleData>
	</SchemaData></ExtendedData>
      <MultiGeometry><Polygon><outerBoundaryIs><LinearRing><coordinates>-46.319688,-1.78945399999998 -46.3211663,-1.78295239999994 -46.3228276999999,-1.77767769999997 -46.3244888,-1.77269399999994 -46.3240696,-1.76934159999996 -46.3238848999999,-1.76786479999993 -46.3238729999999,-1.76776949999993 -46.3237071999999,-1.76644439999995 -46.3215572,-1.75862989999996 -46.3214874290359,-1.75850682541365 -46.3215125372878,-1.75859302843352 -46.3216021964286,-1.75890364382601 -46.3216911070398,-1.75921447499061 -46.3217792673223,-1.75952552011998 -46.3218666763751,-1.75983677650172 -46.3219533350963,-1.76014824323105 -46.322039241686,-1.76045991759617 -46.3221243961434,-1.76077179869298 -46.3222087984665,-1.76108388380839 -46.3222087993679,-1.76108388742566 -46.3223674568986,-1.7616747500876 -46.3225253067397,-1.76226582940437 -46.3226823479915,-1.76285712447283 -46.3228385824494,-1.76344863257901 -46.322994007417,-1.76404035463004 -46.3231486237911,-1.76463228791257 -46.3233024315705,-1.76522443152283 -46.3233024342741,-1.76522444147018 -46.3233222130102,-1.76530236094725 -46.3233411972993,-1.76538047726394 -46.3233593862373,-1.76545878318515 -46.3233767771212,-1.76553726966809 -46.3233933681474,-1.76561592857385 -46.3234091584126,-1.76569475357178 -46.3234241461112,-1.76577373380951 -46.3234382370538,-1.76585186809502 -46.3234516449526,-1.76593012226017 -46.3234643689051,-1.76600849087883 -46.3234764071089,-1.76608696762101 -46.3234877586606,-1.76616554615605 -46.3234984235563,-1.76624422105717 -46.323498424461,-1.76624422919684 -46.3235586744508,-1.76670583180732 -46.3236182226102,-1.76716752534234 -46.3236770698363,-1.76762930799276 -46.3237352152306,-1.76809118066412 -46.3237926587908,-1.76855314064347 -46.3238494014146,-1.7690151870261 -46.3238815572674,-1.76928149442299 -46.3239129761552,-1.76954789007542 -46.3239436589753,-1.76981437217408 -46.323973604826,-1.77008093710199 -46.3240028137065,-1.77034758395489 -46.3240312847163,-1.77061431092478 -46.3240590187522,-1.77088111529781 -46.3240860149136,-1.77114799526597 -46.3241122731991,-1.77141494902055 -46.3241377927082,-1.77168197475351 -46.3241441429483,-1.77175382116781 -46.3241496051685,-1.77182574057869 -46.3241541784623,-1.77189772213314 -46.3241578637208,-1.77196975497682 -46.3241606582388,-1.77204182735354 -46.3241625629081,-1.77211392931347 -46.3241635768214,-1.77218604909907 -46.3241637008697,-1.77225817585604 -46.3241629332475,-1.77233029873202 -46.3241618292775,-1.77237434136657 -46.3241598965386,-1.77241835565402 -46.3241571359184,-1.77246232621762 -46.3241535492032,-1.77250623677545 -46.3241491363825,-1.7725500728559 -46.3241439001407,-1.77259381727195 -46.3241378413663,-1.77263745555134 -46.3241309627448,-1.77268097231598 -46.3241232669612,-1.77272435128337 -46.3241147567024,-1.77276757888438 -46.3241054337538,-1.77281063793265 -46.3240953026,-1.77285351485776 -46.3240843668242,-1.77289619247209 -46.324072630012,-1.77293865720584 -46.3240078815753,-1.77316396362631 -46.3239423923271,-1.77338905532273 -46.3238761631647,-1.77361393048558 -46.3238091940859,-1.77383858640156 -46.323741486886,-1.774063020356 -46.3236730406646,-1.77428723054071 -46.3236038581165,-1.77451121514491 -46.3235339383394,-1.77473496964691 -46.3234632831305,-1.77495849404554 -46.3233918933852,-1.77518178381785 -46.3233197691025,-1.77540483805945 -46.3232469111789,-1.77562765405632 -46.3231733205109,-1.77585022909449 -46.3230989979952,-1.77607256045998 -46.3230239445289,-1.77629464634324 -46.3229598792896,-1.77648209448251 -46.3228950345446,-1.77666927455984 -46.3228294129875,-1.77685618295544 -46.3227630146161,-1.77704281695596 -46.322695840327,-1.77722917384736 -46.3226278919144,-1.77741524910602 -46.3225591702755,-1.77760104092239 -46.3224896763056,-1.77778654477352 -46.322419412699,-1.77797175794406 -46.3223483785547,-1.77815667772129 -46.3222765756675,-1.77834130048604 -46.3222040067309,-1.77852562261851 -46.3221306717436,-1.77870964230981 -46.3220565716,-1.77889335413246 -46.3219817080969,-1.7790767571807 -46.3219060830292,-1.77925984783541 -46.3218296972923,-1.77944262157356 -46.3218006858878,-1.77951256065814 -46.3217723758014,-1.7795827859586 -46.3217447697259,-1.77965329204609 -46.3217178703515,-1.77972406987381 -46.3216916803704,-1.77979511310846 -46.3216662024749,-1.7798664154167 -46.321641438457,-1.77993796865689 -46.3216173919077,-1.78000976649505 -46.321594065518,-1.78008180078889 -46.3215714601824,-1.78015406520636 -46.3215495785923,-1.78022655250964 -46.3215284243376,-1.78029925455579 -46.3215079974133,-1.78037216410892 -46.3214883014104,-1.78044527483507 -46.3214693372227,-1.78051857949768 -46.3214511084393,-1.78059206904931 -46.3214336150566,-1.78066573806307 -46.3214168588665,-1.78073957839728 -46.3214168579722,-1.7807395847293 -46.3212951607815,-1.78128879641465 -46.3211740812516,-1.78183814427379 -46.3211740758745,-1.78183816688969 -46.3208773820065,-1.78318931743051 -46.3205813051196,-1.784540603455 -46.3205813042246,-1.78454060888253 -46.3202328000052,-1.78613593585913 -46.3202327471444,-1.78613617739382 -46.3195009834339,-1.78948942092684 -46.3196556783807,-1.7895961397079 -46.319688,-1.78945399999998</coordinates></LinearRing></outerBoundaryIs></Polygon></MultiGeometry>
  </Placemark>
  <Placemark id="recortado.65">
	<name>ARVORE VERDE</name>
	<Style><LineStyle><color>ff0000ff</color></LineStyle><PolyStyle><fill>0</fill></PolyStyle></Style>
	<ExtendedData><SchemaData schemaUrl="#recortado">
		<SimpleData name="cd_quilomb">110</SimpleData>
		<SimpleData name="cd_sr">SR-12</SimpleData>
		<SimpleData name="nr_process">54230.004960/05-87</SimpleData>
		<SimpleData name="nm_municip">BREJO DO MARANHAO</SimpleData>
		<SimpleData name="cd_uf">MA</SimpleData>
		<SimpleData name="dt_publica">22/08/2005</SimpleData>
		<SimpleData name="dt_public1">25/07/2007</SimpleData>
		<SimpleData name="nr_familia">116</SimpleData>
		<SimpleData name="nr_area_ha">2658.205100000000130</SimpleData>
		<SimpleData name="nr_perimet">33038.147199999999430</SimpleData>
		<SimpleData name="ob_descric">Estudo de delimitação</SimpleData>
		<SimpleData name="st_titulad">F</SimpleData>
		<SimpleData name="area_calc_">2546.6512</SimpleData>
		<SimpleData name="perimetro_">295281.8807</SimpleData>
		<SimpleData name="esfera">FEDERAL</SimpleData>
		<SimpleData name="fase">PORTARIA</SimpleData>
		<SimpleData name="responsave">INCRA</SimpleData>
	</SchemaData></ExtendedData>
      <MultiGeometry><Polygon><outerBoundaryIs><LinearRing><coordinates>-42.7211698660815,-3.73490647210313 -42.7137589358865,-3.72710341021983 -42.7106662545249,-3.74296105445871 -42.710623460514,-3.74319519753579 -42.7099003073267,-3.7467748810167 -42.7033880614532,-3.74862307883068 -42.6902728137296,-3.75420156179689 -42.6813367773396,-3.75025706203509 -42.6813266662315,-3.7424451795869 -42.6813397130023,-3.74215140227403 -42.6813095763292,-3.73881521013408 -42.6856720926567,-3.73506760547176 -42.7022338371381,-3.72098996946927 -42.7053438881796,-3.71831878112698 -42.7048595803765,-3.71726045184693 -42.7027552142104,-3.71795328891859 -42.6960504489271,-3.72014002869142 -42.6888554078161,-3.72229841394479 -42.6730382022293,-3.72423359999295 -42.6703008521115,-3.73100140760694 -42.6699946989964,-3.73531606883517 -42.6704174449645,-3.73937077955372 -42.672469540341,-3.74320202437844 -42.6748910649071,-3.74658186062473 -42.6775226899215,-3.7496184979225 -42.6804478375617,-3.75283929594546 -42.6830677328828,-3.75668890668353 -42.6845330392366,-3.75990962217256 -42.685426079944,-3.76359982287746 -42.6855047903611,-3.76638981136197 -42.6851760329409,-3.76887659246064 -42.6842586986348,-3.77260224246421 -42.6822816014787,-3.77679228466586 -42.6893215319832,-3.78485141604443 -42.6938745091778,-3.78342467065831 -42.7211907662906,-3.77496127186127 -42.7233027194284,-3.76968719056011 -42.739102408635,-3.74998004317524 -42.7213345492239,-3.73509864386613 -42.7211698660815,-3.73490647210313</coordinates></LinearRing></outerBoundaryIs></Polygon></MultiGeometry>
  </Placemark>
  <Placemark id="recortado.66">
	<name>ALTO BONITO</name>
	<Style><LineStyle><color>ff0000ff</color></LineStyle><PolyStyle><fill>0</fill></PolyStyle></Style>
	<ExtendedData><SchemaData schemaUrl="#recortado">
		<SimpleData name="cd_quilomb">449</SimpleData>
		<SimpleData name="cd_sr">SR-12</SimpleData>
		<SimpleData name="nr_process">54230.005031/2007-57
</SimpleData>
		<SimpleData name="nm_municip">BREJO</SimpleData>
		<SimpleData name="cd_uf">MA</SimpleData>
		<SimpleData name="dt_publica">14/07/2017</SimpleData>
		<SimpleData name="nr_familia">32</SimpleData>
		<SimpleData name="nr_area_ha">3806.355399999999918</SimpleData>
		<SimpleData name="nr_perimet">17903.560000000001310</SimpleData>
		<SimpleData name="tp_levanta">GPS Juno e Imagem de Satélite Google Earth.</SimpleData>
		<SimpleData name="nr_escalao">1:40.000</SimpleData>
		<SimpleData name="area_calc_">1285.3012</SimpleData>
		<SimpleData name="perimetro_">161494.3613</SimpleData>
		<SimpleData name="esfera">Federal</SimpleData>
		<SimpleData name="fase">RTID</SimpleData>
		<SimpleData name="responsave">INCRA</SimpleData>
	</SchemaData></ExtendedData>
      <MultiGeometry><Polygon><outerBoundaryIs><LinearRing><coordinates>-42.7562333439134,-3.73919450557682 -42.7545618564672,-3.74489481056323 -42.7525480962961,-3.74534433842625 -42.7505205678963,-3.74572358434933 -42.7391024535372,-3.74998007041183 -42.7306910922555,-3.76047190967563 -42.7321416551094,-3.76168215408281 -42.732561234902,-3.761141852288 -42.733488374982,-3.76755262635337 -42.7338182140717,-3.76837765200019 -42.7291609103258,-3.77140475279677 -42.7230890369553,-3.77718757742861 -42.7231857405523,-3.7804789487097 -42.7244435963067,-3.78187475075917 -42.7383879116364,-3.77388881393772 -42.7389699996952,-3.77516667584275 -42.7400299343911,-3.77850001228249 -42.7407692096854,-3.77819069950601 -42.7422604786808,-3.78336795218377 -42.7477733275739,-3.77539121093247 -42.7531622634624,-3.77325071474033 -42.7556237548731,-3.77163025823897 -42.7693107445511,-3.77166559589326 -42.7698207638305,-3.75542215051393 -42.7591587420697,-3.74190814031071 -42.7562333439134,-3.73919450557682</coordinates></LinearRing></outerBoundaryIs></Polygon></MultiGeometry>
  </Placemark>
  <Placemark id="recortado.67">
	<name>DEPÓSITO</name>
	<Style><LineStyle><color>ff0000ff</color></LineStyle><PolyStyle><fill>0</fill></PolyStyle></Style>
	<ExtendedData><SchemaData schemaUrl="#recortado">
		<SimpleData name="cd_sr">SR-12</SimpleData>
		<SimpleData name="nr_process">54230.009564/2010-11</SimpleData>
		<SimpleData name="nm_municip">BREJO</SimpleData>
		<SimpleData name="cd_uf">MA</SimpleData>
		<SimpleData name="dt_publica">28/12/2017</SimpleData>
		<SimpleData name="nr_familia">13</SimpleData>
		<SimpleData name="nr_area_ha">726.087499999999977</SimpleData>
		<SimpleData name="nr_perimet">13421.459999999999127</SimpleData>
		<SimpleData name="nr_escalao">1:30.000</SimpleData>
		<SimpleData name="area_calc_">725.5127</SimpleData>
		<SimpleData name="perimetro_">121070.0525</SimpleData>
		<SimpleData name="esfera">FEDERAL</SimpleData>
		<SimpleData name="fase">RTID</SimpleData>
		<SimpleData name="responsave">INCRA</SimpleData>
	</SchemaData></ExtendedData>
      <MultiGeometry><Polygon><outerBoundaryIs><LinearRing><coordinates>-42.7191346624936,-3.80379520068956 -42.7096243815954,-3.81783775919978 -42.709343563985,-3.81815665165664 -42.6987619349328,-3.82391580688258 -42.7072310221502,-3.84155464341795 -42.7155460484351,-3.8402202332795 -42.7159971753537,-3.82354493713805 -42.728094425853,-3.81720220248352 -42.7279935314413,-3.81700052773133 -42.7283513480631,-3.81679690588655 -42.7282560689006,-3.81668437863931 -42.7344576917054,-3.81089938812566 -42.7340602060367,-3.80190883574529 -42.7191346624936,-3.80379520068956</coordinates></LinearRing></outerBoundaryIs></Polygon></MultiGeometry>
  </Placemark>
  <Placemark id="recortado.68">
	<name>BEM POSTA</name>
	<Style><LineStyle><color>ff0000ff</color></LineStyle><PolyStyle><fill>0</fill></PolyStyle></Style>
	<ExtendedData><SchemaData schemaUrl="#recortado">
		<SimpleData name="cd_sr">SR-12</SimpleData>
		<SimpleData name="nr_process">54170.008374/2016-16</SimpleData>
		<SimpleData name="nm_municip">PRESIDENTE SARNEY</SimpleData>
		<SimpleData name="cd_uf">MA</SimpleData>
		<SimpleData name="nr_familia">64</SimpleData>
		<SimpleData name="dt_titulac">19/12/2011</SimpleData>
		<SimpleData name="nr_area_ha">385.188600000000008</SimpleData>
		<SimpleData name="area_calc_">382.0925</SimpleData>
		<SimpleData name="perimetro_">93232.6643</SimpleData>
		<SimpleData name="esfera">ESTADUAL</SimpleData>
		<SimpleData name="fase">TITULADO</SimpleData>
		<SimpleData name="responsave">ITERMA</SimpleData>
	</SchemaData></ExtendedData>
      <MultiGeometry><Polygon><outerBoundaryIs><LinearRing><coordinates>-45.3849013888889,-2.47934361111112 -45.3751594767424,-2.48140645380819 -45.3678742872341,-2.48029996791413 -45.3670397451406,-2.482342645075 -45.3616457249796,-2.49533140754212 -45.3628613400169,-2.49592758699436 -45.3633215787353,-2.4966263418489 -45.3635707830429,-2.49728598936314 -45.3645709339,-2.49867258329063 -45.3652498465857,-2.49923121709527 -45.3668256544473,-2.49946788965442 -45.3695084116302,-2.49943653470631 -45.3687986943336,-2.49680906330343 -45.3689602730163,-2.49110521274916 -45.3746634776049,-2.49119175782226 -45.3742387811976,-2.49759492930926 -45.3734545753359,-2.4976360987375 -45.3734801400218,-2.49833346786836 -45.3749169238149,-2.49747441499386 -45.3764109520329,-2.49713119038831 -45.3781703322494,-2.49594727162137 -45.3867195555139,-2.49252418155714 -45.3849015166666,-2.47934368888882 -45.3849013888889,-2.47934361111112</coordinates></LinearRing></outerBoundaryIs></Polygon></MultiGeometry>
  </Placemark>
  <Placemark id="recortado.69">
	<name>CUTIA E COCAL</name>
	<Style><LineStyle><color>ff0000ff</color></LineStyle><PolyStyle><fill>0</fill></PolyStyle></Style>
	<ExtendedData><SchemaData schemaUrl="#recortado">
		<SimpleData name="cd_sr">SR-12</SimpleData>
		<SimpleData name="nr_process">2725/10</SimpleData>
		<SimpleData name="nm_municip">PRESIDENTE SARNEY</SimpleData>
		<SimpleData name="cd_uf">MA</SimpleData>
		<SimpleData name="nr_familia">66</SimpleData>
		<SimpleData name="dt_titulac">19/12/2011</SimpleData>
		<SimpleData name="nr_area_ha">17.697299999999998</SimpleData>
		<SimpleData name="area_calc_">17.9504</SimpleData>
		<SimpleData name="perimetro_">19041.0804</SimpleData>
		<SimpleData name="esfera">ESTADUAL</SimpleData>
		<SimpleData name="fase">TITULADO</SimpleData>
		<SimpleData name="responsave">ITERMA</SimpleData>
	</SchemaData></ExtendedData>
      <MultiGeometry><Polygon><outerBoundaryIs><LinearRing><coordinates>-45.4097313305556,-2.54437723611111 -45.408582763598,-2.54502552453588 -45.4105562560378,-2.54910217038935 -45.4105658882298,-2.54923908721091 -45.4105802432916,-2.54937558492245 -45.4105948956268,-2.54951646312267 -45.4106054273462,-2.54965242366593 -45.410620958775,-2.54978412769512 -45.4106365088542,-2.54991595704312 -45.410652013413,-2.55004770071409 -45.4106547894705,-2.55017934829321 -45.4106535813798,-2.5503124221925 -45.4106433939155,-2.55043977965544 -45.4106303293724,-2.55057089056239 -45.4106111027973,-2.55069967666881 -45.4105884660408,-2.55083025249617 -45.4106034915898,-2.5509828959652 -45.4121525631349,-2.55124481869075 -45.4120670020076,-2.55096760781568 -45.4136525838663,-2.55054662517823 -45.4109797432244,-2.54543035465084 -45.4105204729031,-2.54552694167099 -45.4104297188832,-2.54540713740449 -45.4103812428813,-2.54526777428902 -45.4103172341351,-2.54513169330543 -45.4102441761719,-2.5449999920813 -45.4101680802012,-2.54486976968393 -45.4100925886073,-2.54474145743625 -45.4100202089082,-2.54461574734498 -45.409950191821,-2.54448030231403 -45.4098845768272,-2.5443509012839 -45.4097591490365,-2.54429995344224 -45.4097313305556,-2.54437723611111</coordinates></LinearRing></outerBoundaryIs></Polygon></MultiGeometry>
  </Placemark>
  <Placemark id="recortado.70">
	<name>RIO DOS PEIXES</name>
	<Style><LineStyle><color>ff0000ff</color></LineStyle><PolyStyle><fill>0</fill></PolyStyle></Style>
	<ExtendedData><SchemaData schemaUrl="#recortado">
		<SimpleData name="cd_sr">SR-12</SimpleData>
		<SimpleData name="nr_process">2971/06</SimpleData>
		<SimpleData name="nm_municip">PINHEIRO / SANTA HELENA</SimpleData>
		<SimpleData name="cd_uf">MA</SimpleData>
		<SimpleData name="nr_familia">47</SimpleData>
		<SimpleData name="dt_titulac">01/09/2006</SimpleData>
		<SimpleData name="nr_area_ha">54.223399999999998</SimpleData>
		<SimpleData name="dt_decreto">01/09/2006</SimpleData>
		<SimpleData name="area_calc_">54.2662</SimpleData>
		<SimpleData name="perimetro_">28053.3125</SimpleData>
		<SimpleData name="esfera">ESTADUAL</SimpleData>
		<SimpleData name="fase">TITULADO</SimpleData>
		<SimpleData name="responsave">ITERMA</SimpleData>
	</SchemaData></ExtendedData>
      <MultiGeometry><Polygon><outerBoundaryIs><LinearRing><coordinates>-45.1128694444444,-2.3022222222222 -45.1148347776674,-2.29635226797329 -45.107707293156,-2.29676591510637 -45.1038948799116,-2.29909637871305 -45.1048867809212,-2.30104470098943 -45.1128694444444,-2.3022222222222</coordinates></LinearRing></outerBoundaryIs></Polygon></MultiGeometry>
  </Placemark>
  <Placemark id="recortado.71">
	<name>COTOVELO</name>
	<Style><LineStyle><color>ff0000ff</color></LineStyle><PolyStyle><fill>0</fill></PolyStyle></Style>
	<ExtendedData><SchemaData schemaUrl="#recortado">
		<SimpleData name="cd_sr">SR-12</SimpleData>
		<SimpleData name="nr_process">2737/08</SimpleData>
		<SimpleData name="nm_municip">PINHEIRO / SANTA HELENA</SimpleData>
		<SimpleData name="cd_uf">MA</SimpleData>
		<SimpleData name="nr_familia">55</SimpleData>
		<SimpleData name="dt_titulac">14/11/2008</SimpleData>
		<SimpleData name="nr_area_ha">1220.340999999999894</SimpleData>
		<SimpleData name="area_calc_">1221.3170</SimpleData>
		<SimpleData name="perimetro_">129545.1873</SimpleData>
		<SimpleData name="esfera">ESTADUAL</SimpleData>
		<SimpleData name="fase">TITULADO</SimpleData>
		<SimpleData name="responsave">ITERMA</SimpleData>
	</SchemaData></ExtendedData>
      <MultiGeometry><Polygon><outerBoundaryIs><LinearRing><coordinates>-45.0297056439999,-2.23357105099995 -45.070869178,-2.23655519999994 -45.0578542939999,-2.20516208499993 -45.0294713009999,-2.20778660399991 -45.0297056439999,-2.23357105099995</coordinates></LinearRing></outerBoundaryIs></Polygon></MultiGeometry>
  </Placemark>
</Folder>
</Document></kml>
