<?xml version="1.0" encoding="utf-8" ?>
<kml xmlns="http://www.opengis.net/kml/2.2">
<Document id="root_doc">
<Schema name="ucs" id="ucs">
	<SimpleField name="Name" type="string"></SimpleField>
	<SimpleField name="gml_id" type="string"></SimpleField>
	<SimpleField name="docleg_id" type="string"></SimpleField>
	<SimpleField name="uc_id" type="string"></SimpleField>
	<SimpleField name="cd_cnuc" type="string"></SimpleField>
	<SimpleField name="wdpa_pid" type="string"></SimpleField>
	<SimpleField name="cria_ano" type="string"></SimpleField>
	<SimpleField name="cria_ato" type="string"></SimpleField>
	<SimpleField name="outro_ato" type="string"></SimpleField>
	<SimpleField name="pl_manejo" type="string"></SimpleField>
	<SimpleField name="co_gestor" type="string"></SimpleField>
	<SimpleField name="quali_pol" type="string"></SimpleField>
	<SimpleField name="ppgr" type="string"></SimpleField>
	<SimpleField name="ha_total" type="string"></SimpleField>
	<SimpleField name="ha_ato" type="string"></SimpleField>
	<SimpleField name="esfera" type="string"></SimpleField>
	<SimpleField name="uf" type="string"></SimpleField>
	<SimpleField name="municipio" type="string"></SimpleField>
	<SimpleField name="org_gestor" type="string"></SimpleField>
	<SimpleField name="grupo" type="string"></SimpleField>
	<SimpleField name="categoria" type="string"></SimpleField>
	<SimpleField name="cat_iucn" type="string"></SimpleField>
	<SimpleField name="amazonia" type="string"></SimpleField>
	<SimpleField name="caatinga" type="string"></SimpleField>
	<SimpleField name="cerrado" type="string"></SimpleField>
	<SimpleField name="matlantica" type="string"></SimpleField>
	<SimpleField name="pampa" type="string"></SimpleField>
	<SimpleField name="pantanal" type="string"></SimpleField>
	<SimpleField name="marinho" type="string"></SimpleField>
	<SimpleField name="situacao" type="string"></SimpleField>
	<SimpleField name="limite" type="string"></SimpleField>
</Schema>
<Folder><name>ucs</name>
  <Placemark id="ucs.1">
	<name>ÁREA DE PROTEÇÃO AMBIENTAL DA BAIXADA MARANHENSE</name>
	<Style><LineStyle><color>ff0000ff</color></LineStyle><PolyStyle><fill>0</fill></PolyStyle></Style>
	<ExtendedData><SchemaData schemaUrl="#ucs">
		<SimpleData name="docleg_id">3604</SimpleData>
		<SimpleData name="uc_id">1887</SimpleData>
		<SimpleData name="cd_cnuc">0000.21.1887</SimpleData>
		<SimpleData name="wdpa_pid">352130</SimpleData>
		<SimpleData name="cria_ano">09-10-1991</SimpleData>
		<SimpleData name="cria_ato">Decreto 11.900 de 11-06-1991</SimpleData>
		<SimpleData name="outro_ato">Sem informação</SimpleData>
		<SimpleData name="pl_manejo">Sem informação</SimpleData>
		<SimpleData name="co_gestor">Sem informação</SimpleData>
		<SimpleData name="quali_pol">Polígono é uma estimativa dos limites da UC</SimpleData>
		<SimpleData name="ppgr">Sítio Ramsar APA Baixada Maranhense</SimpleData>
		<SimpleData name="ha_total">1728296.91</SimpleData>
		<SimpleData name="ha_ato">1775035.6</SimpleData>
		<SimpleData name="esfera">Estadual</SimpleData>
		<SimpleData name="uf">MARANHÃO</SimpleData>
		<SimpleData name="municipio">ANAJATUBA (MA), BEQUIMÃO (MA), CAJARI (MA), LAGO VERDE (MA), MAFRA (SC), MATINHA (MA), MIRINZAL (MA), MONÇÃO (MA), OLHO D'ÁGUA DAS CUNHÃS (MA), PALMEIRÂNDIA (MA), PENALVA (MA), PERI MIRIM (MA), PIN...</SimpleData>
		<SimpleData name="org_gestor">SECRETARIA DE ESTADO DE MEIO AMBIENTE E RECURSOS NATURAIS DO MARANHÃO - MA</SimpleData>
		<SimpleData name="grupo">Uso Sustentável</SimpleData>
		<SimpleData name="categoria">Área de Proteção Ambiental</SimpleData>
		<SimpleData name="cat_iucn">Category V</SimpleData>
		<SimpleData name="amazonia">1711259.53</SimpleData>
		<SimpleData name="cerrado">17034.52</SimpleData>
		<SimpleData name="situacao">Ativo</SimpleData>
		<SimpleData name="limite">uc</SimpleData>
	</SchemaData></ExtendedData>
      <MultiGeometry><Polygon><outerBoundaryIs><LinearRing><coordinates>-45.5004011468025,-1.98369679803469 -44.8003956149066,-1.9836969094797 -45.0003973557676,-2.41703349143757 -44.5003934751133,-2.58370155142801 -44.4003926187622,-2.50036759511471 -44.5003935721299,-3.10037210653613 -44.6170613615414,-3.40037432291874 -44.6837286080542,-3.56704211529015 -44.5503942882747,-3.85037761826771 -44.5503944107249,-4.00037877694348 -45.0003979676926,-4.00037850521482 -45.2837333792563,-3.66704264646569 -45.5004017201849,-3.63370896060846 -45.4170676575818,-3.43370748379746 -45.2837333018386,-3.43370761413965 -45.2837332077357,-3.33370682845881 -45.4504011824987,-3.25037280093488 -45.4504011492312,-3.21703921309198 -45.250399574379,-3.21703935211972 -45.1670656581029,-3.26703972513487 -45.1670655784492,-3.13370544170273 -45.0837315854192,-3.13370542065902 -45.0003975459093,-3.00037114684112 -44.9211152252451,-3.00194103618066 -45.5327683108753,-2.66932805495905 -45.5296645709274,-2.5603501592272 -45.5143747523335,-2.55830016912428 -45.518367255421,-2.33828295477672 -45.5040994751761,-2.337260004486 -45.5080999807097,-2.1157019487174 -45.5040238790835,-2.11467519872974 -45.5004011468025,-1.98369679803469</coordinates></LinearRing></outerBoundaryIs></Polygon></MultiGeometry>
  </Placemark>
  <Placemark id="ucs.2">
	<name>ÁREA DE PROTEÇÃO AMBIENTAL DAS REENTRÂNCIAS MARANHENSES</name>
	<Style><LineStyle><color>ff0000ff</color></LineStyle><PolyStyle><fill>0</fill></PolyStyle></Style>
	<ExtendedData><SchemaData schemaUrl="#ucs">
		<SimpleData name="docleg_id">4338</SimpleData>
		<SimpleData name="uc_id">1885</SimpleData>
		<SimpleData name="cd_cnuc">0000.21.1885</SimpleData>
		<SimpleData name="wdpa_pid">115686</SimpleData>
		<SimpleData name="cria_ano">11-06-1991</SimpleData>
		<SimpleData name="cria_ato">Decreto 11.901 de 11-06-1991</SimpleData>
		<SimpleData name="outro_ato">Sem informação</SimpleData>
		<SimpleData name="pl_manejo">Sem informação</SimpleData>
		<SimpleData name="co_gestor">Sem informação</SimpleData>
		<SimpleData name="quali_pol">Polígono é uma estimativa dos limites da UC</SimpleData>
		<SimpleData name="ppgr">Projeto GEF Mar - Áreas Marinhas e Costeiras Protegidas, Sítio Ramsar Reentrâncias Maranhenses</SimpleData>
		<SimpleData name="ha_total">2633545.61</SimpleData>
		<SimpleData name="ha_ato">2631260</SimpleData>
		<SimpleData name="esfera">Estadual</SimpleData>
		<SimpleData name="uf">MARANHÃO</SimpleData>
		<SimpleData name="municipio">ALCÂNTARA (MA), BACURI (MA), BEQUIMÃO (MA), CÂNDIDO MENDES (MA), CARUTAPERA (MA), CEDRAL (MA), CURURUPU (MA), GODOFREDO VIANA (MA), GUIMARÃES (MA), LUÍS DOMINGUES (MA), MIRINZAL (MA), TURIAÇU (MA)</SimpleData>
		<SimpleData name="org_gestor">SECRETARIA DE ESTADO DE MEIO AMBIENTE E RECURSOS NATURAIS DO MARANHÃO - MA</SimpleData>
		<SimpleData name="grupo">Uso Sustentável</SimpleData>
		<SimpleData name="categoria">Área de Proteção Ambiental</SimpleData>
		<SimpleData name="cat_iucn">Category V</SimpleData>
		<SimpleData name="amazonia">1111843.06</SimpleData>
		<SimpleData name="marinho">1521765.27</SimpleData>
		<SimpleData name="situacao">Ativo</SimpleData>
		<SimpleData name="limite">uc</SimpleData>
	</SchemaData></ExtendedData>
      <MultiGeometry><Polygon><outerBoundaryIs><LinearRing><coordinates>-44.4003926187622,-2.50036759511471 -44.5003934751133,-2.58370155142801 -45.0003973557676,-2.41703349143757 -44.8003956149066,-1.9836969094797 -45.5004011468025,-1.98369679803469 -45.5004010825114,-1.55036021376607 -45.7670697963319,-1.5503601630457 -46.1171838686328,-1.36696699667822 -46.1150374729989,-1.35035074902217 -46.1086910578215,-1.34332768231574 -46.1042485269807,-1.33694232819581 -46.1061488309634,-1.33247121917615 -46.1118569041859,-1.33150925854664 -46.1223248251224,-1.33533735984679 -46.1292989631307,-1.33405700710056 -46.1327887441315,-1.33022226174691 -46.1296101148019,-1.31441358012668 -46.1311931729563,-1.31026077967994 -46.1400721247629,-1.30865884196783 -46.1492699845611,-1.30801655093989 -46.1511722048699,-1.30578017678542 -46.1530716925169,-1.29970988627442 -46.1594095414197,-1.28852860918327 -46.1628931222289,-1.2783077539848 -46.1476610679315,-1.25755508770954 -46.1406807234881,-1.24957333743046 -46.1413126862799,-1.24286500642709 -46.1463838287832,-1.23743468987117 -46.1501857840446,-1.22880934843804 -46.1511357881911,-1.22478234420184 -46.141300769272,-1.21456814068131 -46.1371470787716,-1.21287721449613 -46.1301898009136,-1.20640860514133 -46.1127627606988,-1.19681601339832 -46.1041488161495,-1.20208470146263 -46.0926073444958,-1.20144939230449 -46.0862184159108,-1.19668687408894 -46.0770763644031,-1.19624572407008 -46.0749988506277,-1.18940626792193 -46.0745583098602,-1.18663429159642 -46.075555816718,-1.18414343683455 -46.0766710996129,-1.17074694301609 -46.0750315800157,-1.16100100206608 -46.0697846269052,-1.150929004928 -46.0004048971833,-0.83368805061375 -44.0003891705469,-1.22535796146184 -43.8420546329586,-1.71702844002359 -44.4003926187622,-2.50036759511471</coordinates></LinearRing></outerBoundaryIs></Polygon></MultiGeometry>
  </Placemark>
  <Placemark id="ucs.3">
	<name>PARQUE ESTADUAL DO BACANGA</name>
	<Style><LineStyle><color>ff0000ff</color></LineStyle><PolyStyle><fill>0</fill></PolyStyle></Style>
	<ExtendedData><SchemaData schemaUrl="#ucs">
		<SimpleData name="docleg_id">13925</SimpleData>
		<SimpleData name="uc_id">1882</SimpleData>
		<SimpleData name="cd_cnuc">0000.21.1882</SimpleData>
		<SimpleData name="wdpa_pid">19450</SimpleData>
		<SimpleData name="cria_ano">24-12-2001</SimpleData>
		<SimpleData name="cria_ato">Decreto 7.545 de 07-03-1980</SimpleData>
		<SimpleData name="outro_ato">Decreto 9550 de 10-04-1984 Revisão dos limites , Lei ordinária 7.712 de 14-12-2001 Redução , Outros 32022008 de 20-09-2016 Revisão dos limites</SimpleData>
		<SimpleData name="pl_manejo">Sem informação</SimpleData>
		<SimpleData name="co_gestor">Sem informação</SimpleData>
		<SimpleData name="quali_pol">Polígono corresponde ao memorial descritivo</SimpleData>
		<SimpleData name="ha_total">3165.13</SimpleData>
		<SimpleData name="ha_ato">3075</SimpleData>
		<SimpleData name="esfera">Estadual</SimpleData>
		<SimpleData name="uf">MARANHÃO</SimpleData>
		<SimpleData name="municipio">SÃO LUÍS (MA)</SimpleData>
		<SimpleData name="org_gestor">SECRETARIA DE ESTADO DE MEIO AMBIENTE E RECURSOS NATURAIS DO MARANHÃO - MA</SimpleData>
		<SimpleData name="grupo">Proteção Integral</SimpleData>
		<SimpleData name="categoria">Parque</SimpleData>
		<SimpleData name="cat_iucn">Category II</SimpleData>
		<SimpleData name="amazonia">5787.73</SimpleData>
		<SimpleData name="situacao">Ativo</SimpleData>
		<SimpleData name="limite">uc</SimpleData>
	</SchemaData></ExtendedData>
      <MultiGeometry><Polygon><outerBoundaryIs><LinearRing><coordinates>-44.2481528510621,-2.55827746161516 -44.2476668560755,-2.5591244842652 -44.2474262102232,-2.559595867344 -44.2471475414921,-2.55997148679612 -44.2467879262771,-2.56039732246772 -44.2463831134814,-2.56078722827647 -44.2453163684151,-2.56171767933369 -44.244578232224,-2.5623371654975 -44.2442139089279,-2.56267204311593 -44.2439067090863,-2.56299738044766 -44.2436828383639,-2.5632677159909 -44.2435684971264,-2.56344716248904 -44.2433981428116,-2.5637713840743 -44.2433028056337,-2.56401068002737 -44.2432253387706,-2.56421408363209 -44.2431357155611,-2.56485429841248 -44.2431189889906,-2.5649646533826 -44.2429624996964,-2.56599710382748 -44.2428765129096,-2.5667761950194 -44.2427905260186,-2.56755528616503 -44.2426732459586,-2.56868256666049 -44.2426564722793,-2.56887643220419 -44.2426182144569,-2.56918038705062 -44.2425822462212,-2.56963752893595 -44.2425486324091,-2.57013775558298 -44.2425087200685,-2.57055659866444 -44.2424704436986,-2.5708916693569 -44.2423701620768,-2.57144212023518 -44.2422508888307,-2.57191117988122 -44.2421269431825,-2.57223183822 -44.241960099386,-2.57265299893947 -44.2416979788168,-2.57320814004091 -44.2415615830939,-2.57357327909474 -44.241483445531,-2.57378245764005 -44.2413546235549,-2.57429938185081 -44.2412925527002,-2.57462486397753 -44.2412542273141,-2.57504131428938 -44.2412491928841,-2.57550565494307 -44.2412585086175,-2.57585032793162 -44.2412726863168,-2.57602267014084 -44.2413343125021,-2.57644875434685 -44.2414862716487,-2.57705201333532 -44.2415080233939,-2.57714074971191 -44.2417037035847,-2.57793902562655 -44.2418114881848,-2.57837873173502 -44.2418993840192,-2.57873730167705 -44.2423744320577,-2.58032688629392 -44.2430059342954,-2.58296971552505 -44.2434381220601,-2.58459757115406 -44.2436709934188,-2.58557313669609 -44.2438986913309,-2.58652702810859 -44.2443830806275,-2.58842299012595 -44.2444730166997,-2.5888136709611 -44.2445406253675,-2.5891073622246 -44.2448151226802,-2.5902997728885 -44.2451760101724,-2.59176482666359 -44.245439072668,-2.59282069203566 -44.245674618666,-2.59376611286143 -44.2457477268933,-2.59407498625773 -44.2460497157734,-2.59535085174906 -44.2461350929421,-2.59569051306957 -44.2464011242661,-2.59674888151514 -44.2466290549804,-2.59767291923504 -44.2467620672113,-2.5981229818548 -44.2468951108313,-2.59852038694533 -44.2471043024623,-2.59893698589851 -44.2473754078779,-2.59929617730033 -44.2476846129899,-2.59962188209674 -44.2480795233469,-2.59990455473229 -44.2484649449802,-2.6001345639707 -44.2491313717072,-2.60043247532044 -44.2492691680767,-2.60049407408248 -44.2496307874987,-2.60072885596424 -44.2499923507305,-2.60105937883205 -44.2502539543677,-2.60138984191787 -44.250401310184,-2.60173459798581 -44.2504773823028,-2.60188304214283 -44.2505342335598,-2.6023378464531 -44.2504910232539,-2.60296492501618 -44.2505226801779,-2.60330455432567 -44.2505383233824,-2.60347238119075 -44.250585747865,-2.60376920705083 -44.2507188324727,-2.60409959345768 -44.2509661059588,-2.60451621508593 -44.2512324958595,-2.60480359762276 -44.2515893568178,-2.60503837647498 -44.2519462884704,-2.60515347891969 -44.2524412800374,-2.60523515418474 -44.2528744565176,-2.60520669012563 -44.25316486995,-2.60511590905706 -44.2536266938172,-2.60493906292592 -44.2549788954476,-2.60432233637109 -44.2559692160143,-2.60391123704934 -44.2564262512491,-2.60378225741425 -44.257097446844,-2.60372042333877 -44.2575972351351,-2.60373986754469 -44.2581398018927,-2.6038646522727 -44.2585442895902,-2.60405637404127 -44.2586498244755,-2.60410442798917 -44.2587009765998,-2.60412771949273 -44.2588916771644,-2.60421455254637 -44.2593803523949,-2.60446293830067 -44.259418561764,-2.60448838569825 -44.259634346126,-2.60458981283494 -44.2596402682986,-2.60459259653918 -44.2597150028583,-2.6046277246855 -44.260314512086,-2.60490951729073 -44.261337614165,-2.60542233684248 -44.2621179876541,-2.60588235505399 -44.2625630510423,-2.60613136094823 -44.2630173371659,-2.60638552657449 -44.2636692528203,-2.60674015303784 -44.2638308707153,-2.60712321366805 -44.2639639453715,-2.60747753513531 -44.2640161692687,-2.6077121322459 -44.264039824681,-2.6079610738343 -44.2640540267598,-2.60809512015566 -44.2641015073453,-2.60830099205604 -44.2641442668013,-2.60843984226435 -44.2642155364886,-2.60866487644771 -44.2642963148915,-2.60890906458877 -44.2643818978402,-2.60907666233015 -44.2644532009576,-2.60924425171405 -44.2645007427986,-2.60934480814217 -44.264557757261,-2.60952675032841 -44.2645915094715,-2.60973915655896 -44.2646127166554,-2.61010537995384 -44.2646268841866,-2.61029926469684 -44.2647092926308,-2.61061323397071 -44.2649563286104,-2.61155441932484 -44.2650241811337,-2.61181293076733 -44.2652203448508,-2.61213617339669 -44.265421162782,-2.61264132743012 -44.265559053807,-2.61289991031004 -44.2656445925685,-2.6131441012612 -44.2656561095313,-2.61328538351206 -44.2656871297037,-2.61366591713821 -44.2657297614021,-2.61402497259256 -44.2658343154712,-2.61431225830311 -44.265929396781,-2.61451815827454 -44.2661339091282,-2.61481028990089 -44.2662337337949,-2.61504491506374 -44.2662669511223,-2.6152220562826 -44.2663667286182,-2.61553806167282 -44.2664034997848,-2.61564065499483 -44.266428509215,-2.61571043257684 -44.2666757981436,-2.61611269196058 -44.2668294896235,-2.61637924352332 -44.2668469878055,-2.61640959103975 -44.2669658723883,-2.61661071796587 -44.2671609262062,-2.6167975283824 -44.267251294894,-2.61692204536079 -44.2673512227424,-2.61697954888818 -44.2676557745307,-2.61713770109872 -44.2679175055838,-2.61726231861495 -44.268279217178,-2.61735348520872 -44.2685552340106,-2.61746853682503 -44.2685596882949,-2.61746941355852 -44.2689455144736,-2.61754535875905 -44.2691929730788,-2.61765688299341 -44.269402343578,-2.6177814695955 -44.269754466086,-2.6179923071284 -44.2700971130666,-2.61812654580522 -44.2706206315135,-2.61828003844354 -44.2709918833469,-2.61833770049421 -44.2714105863918,-2.61865389226083 -44.2720292293021,-2.61894147824638 -44.2725621251186,-2.61934390385326 -44.2731481367643,-2.61983848861696 -44.2732091800577,-2.61989000822645 -44.2735326772974,-2.62021571827002 -44.2741892478385,-2.62077140213698 -44.2742718191728,-2.62091104218453 -44.2743719364856,-2.62108035497448 -44.2744313271809,-2.62127187283032 -44.2744729157254,-2.62137960635722 -44.2746037559443,-2.62148739185879 -44.2747524464545,-2.6215951877798 -44.2748951903239,-2.62169699626244 -44.2750140925091,-2.62187059724365 -44.2750845638883,-2.62193859415504 -44.2751568157736,-2.62200830887484 -44.2752519417955,-2.62214000900722 -44.2754350152423,-2.62246972600231 -44.2756312242824,-2.62272116192617 -44.2758572080152,-2.62293072825091 -44.2759641826593,-2.62315219297215 -44.2760652449895,-2.62330783196087 -44.2760710713128,-2.62352325403188 -44.2760531210837,-2.62369677529646 -44.2760375613821,-2.6238523464618 -44.2761231026624,-2.62409653739708 -44.2761515227047,-2.62434069510945 -44.2762175504152,-2.62519701985203 -44.2762223954221,-2.62525985613998 -44.2763504388462,-2.6260928829572 -44.2764359224532,-2.62643760261689 -44.2765928735055,-2.6266674739042 -44.276592609095,-2.62712703367607 -44.2765813153966,-2.62724743129249 -44.2765495037334,-2.62758656847375 -44.2763351336423,-2.62787366865058 -44.2762127712989,-2.62806885918428 -44.2760921448548,-2.62826128077347 -44.2759920088009,-2.6285628085776 -44.276048915035,-2.6289362340746 -44.2760916484023,-2.62912295518181 -44.2764627054694,-2.62952528624005 -44.2769336010411,-2.63014309419465 -44.2772474545012,-2.63068900439709 -44.2775756547949,-2.6311200329261 -44.2780040325339,-2.63117772716276 -44.2782182298281,-2.6311922130151 -44.2785753295985,-2.6310344468059 -44.2787752712384,-2.63100584052132 -44.2789751631806,-2.63106340164274 -44.2793751206118,-2.63087693757932 -44.2795751281705,-2.6307334411595 -44.2806462047779,-2.63064789471632 -44.2812462056943,-2.63066981403678 -44.2817063931478,-2.63039648608104 -44.2817337551036,-2.6303248424395 -44.2819725160823,-2.63006953277189 -44.2820061526451,-2.63003356482773 -44.2823088026453,-2.62973360494151 -44.2824269729965,-2.6296330686934 -44.2825336104746,-2.62954234453648 -44.2827367206276,-2.62951201332778 -44.2831472893248,-2.62940350586746 -44.2838215555118,-2.62910376000275 -44.2841284913716,-2.62886469889592 -44.2842085521598,-2.62880241004666 -44.2844916266994,-2.62858217230085 -44.2849541128085,-2.62836059964585 -44.2854640099533,-2.62835219341649 -44.286060295039,-2.6284047335461 -44.2863408313821,-2.62839828566225 -44.2864835584705,-2.62839500523592 -44.2867256202272,-2.62825595110575 -44.2869831103476,-2.6281243625439 -44.2871867787682,-2.62807520265959 -44.2874325686987,-2.62801587575312 -44.2876876183653,-2.62783333102064 -44.2877509402748,-2.62780969676263 -44.2878168165172,-2.62778510905207 -44.2881414321203,-2.62766394943232 -44.2883899715628,-2.62764548351291 -44.2886643100122,-2.62762510074169 -44.2888087480173,-2.62754238511232 -44.2888816041032,-2.62746397166862 -44.2889167008286,-2.62744179933701 -44.2892471780565,-2.62723302065608 -44.2895707305424,-2.62708158450252 -44.2900276245338,-2.62692276758388 -44.2902943358693,-2.62685829440816 -44.2903182698666,-2.62684927516905 -44.2904721570235,-2.62679128492657 -44.2906168696665,-2.62669029321599 -44.2906821226135,-2.62664475475113 -44.2908699172681,-2.62640624492548 -44.2910675914027,-2.62616276944784 -44.2912628118291,-2.62589195103229 -44.2915222453482,-2.6255963132356 -44.291682877055,-2.62536027327528 -44.2918954081752,-2.62504223831334 -44.2919243943048,-2.62487398721459 -44.2919300903259,-2.62484092493793 -44.2919796240354,-2.62457499451871 -44.2919699011835,-2.62430157369464 -44.291891019282,-2.62406539738367 -44.2918749125614,-2.62389831403029 -44.2918742024057,-2.62389094635805 -44.2918843700781,-2.62364679914524 -44.2918935777962,-2.62349528529697 -44.2918950211974,-2.62347153282489 -44.2919409948742,-2.62303426324174 -44.2920079538852,-2.62280945695107 -44.2921729385621,-2.62262896710027 -44.2925855056168,-2.62238134156594 -44.2928195329571,-2.62218008828049 -44.2929197254112,-2.62202898694535 -44.2930199177698,-2.62187788566421 -44.293041323761,-2.62184560326385 -44.2931187023231,-2.62166130125705 -44.2931559663849,-2.62107265497043 -44.2931470121628,-2.62096527181443 -44.2931452574353,-2.62094422841587 -44.2931192793557,-2.62063268264696 -44.2930843633079,-2.62031703286939 -44.2930840630657,-2.62031431752248 -44.2931919476332,-2.62002701601889 -44.2933698464167,-2.61975059808219 -44.293615323937,-2.61962689116189 -44.2939570133332,-2.61953413721435 -44.2945141182208,-2.61949727359057 -44.295043484773,-2.61952855551592 -44.2955020634905,-2.61955669905775 -44.2955518644232,-2.61955162147482 -44.2958344865465,-2.61952280608138 -44.2959822613907,-2.6194516297662 -44.2961362731113,-2.61923483905817 -44.2961825042421,-2.61912022981652 -44.2962287354309,-2.61900562057069 -44.2962781170529,-2.61876088658217 -44.2962868350418,-2.61843437619118 -44.2962875475499,-2.61840769116992 -44.2962909019098,-2.61791197269596 -44.2963280309004,-2.61756189113366 -44.2964050728626,-2.61738843246164 -44.2964935016246,-2.61729597734255 -44.296502893053,-2.61728746519174 -44.2966184357709,-2.61718274028278 -44.2967258141643,-2.61701283952693 -44.2968560888209,-2.61678452745907 -44.2969301769868,-2.61638799290439 -44.2969460905764,-2.61623574485347 -44.2970288491335,-2.61606051886898 -44.297225991361,-2.61576850893538 -44.2974917463345,-2.61543758803463 -44.2976461243591,-2.61529344628973 -44.2976888282837,-2.61525357408986 -44.2980196073025,-2.61501121108232 -44.2983626915483,-2.61477947753736 -44.2986969760112,-2.61455836138875 -44.2989292257418,-2.61438675998985 -44.2991174692998,-2.61428241019193 -44.2993725717767,-2.61413029626784 -44.2996189127451,-2.6139197530959 -44.2997245140496,-2.61378171860972 -44.2998301152607,-2.61364368421155 -44.2998917498389,-2.61350208423803 -44.2999471271303,-2.61337221180781 -44.3000238271435,-2.61319233271893 -44.3001118565521,-2.61302596150044 -44.3002684739345,-2.61286493993953 -44.3004989583067,-2.61270395965384 -44.3006204284021,-2.61265830743631 -44.3007153289757,-2.6126226408799 -44.3008418315566,-2.61263785539219 -44.301024807313,-2.61251756836405 -44.301373169663,-2.61228052526235 -44.3016511635656,-2.61207708086688 -44.3017388771885,-2.61198949907532 -44.3017769830751,-2.6119514504875 -44.301902802491,-2.61182582008841 -44.3020594694134,-2.61157450619244 -44.3021827209757,-2.61132140316705 -44.3021723702102,-2.61095580314562 -44.3021407914761,-2.61081326570193 -44.3020512069948,-2.61061138649256 -44.3019288770111,-2.61039804086084 -44.3018040028261,-2.61025734987139 -44.3016285975633,-2.61003584811456 -44.3014858996607,-2.60984727601265 -44.3013907925431,-2.60967668213432 -44.3013432331775,-2.60960185703032 -44.3013433635606,-2.60936564708038 -44.3013433636454,-2.60936549358167 -44.3013853154102,-2.6088195869834 -44.3013812639669,-2.60817523379807 -44.3013242779536,-2.60793105942126 -44.3011887391199,-2.60770838318656 -44.3010818320114,-2.60735647100348 -44.3010418447802,-2.60710625817329 -44.3010106769044,-2.60691123010131 -44.3009823898806,-2.60641574852633 -44.300968335504,-2.60600644280679 -44.3009969828252,-2.6058484842004 -44.3011044121363,-2.60554763460502 -44.3011328540746,-2.60546798474403 -44.3012901058635,-2.60515930384204 -44.3014687500186,-2.60490089945529 -44.3016330704724,-2.60472147438398 -44.3017545820815,-2.60448458007104 -44.3018260894089,-2.60429074194611 -44.3017405391668,-2.60405373231815 -44.3016210730406,-2.6037364557261 -44.3015836870233,-2.60363716640307 -44.3015053084877,-2.60334271547685 -44.3014898605322,-2.60328609919547 -44.3014269260182,-2.60305544524426 -44.3014270169418,-2.60289028995995 -44.3016342405829,-2.60259599806693 -44.3018843479155,-2.6022227426223 -44.3021272716507,-2.60192847037437 -44.3023416824418,-2.60154801421989 -44.3025060810639,-2.60122497555324 -44.3025562428819,-2.60089469279989 -44.3025919274581,-2.60068678265971 -44.3026708502505,-2.6002269543593 -44.3027352644003,-2.59994694410426 -44.3028210551607,-2.5997459329983 -44.3028639899278,-2.59957362080707 -44.3028777555669,-2.59930428937418 -44.3028856425596,-2.59914997344665 -44.3028715358815,-2.59883401625167 -44.3027789044028,-2.59848929278447 -44.3026219299677,-2.59829532762439 -44.3024220562583,-2.59820904875354 -44.3022221551992,-2.59817303445943 -44.3019722501633,-2.59818007635713 -44.301565232848,-2.5982444762465 -44.3012724441342,-2.59833048144199 -44.3009510875408,-2.59843083205273 -44.3005083423644,-2.59854547635682 -44.3001656168582,-2.59855246620524 -44.2999514239292,-2.59853798563095 -44.2998086549759,-2.59848046074496 -44.2994945332216,-2.59840847907304 -44.2993172959512,-2.59827505931651 -44.299167466259,-2.59807391723724 -44.2990605242233,-2.5977866311424 -44.2989036693114,-2.59737724591838 -44.2987253865486,-2.59698221009297 -44.2986256360969,-2.59660157937658 -44.2985686861328,-2.5962927791791 -44.2984546082744,-2.59599830843487 -44.2983405185745,-2.59572537971718 -44.2982835489362,-2.59545248278992 -44.2982765435854,-2.59520833641352 -44.2982735384425,-2.59519409300588 -44.2982053295862,-2.59487080559546 -44.2981902628855,-2.59482526422873 -44.2981126638323,-2.59459070815185 -44.2980342901121,-2.59428907665197 -44.2980328875566,-2.59427512926465 -44.2979916837179,-2.59386539392302 -44.2979632820203,-2.59357815160242 -44.2979848484131,-2.59331247920482 -44.2979349713529,-2.59312575420067 -44.2978422345099,-2.59297490867388 -44.2977494819204,-2.59285278571553 -44.2977210089892,-2.59269479526208 -44.2976497555221,-2.59242907112515 -44.2975427941321,-2.59217768838726 -44.2973644408707,-2.59191190446439 -44.2971646994487,-2.59158866338606 -44.2969649501247,-2.59127978360213 -44.2967936696822,-2.59113607486308 -44.2965724292964,-2.59095643486719 -44.2963511650597,-2.59081987884708 -44.2961727289613,-2.59070488873722 -44.2959085932657,-2.59062575396482 -44.2956944177571,-2.59058255038083 -44.2952802552616,-2.59066130612798 -44.2950374642578,-2.59071861559771 -44.2945661540798,-2.59084760376688 -44.2943590867154,-2.59086184915677 -44.2941876835342,-2.59094074038356 -44.2939376928171,-2.59110575546689 -44.2935162945972,-2.59135684216622 -44.2933106440844,-2.59145289835331 -44.2932091959605,-2.59150028309969 -44.2927879011818,-2.59156467261038 -44.2923666184276,-2.5916075200055 -44.292131003087,-2.59160020702189 -44.2919311036118,-2.59156419145301 -44.2916883923327,-2.5914778871801 -44.2914813648779,-2.59142032561091 -44.2913029093062,-2.59134123811637 -44.2911458937376,-2.59122625937721 -44.2910245660227,-2.59113284270043 -44.2908318746771,-2.5909747599071 -44.290589247405,-2.59073766199604 -44.2904322998522,-2.5905006121887 -44.2902754083032,-2.5901630333177 -44.2901327968051,-2.58982546255664 -44.2900829090556,-2.58966027950418 -44.2900186932983,-2.58958125625862 -44.289925909657,-2.58951657814073 -44.2899830454397,-2.58948788774421 -44.2900543633709,-2.58945483290047 -44.2900758889639,-2.58944485609345 -44.2901045247891,-2.58930843988117 -44.2901332723446,-2.58897096558446 -44.2901976958272,-2.58867659520696 -44.2903406027837,-2.58848279806026 -44.2904620780339,-2.58831053079422 -44.2905509259914,-2.58817666149824 -44.2905621213187,-2.58815979338469 -44.2906978523194,-2.58803061795037 -44.2908192793856,-2.58794451845117 -44.2909549665274,-2.58789433009565 -44.2911834890607,-2.58781547133198 -44.2913120361313,-2.58776527898871 -44.2914499305673,-2.58759744884922 -44.2916284932174,-2.587482658641 -44.2919713703977,-2.58719562496966 -44.2920999852128,-2.58702336145236 -44.2921357526585,-2.58690131040361 -44.2921501081173,-2.58676488605552 -44.2921573198158,-2.58663563831163 -44.2922858946012,-2.58653518125293 -44.2924430889572,-2.58632703042432 -44.2926932297897,-2.58588915070783 -44.2930719887989,-2.58527182650626 -44.2933364368826,-2.58478369001306 -44.2933467500909,-2.58474617266578 -44.2933936715151,-2.58457548297398 -44.293593863751,-2.58408012973584 -44.2936583256049,-2.58371395230925 -44.2936371617394,-2.58325078825861 -44.2935778506035,-2.58290967394457 -44.2935422468053,-2.58273612157217 -44.2934946902131,-2.58265830459691 -44.2934352271756,-2.58259244864547 -44.2933876706627,-2.58251463163482 -44.2933639270528,-2.58241289243889 -44.2933520867237,-2.58230517600463 -44.2933402397138,-2.58220942734743 -44.2933343493352,-2.58210171416926 -44.2932987058957,-2.58199996832579 -44.2932015834342,-2.58189140641158 -44.292887696582,-2.5814029464198 -44.2929259612333,-2.58106787063331 -44.2929166741649,-2.580646600364 -44.2928598457057,-2.58011998727062 -44.2927863620929,-2.57994918211222 -44.2927738750054,-2.57992015735246 -44.2927362458241,-2.57983269202062 -44.2925174418855,-2.57955491780104 -44.292298637967,-2.57927714353419 -44.2921464045635,-2.57912387117643 -44.291927584912,-2.57887481949516 -44.2917171187272,-2.57858348645867 -44.291641007321,-2.57849727604072 -44.2915506295041,-2.57838712215654 -44.2914316787391,-2.57830088770021 -44.2912461232533,-2.5781523838172 -44.2908131679256,-2.57779310889214 -44.2903897299879,-2.57743862631066 -44.289709370214,-2.57687815440294 -44.2892193073432,-2.57649969871271 -44.2888243608733,-2.57626969643887 -44.2887770253704,-2.57623829912223 -44.2882248308284,-2.57587203071024 -44.2878195970107,-2.57564758328066 -44.2874634771262,-2.57545033847595 -44.2869257843689,-2.57512930067539 -44.2866736017982,-2.5749616104522 -44.2864119394188,-2.574722108383 -44.286123215285,-2.57448425938432 -44.2860455936499,-2.57442031517978 -44.2857773997464,-2.57411897824993 -44.285717364579,-2.5740515240005 -44.2856194223321,-2.57393227001738 -44.2855128268018,-2.57380247978639 -44.2853035426586,-2.57352949746818 -44.2851418256637,-2.57331398709076 -44.2850134413183,-2.5730745599652 -44.2849642680473,-2.57289979611165 -44.2849231817795,-2.57275377378262 -44.2847520757153,-2.57230369037802 -44.2847434002369,-2.57227065440204 -44.2846665786777,-2.57197811976506 -44.2846287074564,-2.57160470498333 -44.2846384857874,-2.57114036226197 -44.2846664826207,-2.57099744181382 -44.2846909939926,-2.57087231453983 -44.2847529900434,-2.57066171723444 -44.2847500239993,-2.57059068284345 -44.284743595426,-2.57043671849153 -44.2847388807605,-2.57035533519764 -44.2846627678155,-2.57027391174069 -44.2846231351247,-2.57024287438282 -44.2845985371213,-2.57022361105874 -44.2845343065011,-2.57017331040948 -44.2843179021828,-2.57008039387891 -44.2841393201764,-2.57001990084735 -44.2838727659085,-2.57001975064537 -44.2837605940256,-2.57004541335824 -44.2836448143756,-2.57007190146026 -44.2835720637253,-2.57009433441039 -44.2835228599941,-2.57011529524137 -44.2833243295784,-2.57019177680107 -44.2831695328978,-2.57037120554405 -44.2831383520899,-2.57040631713654 -44.2830317175653,-2.57042923497349 -44.2829346103741,-2.57043875441313 -44.2828005806298,-2.57047870690715 -44.2826219842425,-2.57065812208063 -44.2825269706234,-2.57078319494605 -44.2825206961397,-2.57090938723826 -44.2824849337144,-2.57105124840315 -44.2824487295941,-2.57110292855482 -44.2823573192022,-2.5711392588172 -44.2822290117659,-2.57116054475418 -44.2821456399334,-2.57129214274967 -44.2820741946114,-2.57137587646412 -44.2820027492797,-2.5714596101718 -44.281948022312,-2.57153029334803 -44.2818360323377,-2.57167493503323 -44.2816930211063,-2.57205782152095 -44.2816215489247,-2.57218942614646 -44.2815857826964,-2.57230908318394 -44.2815143439684,-2.572380849126 -44.2813834265543,-2.57241667820801 -44.281252462103,-2.57253628133126 -44.2811884732031,-2.57254237374082 -44.2810380564708,-2.57255669502231 -44.2807386104967,-2.57260079945926 -44.2807100494258,-2.57260365549924 -44.2806057890035,-2.57263662736956 -44.2805100996703,-2.57266385953695 -44.2804429826065,-2.57266812989609 -44.2803772886351,-2.57268101779863 -44.2803101635214,-2.57269964936789 -44.2802744553902,-2.57271542648946 -44.2802430150577,-2.57275992864613 -44.2802158538625,-2.57281304989898 -44.2801501027089,-2.5729279027968 -44.2801143760467,-2.5729767108862 -44.2800415407714,-2.57299246697331 -44.2799944160928,-2.57299531246356 -44.2799187423528,-2.57297947212954 -44.2798459280251,-2.57295788893269 -44.2797831117759,-2.57293200300182 -44.2797331512652,-2.57289894370228 -44.2797088990729,-2.57285728225231 -44.2796746544485,-2.57280987065031 -44.2796518432109,-2.57274523199003 -44.2796176161131,-2.57266622556216 -44.2795876626494,-2.57260589128718 -44.2795462635112,-2.57258432584044 -44.279523428105,-2.57256277096382 -44.279502027874,-2.57252829182815 -44.2794734901816,-2.57248950020285 -44.2794520997613,-2.57243778749193 -44.2794207150268,-2.57238319685044 -44.2793807511424,-2.57234870710806 -44.2793450663241,-2.572322836567 -44.279296525915,-2.57230413935397 -44.2792651250682,-2.57227827124347 -44.2792380112782,-2.57224666105135 -44.2792237525493,-2.57220931364232 -44.2792223447127,-2.57217340967533 -44.2792394997243,-2.57213895242739 -44.2792609338663,-2.57211311431191 -44.2792909251902,-2.57210595064157 -44.2793380482865,-2.57210597739085 -44.2793737620441,-2.57208014741259 -44.2793994734975,-2.57206580071763 -44.2794137668835,-2.572041394657 -44.2794137813887,-2.57201554438057 -44.2793995202373,-2.57198250540957 -44.2793938205057,-2.57196096029386 -44.2793866950654,-2.57193510596524 -44.2794052757086,-2.57190495778764 -44.2794595756024,-2.5718389268138 -44.2794881551817,-2.57180303986163 -44.2794910351928,-2.5717599576642 -44.27946106402,-2.571731218149 -44.2794282214933,-2.571729763366 -44.2793810984785,-2.57172973662402 -44.279358252543,-2.57172685136631 -44.2793382707123,-2.57170960651449 -44.2793054386634,-2.57168948211162 -44.2792968813442,-2.57167080759746 -44.279261203059,-2.57163344806736 -44.2792369420319,-2.57160758401311 -44.2792183994078,-2.57157023420868 -44.2791884281088,-2.57154149465534 -44.2791570209002,-2.57152711553981 -44.2791084666829,-2.57153283252694 -44.2790684786477,-2.57154142656374 -44.2790341945738,-2.57156438509037 -44.2789999031746,-2.5716002687873 -44.2789641926534,-2.57162035434741 -44.2789413385917,-2.57163183036542 -44.2789199254873,-2.57162032921104 -44.2789013659417,-2.57161313801115 -44.2789085195912,-2.57158872790291 -44.2789128122885,-2.57157293294214 -44.278931380771,-2.57156432671384 -44.2789470940825,-2.57155428278704 -44.278977089423,-2.57153993856584 -44.2789985138818,-2.57153133395787 -44.27901994304,-2.57151411261426 -44.2790442241441,-2.57150407351568 -44.279062807203,-2.57146961701031 -44.279075687842,-2.5714179237567 -44.2790956979434,-2.57138490417181 -44.2791142704523,-2.57136911731542 -44.2791399794728,-2.57135907902454 -44.2791742403739,-2.57137776816267 -44.279192793472,-2.57139644828117 -44.2792673977876,-2.57140905676342 -44.2793209433117,-2.57141507098948 -44.2793982915907,-2.57141511488148 -44.279463740241,-2.57141515201724 -44.2794929962911,-2.57141078046083 -44.2795644115385,-2.57138090171347 -44.2796120524183,-2.57130613045959 -44.2796240159429,-2.57119244385807 -44.2795824355561,-2.57106975107609 -44.2795319238121,-2.57095902097536 -44.2794843650994,-2.57088718765711 -44.2793862141173,-2.57084823683687 -44.2793059008992,-2.570830239687 -44.2791690773524,-2.57078827500878 -44.2790738962626,-2.57075830169808 -44.278978698389,-2.57075824766595 -44.2788388714154,-2.57076714406454 -44.2786187178133,-2.57078197873872 -44.2784640212909,-2.57078189087665 -44.2783420506868,-2.57077882968708 -44.2783093515946,-2.57073393214078 -44.2782885606647,-2.57067408171512 -44.2782380036066,-2.57064413370152 -44.2781844749393,-2.5706082001265 -44.2781458159621,-2.5705812507378 -44.2780506130778,-2.57059017247857 -44.2779286408226,-2.57059010315488 -44.2778274930393,-2.57059004565803 -44.2777441915958,-2.57059598213626 -44.27762217043,-2.57068267870953 -44.2775239488986,-2.57076938883737 -44.2774376539652,-2.57080823484277 -44.277342392172,-2.57092187398171 -44.2772739232281,-2.57100261713665 -44.2771905981978,-2.57105044057927 -44.2770983297209,-2.57113117014077 -44.2770209006724,-2.57127473870536 -44.2769643550255,-2.57131360156513 -44.276875105282,-2.57131654271944 -44.2767352378656,-2.57139724517339 -44.27657158608,-2.57145100668025 -44.2764198358001,-2.57150178297447 -44.2763067917279,-2.57149573472317 -44.2762086188152,-2.57149567877247 -44.2761521153632,-2.57145974342281 -44.276110488196,-2.5714208245825 -44.2760837458115,-2.57136396272376 -44.2760540672371,-2.57123828480495 -44.276060064395,-2.57115451423415 -44.2760482118495,-2.57107073341992 -44.2760840155724,-2.57088525427537 -44.2760543437392,-2.57074760859062 -44.275988993093,-2.5705740394986 -44.2759414412989,-2.57049023840865 -44.2758105916149,-2.5704063898044 -44.2756975813154,-2.57034050296673 -44.2755845338548,-2.57034043851273 -44.2754833659009,-2.57037628396239 -44.2752988594915,-2.57048388814108 -44.2752155918418,-2.57042998593287 -44.2752335088244,-2.57031031904229 -44.275221663077,-2.57021457057431 -44.2752157538395,-2.57014276089471 -44.2751563058123,-2.57005296914013 -44.2750194961042,-2.56998706864896 -44.2748529135642,-2.56996303819269 -44.2737619904448,-2.5666226197921 -44.272902402632,-2.56511612911522 -44.2716832217749,-2.56398799685064 -44.2709965863194,-2.56357934054032 -44.2666799256673,-2.56655013231619 -44.2641510331313,-2.56813736157309 -44.2638834958762,-2.56739678236194 -44.2601174116076,-2.56726232830023 -44.2596379683319,-2.56612454486165 -44.2595127004776,-2.56552150370716 -44.2595120695281,-2.56524920754934 -44.2594778123153,-2.56432440137141 -44.2594244670781,-2.56415730251755 -44.2594230390489,-2.56388320005786 -44.2603842968945,-2.56274591733498 -44.2582628427457,-2.56034563166962 -44.257504305595,-2.55962505974153 -44.2567976580129,-2.56204499757513 -44.2531193572743,-2.56095856311693 -44.2522716689515,-2.55955638153605 -44.2518649173114,-2.55925146276164 -44.2514537732996,-2.55866745880442 -44.2481528510621,-2.55827746161516</coordinates></LinearRing></outerBoundaryIs></Polygon></MultiGeometry>
  </Placemark>
  <Placemark id="ucs.4">
	<name>PARQUE ESTADUAL MARINHO BANCO DO TAROL</name>
	<Style><LineStyle><color>ff0000ff</color></LineStyle><PolyStyle><fill>0</fill></PolyStyle></Style>
	<ExtendedData><SchemaData schemaUrl="#ucs">
		<SimpleData name="docleg_id">14457</SimpleData>
		<SimpleData name="uc_id">3543</SimpleData>
		<SimpleData name="cd_cnuc">0000.21.3543</SimpleData>
		<SimpleData name="wdpa_pid">555682081</SimpleData>
		<SimpleData name="cria_ano">16-12-2014</SimpleData>
		<SimpleData name="cria_ato">Lei ordinária 10171/2014 de 12-12-2014</SimpleData>
		<SimpleData name="outro_ato">Sem informação</SimpleData>
		<SimpleData name="pl_manejo">Sem informação</SimpleData>
		<SimpleData name="co_gestor">Sem informação</SimpleData>
		<SimpleData name="quali_pol">Polígono corresponde ao memorial descritivo</SimpleData>
		<SimpleData name="ha_total">34187.2</SimpleData>
		<SimpleData name="ha_ato">34229.4</SimpleData>
		<SimpleData name="esfera">Estadual</SimpleData>
		<SimpleData name="uf">MARANHÃO</SimpleData>
		<SimpleData name="municipio">CURURUPU (MA)</SimpleData>
		<SimpleData name="org_gestor">SECRETARIA DE ESTADO DE MEIO AMBIENTE E RECURSOS NATURAIS DO MARANHÃO - MA</SimpleData>
		<SimpleData name="grupo">Proteção Integral</SimpleData>
		<SimpleData name="categoria">Parque</SimpleData>
		<SimpleData name="cat_iucn">Category II</SimpleData>
		<SimpleData name="marinho">34187.2</SimpleData>
		<SimpleData name="situacao">Ativo</SimpleData>
		<SimpleData name="limite">uc</SimpleData>
	</SchemaData></ExtendedData>
      <MultiGeometry><Polygon><outerBoundaryIs><LinearRing><coordinates>-44.5833739829265,-0.999979122866854 -44.7500409282953,-0.999979120775241 -44.7500409264107,-0.833312192282515 -44.5833739810532,-0.833312194026596 -44.5833739829265,-0.999979122866854</coordinates></LinearRing></outerBoundaryIs></Polygon></MultiGeometry>
  </Placemark>
  <Placemark id="ucs.5">
	<name>PARQUE ESTADUAL DE MIRADOR</name>
	<Style><LineStyle><color>ff0000ff</color></LineStyle><PolyStyle><fill>0</fill></PolyStyle></Style>
	<ExtendedData><SchemaData schemaUrl="#ucs">
		<SimpleData name="docleg_id">31362</SimpleData>
		<SimpleData name="uc_id">10553</SimpleData>
		<SimpleData name="cd_cnuc">0000.21.1963</SimpleData>
		<SimpleData name="wdpa_pid">555682883</SimpleData>
		<SimpleData name="cria_ano">20-06-1980</SimpleData>
		<SimpleData name="cria_ato">Decreto 7.641 de 04-06-1980</SimpleData>
		<SimpleData name="outro_ato">Lei ordinária 8.958 de 08-05-2009 Ampliação</SimpleData>
		<SimpleData name="pl_manejo">Não</SimpleData>
		<SimpleData name="co_gestor">Sim</SimpleData>
		<SimpleData name="quali_pol">Polígono corresponde ao memorial descritivo</SimpleData>
		<SimpleData name="ha_total">501204.44</SimpleData>
		<SimpleData name="ha_ato">700000</SimpleData>
		<SimpleData name="esfera">Estadual</SimpleData>
		<SimpleData name="uf">MARANHÃO</SimpleData>
		<SimpleData name="municipio">FERNANDO FALCÃO (MA), FORMOSA DA SERRA NEGRA (MA), MIRADOR (MA)</SimpleData>
		<SimpleData name="org_gestor">SECRETARIA DE ESTADO DE MEIO AMBIENTE E RECURSOS NATURAIS DO MARANHÃO - MA</SimpleData>
		<SimpleData name="grupo">Proteção Integral</SimpleData>
		<SimpleData name="categoria">Parque</SimpleData>
		<SimpleData name="cat_iucn">Category II</SimpleData>
		<SimpleData name="cerrado">501255.4</SimpleData>
		<SimpleData name="situacao">Ativo</SimpleData>
		<SimpleData name="limite">uc</SimpleData>
	</SchemaData></ExtendedData>
      <MultiGeometry><Polygon><outerBoundaryIs><LinearRing><coordinates>-45.7277889321887,-6.71418795081359 -45.7399768740534,-6.71086988565635 -45.764319270641,-6.69635109464624 -45.9066203180189,-6.63695520978463 -45.921514455977,-6.5661420853537 -45.8994193611761,-6.56149692840304 -45.8705835141437,-6.52904886600751 -45.7792985067133,-6.49764836218635 -45.7373722984371,-6.39761475762467 -45.5129812553053,-6.36855216059153 -45.2729675610465,-6.32522324409644 -45.2729756113272,-6.34054970795725 -45.2726382902578,-6.34041440287857 -45.2711620264603,-6.34083907602053 -45.2690493819746,-6.34189883883726 -45.2673378801151,-6.3416828897474 -45.2655008084333,-6.34255949417696 -45.2640300528504,-6.34317275540457 -45.2614922741339,-6.34303265164775 -45.2593691544645,-6.34472135547954 -45.2586197788533,-6.34616258999622 -45.2573897396336,-6.34759700664334 -45.2562279174036,-6.34766750888824 -45.2549688099132,-6.34701020850599 -45.2539948432274,-6.34553979351637 -45.2534597654263,-6.34388950666326 -45.2519258905007,-6.34340746483513 -45.250753179545,-6.34356796834614 -45.2492810150915,-6.34317644004853 -45.2487802788298,-6.34107789723798 -45.2437294887836,-6.33880737438012 -45.2435089095763,-6.34061570182301 -45.2419797028312,-6.34041143317418 -45.2409152750782,-6.33893207790083 -45.2394612134211,-6.33854069338245 -45.2371804088861,-6.33877214544725 -45.2352047753014,-6.33865056088651 -45.2331922278823,-6.33807070985084 -45.2322992714233,-6.33723081803571 -45.2318835527818,-6.33603963223043 -45.2314643586312,-6.33394293249463 -45.2304628235111,-6.33310118574721 -45.2294874258452,-6.33226955701107 -45.2277873514843,-6.33141635311796 -45.2258617156971,-6.33101708485891 -45.2253553309811,-6.32982385165196 -45.2239108739678,-6.32834742740421 -45.222488379359,-6.32767844533632 -45.2212022887702,-6.32756836049802 -45.2198420061304,-6.3275460511552 -45.2181960368509,-6.3277880953016 -45.216494223822,-6.32702486272967 -45.2165217538897,-6.32539347469271 -45.2179960247063,-6.32451077172451 -45.2190811508613,-6.32362289163175 -45.2174916115037,-6.32213456821087 -45.2162915834232,-6.32174726164903 -45.2140330158924,-6.32116318355004 -45.2134501123556,-6.31914451005261 -45.2126413727563,-6.31758854656398 -45.211189071219,-6.31710725103718 -45.2100240340782,-6.3173572145652 -45.2089067909928,-6.31797660001233 -45.207535756513,-6.3185915613608 -45.2057849259426,-6.31973803890258 -45.2055898106617,-6.32109838175743 -45.2071228398606,-6.32221759309184 -45.2082668805156,-6.32324070487085 -45.2072587888766,-6.32440823837713 -45.2057835948386,-6.32529055000719 -45.2067617111438,-6.32649085358048 -45.2072628224918,-6.32795160250539 -45.2061498002616,-6.32947622626458 -45.2048741394571,-6.33037157329995 -45.2037270176396,-6.32843199317026 -45.2017246053986,-6.3288574900463 -45.199354699172,-6.32845087698612 -45.1979025589857,-6.32796972598638 -45.1965620379286,-6.3278494690781 -45.1950552914767,-6.32736724509718 -45.195778879255,-6.32474178671694 -45.1975867535555,-6.32513976549704 -45.198683230952,-6.32570436858759 -45.1989859020633,-6.32443571450609 -45.1990097581796,-6.32298307833972 -45.1979504204774,-6.32068685174092 -45.1968681005875,-6.31975415429111 -45.1949733823153,-6.31917609643775 -45.1933571730604,-6.31869318388484 -45.1913699123524,-6.31820280405569 -45.1899222304361,-6.31745304814043 -45.1889172412581,-6.3167911464437 -45.1883082243697,-6.31578480371341 -45.1872444345663,-6.31375794837661 -45.185712733746,-6.31364343005132 -45.1832602120131,-6.31332487981194 -45.1810882504005,-6.31355884911565 -45.1794387720636,-6.31352314510554 -45.1779867870181,-6.31358895656148 -45.1761522991648,-6.31373929401829 -45.1749837816853,-6.31308284760138 -45.1721669379374,-6.31284858673755 -45.1709971898688,-6.31282997523001 -45.1693813849363,-6.31179879037368 -45.1682903593954,-6.31141359727009 -45.1665920532977,-6.30992406179841 -45.1662549665023,-6.30782799603551 -45.1666436931091,-6.30629174540698 -45.1664208482145,-6.30492512438148 -45.1645771613402,-6.30506538211955 -45.1632114547633,-6.30486362992577 -45.1621561819588,-6.30338473246295 -45.1615399836075,-6.3017425947202 -45.1603683888759,-6.30181279249087 -45.1591659555975,-6.30215166780931 -45.1579116616411,-6.30231080901311 -45.1560752432741,-6.30254999926643 -45.1537326299947,-6.30159704919345 -45.1512031391148,-6.30154694904205 -45.149523842941,-6.30270344152004 -45.1485794594543,-6.30441877237385 -45.1466815853272,-6.30510609397227 -45.1454826761699,-6.30517545205252 -45.1444824848717,-6.3058863059084 -45.1427585588881,-6.30594766146258 -45.1412710321157,-6.30592346111273 -45.14044000661,-6.30736292962482 -45.1385990214568,-6.30787055013451 -45.1378206315709,-6.30667376861286 -45.1382065416097,-6.30477008283681 -45.139158128957,-6.30315373309183 -45.1397111465633,-6.30206840774739 -45.1394923040146,-6.30052220587809 -45.1369295534208,-6.30083959086581 -45.1352771152171,-6.30143969208348 -45.1338065897336,-6.30314690144818 -45.1341407788112,-6.30433647649245 -45.134640696501,-6.3058962678782 -45.1341649418594,-6.30724200711465 -45.1319067487822,-6.30720540374511 -45.1294544650409,-6.30688750314194 -45.1275290763185,-6.30648877051918 -45.1257214952636,-6.30609072601709 -45.1239115070712,-6.30696691864582 -45.1227928819077,-6.30822215790365 -45.121768237249,-6.30929952524022 -45.1202837103188,-6.3101726441003 -45.1178084686725,-6.31232013623165 -45.1168582833035,-6.31330140695719 -45.115941568519,-6.31438063849665 -45.1141842645525,-6.31534634320121 -45.1126579625434,-6.31550082241206 -45.1112901572321,-6.31483350953422 -45.1092815267761,-6.31507772923784 -45.1084407003036,-6.31596994761491 -45.1081618269337,-6.31750794447869 -45.107661456454,-6.31868341666417 -45.106219753549,-6.31920721464948 -45.1044611493414,-6.3201741536616 -45.103262612142,-6.32187552464037 -45.1020628776666,-6.32258271941113 -45.1006953703441,-6.32301765434429 -45.0991661544733,-6.32225689417796 -45.0991874025848,-6.31988905566299 -45.0972907096628,-6.31885407979353 -45.0961190650137,-6.31892440537461 -45.0937826638187,-6.31815961621596 -45.0930833147186,-6.31659638254653 -45.0916330919102,-6.31602600738369 -45.0892901680681,-6.315072495678 -45.0866475525571,-6.31529810146264 -45.0853363451981,-6.31663950368843 -45.0843906521947,-6.31843541365745 -45.0842786539757,-6.32025380289558 -45.0846124710425,-6.32144368212463 -45.0842820299958,-6.32435280345674 -45.0829189755318,-6.32505600058294 -45.0817398051382,-6.3239428750794 -45.0806812376105,-6.32274179929987 -45.0793980384419,-6.32298977147369 -45.0783206465719,-6.32342062313444 -45.077285843152,-6.32449709155153 -45.075278139806,-6.32528069422141 -45.0739104326115,-6.32515912902263 -45.0723803312551,-6.32495417714197 -45.0710080682091,-6.32456429542487 -45.0704332822297,-6.32637568884733 -45.0691232530235,-6.32826325820284 -45.0687297383754,-6.33007806298848 -45.0691508736995,-6.33199534310542 -45.0701204530489,-6.33310490682471 -45.0715699749047,-6.33431246316607 -45.0727427168921,-6.33469992849634 -45.0740016650787,-6.33535749747099 -45.0750640813482,-6.33746437841305 -45.0750070978941,-6.33919392345012 -45.0735550222839,-6.33925953520614 -45.0721300096206,-6.33823145741701 -45.0709340297982,-6.33921629776228 -45.0716351536006,-6.34013357328176 -45.0724389555109,-6.34142923463106 -45.0722977179719,-6.34332768290806 -45.0714652949988,-6.34431853449895 -45.0698200682773,-6.3450174846609 -45.0692334355786,-6.34700853407122 -45.0703809943714,-6.34884764574574 -45.0715558046623,-6.35023046237415 -45.0715260395608,-6.35141370473831 -45.0701285256569,-6.35202722585986 -45.0687134909959,-6.35145660267444 -45.0676240871656,-6.35043416767411 -45.0667269957033,-6.34932549559465 -45.0657509293678,-6.34858320162559 -45.0635760239812,-6.34790121131069 -45.0619953740038,-6.34969534817874 -45.0610776776173,-6.3508641314313 -45.0587894481821,-6.35154331109454 -45.056612710997,-6.35150718813433 -45.0548876663003,-6.35111078996597 -45.0522652826396,-6.34951595065692 -45.0508995504516,-6.34985160906625 -45.0486148137082,-6.35027111850094 -45.0454899277393,-6.34784304894069 -45.045402743767,-6.34656817993738 -45.0437068290496,-6.34498958818511 -45.0425303482685,-6.34424283423206 -45.040445054178,-6.34420763063837 -45.0380781500715,-6.34470688721341 -45.0355094731814,-6.34583946929776 -45.0340350036384,-6.34672971147282 -45.0323062678005,-6.34751665809966 -45.0307437096596,-6.3482171981932 -45.0292970369055,-6.34845320617544 -45.0278141061442,-6.3487065807167 -45.0257271445999,-6.34821466736231 -45.0239957307826,-6.34817675655419 -45.0229127367196,-6.34888457801674 -45.0218788523205,-6.34996156935694 -45.020155591817,-6.35047075778494 -45.0170881197945,-6.34950537030066 -45.015357768619,-6.34883953584997 -45.0124634894792,-6.34888122598064 -45.0105337064033,-6.34929684994134 -45.0085318554781,-6.34962282034455 -45.0072518972782,-6.34969077659808 -45.0050725500255,-6.34983409388611 -45.0035988296917,-6.35062546527499 -45.0023163394898,-6.35132971700293 -45.0011209194598,-6.35230516954474 -44.9967428585636,-6.35103100737916 -44.9936372727075,-6.34986139907684 -44.9926331891367,-6.34913615421099 -44.9915438488262,-6.34813174113708 -44.9897344116659,-6.34785950912601 -44.9883730807312,-6.34786409390407 -44.9865590899883,-6.34895384229112 -44.9852766704374,-6.34968582358905 -44.9841002287225,-6.35005152549221 -44.9827434039811,-6.3503246764064 -44.9811743050812,-6.34978736965337 -44.9798130294936,-6.34824015174579 -44.9790059130716,-6.34715123200488 -44.9780027153958,-6.34533281936929 -44.9765528562748,-6.3436949462816 -44.974709051466,-6.34223752115249 -44.9736160437467,-6.34142168278578 -44.9721722938026,-6.34097599281366 -44.9703548192735,-6.34115211154023 -44.9691592773544,-6.34052215677266 -44.9677118780133,-6.3392517145488 -44.9661773619888,-6.33879605145225 -44.9648149638282,-6.33888949825683 -44.9634410696805,-6.3391625976696 -44.9622448687586,-6.33907078377804 -44.961519449169,-6.33798274721431 -44.9603513637829,-6.33679761052671 -44.9587070421695,-6.33589177936105 -44.9566982983355,-6.33562493442961 -44.9555282760498,-6.33507663735925 -44.9545234583048,-6.3333470122946 -44.9533209584585,-6.33208098393178 -44.951315552353,-6.33208378500919 -44.9499787859732,-6.33281404603264 -44.9488913542954,-6.33381842722514 -44.9475262710529,-6.33463760291277 -44.9468824438969,-6.33354240772673 -44.9469659274664,-6.33235999094515 -44.9470548637194,-6.33090076172432 -44.9468502250409,-6.32853968929062 -44.9466018380908,-6.3260778376876 -44.9464071264075,-6.32481099117693 -44.9459601818633,-6.32335107297758 -44.9449562741117,-6.3220797084685 -44.9438669915814,-6.32108406027142 -44.941666207478,-6.31981074962563 -44.9403014284354,-6.31898947330994 -44.9389311857977,-6.31853637219798 -44.9377631040981,-6.31736032122965 -44.9369499080058,-6.31608353632757 -44.9358408421662,-6.31517688335041 -44.9343037584686,-6.31436262612458 -44.9327465062918,-6.31363737616943 -44.9318258768033,-6.31545083406623 -44.9314795374041,-6.3159143146931 -44.9297477663695,-6.31602996537086 -44.9294014561477,-6.31626168155148 -44.9299783988625,-6.3181158637143 -44.9302092970869,-6.31823177624431 -44.9300936068735,-6.31997007376844 -44.9291699759618,-6.32043347482524 -44.9270917616192,-6.32159200259136 -44.9263989751324,-6.32251904734204 -44.9257061453907,-6.32309835621068 -44.9254750967124,-6.32402537494377 -44.9272066195499,-6.32587981430408 -44.9289378267896,-6.32947246977613 -44.9298611770195,-6.33121081710855 -44.9309000859895,-6.33225388945602 -44.9307845179329,-6.33306513465685 -44.9299763557686,-6.33329678916623 -44.9287062881309,-6.33399190492609 -44.9278981236303,-6.33422355616537 -44.9275515968667,-6.33526644078616 -44.9265122460958,-6.33735225068583 -44.9243185024715,-6.33909015640459 -44.9231642178016,-6.33746764704706 -44.9223562707312,-6.33619274081375 -44.9200473413029,-6.33549710175346 -44.9193544515747,-6.33688766182705 -44.9179686071136,-6.3394368351352 -44.9175064661401,-6.34129095434716 -44.9163516908844,-6.34337663392186 -44.9165821153755,-6.34592615136125 -44.919006332131,-6.34801249081171 -44.9208535671383,-6.34801277637792 -44.9210844059265,-6.34859221836468 -44.9200450735042,-6.35021439778349 -44.9192366812663,-6.35172082014667 -44.919467177211,-6.35392260129288 -44.9199288572671,-6.35508157661814 -44.9201596623317,-6.35589278151412 -44.9200439465406,-6.35751510201644 -44.9200437138199,-6.35902164941308 -44.9187735879309,-6.35960085793371 -44.9177345021548,-6.35948481235042 -44.9162337370244,-6.3587892836377 -44.9143865404896,-6.35832536548387 -44.9134628143204,-6.35832521172868 -44.9128855173691,-6.35867284911186 -44.9111676126086,-6.36196418196715 -44.9111670552656,-6.36520894749278 -44.9100119481909,-6.36822175021442 -44.9075873922013,-6.36822132196114 -44.9067793532374,-6.36740991768434 -44.9057403604786,-6.36671444174061 -44.9049320871642,-6.3667142935867 -44.9037776781571,-6.36625055491751 -44.9028539849771,-6.3664821444393 -44.9021610919145,-6.36694553849413 -44.9005445249099,-6.36798816053603 -44.899620714689,-6.3687992406078 -44.8989278156558,-6.36926263018927 -44.8996204220191,-6.37030569603574 -44.9000820483015,-6.37111695391561 -44.9023909106618,-6.37285570405911 -44.9034299760538,-6.37320354314796 -44.9044689571136,-6.37401490489939 -44.9056233473264,-6.37517392927128 -44.906200435973,-6.37610117449359 -44.9064311653166,-6.37726002822958 -44.9061999093724,-6.37899820383415 -44.9058532714385,-6.38073644859072 -44.9045829263096,-6.38212678880205 -44.9025045404834,-6.38258992427761 -44.9018118481028,-6.38235803044347 -44.9012344703959,-6.38247380122218 -44.8998489977481,-6.38247353375801 -44.8991563296569,-6.38166223070808 -44.8985790653957,-6.38166211740621 -44.8993869775682,-6.38316882098367 -44.8991557403232,-6.38467523039496 -44.8976547442217,-6.38490669653603 -44.8963847163036,-6.38455879924602 -44.8960382314579,-6.38490637275404 -44.895922549195,-6.38594927935058 -44.8954601407323,-6.38896218463946 -44.8934965451387,-6.39255418581555 -44.8917641139171,-6.39498741680488 -44.8905179228584,-6.39641020111009 -44.8905177995577,-6.396989606265 -44.8928266047276,-6.39896016093846 -44.8940967131912,-6.39907630529232 -44.8947891872035,-6.4004670199937 -44.8938647587053,-6.40394335103751 -44.892594244226,-6.4061449164474 -44.8909774682464,-6.40707162356174 -44.8902844019415,-6.40846213816393 -44.8892449751642,-6.40950484365507 -44.8887828657451,-6.41043179144988 -44.8883207441883,-6.41182235306838 -44.8867038403339,-6.41321256984249 -44.8852027038783,-6.41367575973027 -44.8841633870358,-6.41413904971683 -44.882893217609,-6.41413876116615 -44.880814791557,-6.41413828221236 -44.8801219047436,-6.41460164433192 -44.8806989360924,-6.41576067854002 -44.8796595839012,-6.41633984010491 -44.8774651517432,-6.41888879018658 -44.8771183529893,-6.42039515855017 -44.8755015950005,-6.42132181505898 -44.8738847122792,-6.4223643471411 -44.8716904543673,-6.42363858170888 -44.8708819785525,-6.42444954426628 -44.8699575192707,-6.42723054037847 -44.8664922403487,-6.43186496987486 -44.8649910636747,-6.43186457569762 -44.8641825949712,-6.43255964617026 -44.8630274596703,-6.43406587825695 -44.861917043467,-6.43504445967085 -44.8593761251322,-6.43678206815155 -44.8579903793072,-6.43724520771729 -44.8568356371485,-6.43724488543207 -44.8540640458018,-6.43817114675855 -44.8521002702257,-6.44072004719556 -44.8500215007577,-6.44153060542558 -44.8496749458926,-6.44187814545311 -44.8493281512713,-6.44303684966281 -44.8482886056025,-6.44396358681994 -44.8475956492996,-6.44442699333 -44.8467870677521,-6.44535379617237 -44.8454011272462,-6.44604866178952 -44.8448235804007,-6.44674377007168 -44.8444768418798,-6.44767079971945 -44.8434373491084,-6.4483657652418 -44.841127690082,-6.44906033443966 -44.8404343763759,-6.45033480417655 -44.8399720133107,-6.45195707749164 -44.8390472241837,-6.45508565132716 -44.8382576985642,-6.45656226736658 -44.8375643836427,-6.45806858388043 -44.8369867218824,-6.45876368233091 -44.8359468977308,-6.46038567530399 -44.8349074049427,-6.46096483214162 -44.8343297512883,-6.4618916882775 -44.8342138852834,-6.46305045525609 -44.8339823782442,-6.46467279672439 -44.8335203597185,-6.46513616757063 -44.8332890012432,-6.4662948963111 -44.8323649831928,-6.4668739948177 -44.831902832459,-6.46745324445782 -44.83074718839,-6.47023408172727 -44.8302849166756,-6.47116097088194 -44.8298227983542,-6.47162442844146 -44.8287834051254,-6.47208760092253 -44.8282056760645,-6.47289856867585 -44.8272816796476,-6.47336177696082 -44.8262421505937,-6.4739408243845 -44.8262420317474,-6.47428846545638 -44.8230084612715,-6.47451910987246 -44.8211603294695,-6.47579323674633 -44.8201204194723,-6.47741519401914 -44.8185033790962,-6.47834166105236 -44.8181567775875,-6.47868917793143 -44.8168859499516,-6.48007937507368 -44.8165395203244,-6.48019513025801 -44.8564904171275,-6.53901226826067 -44.8537185343365,-6.5390114698995 -44.8509465832402,-6.53924241666892 -44.8495603883947,-6.5399372852493 -44.8472500854393,-6.54109539083169 -44.8447088482297,-6.54225350469645 -44.8433224201353,-6.54364363645311 -44.8430905552954,-6.54665653830352 -44.8419346897444,-6.54943738945327 -44.8403166261714,-6.55268161092011 -44.8377739661196,-6.55801136925038 -44.8375418187019,-6.56148778592326 -44.8349988535467,-6.56751289685317 -44.8347656863588,-6.57400227969527 -44.8308366008751,-6.57979505379354 -44.8292172543577,-6.58628395802945 -44.8289838384012,-6.59323685049808 -44.8259796517112,-6.59601701793405 -44.8215887916422,-6.60041898856697 -44.8171987839938,-6.60203971422905 -44.8139638691457,-6.60366092343801 -44.8095744317486,-6.60389102446589 -44.8054154905686,-6.6052799731683 -44.8037979161035,-6.60620637562983 -44.8004135704079,-6.60671631229025 -44.7985641849773,-6.60972852709401 -44.7960222038816,-6.61158156469102 -44.7923263260478,-6.61018948185973 -44.7909405295406,-6.60949362466039 -44.7890918629161,-6.61065163984231 -44.7879360365761,-6.61227355195505 -44.7879343567766,-6.61621354372219 -44.7907055842471,-6.61876406621546 -44.7916289119424,-6.62061861611974 -44.7909354631023,-6.62154536058142 -44.7879320824921,-6.62154408789969 -44.7877005371742,-6.62270278335822 -44.7881621526589,-6.62363010630925 -44.7888547147977,-6.62502095433712 -44.7881605706471,-6.62733833755719 -44.786311530817,-6.62919161547561 -44.784232027369,-6.62965423334348 -44.7830771525498,-6.62895845373797 -44.7809978402547,-6.62918929937876 -44.7809974311276,-6.63011633398178 -44.7809969195965,-6.63127521764694 -44.7800722904218,-6.63220184333675 -44.7800715710553,-6.63382415357175 -44.780532246229,-6.63706906896828 -44.7784526012746,-6.63776351020307 -44.7770661380812,-6.63822640574087 -44.7754488099735,-6.63845743424092 -44.7740621309464,-6.63938383810959 -44.7740609682282,-6.64193327139277 -44.7729048956637,-6.64401856882642 -44.7712868141675,-6.64564022352327 -44.7694379666856,-6.646798157872 -44.7708234946548,-6.64842110980833 -44.7708232799269,-6.64888471689115 -44.7701298767773,-6.6493479120014 -44.7694363467881,-6.65027462268054 -44.7685117505225,-6.65120122420194 -44.767587586426,-6.65120079091977 -44.7666635317229,-6.65096859769094 -44.7666633130555,-6.65143211412952 -44.7666628756314,-6.65235923744056 -44.7659696831681,-6.65235890996171 -44.7629654543955,-6.65374802863268 -44.7611170055067,-6.65397889738379 -44.7581129809592,-6.65490446957274 -44.7571883552151,-6.65583113915495 -44.7560330032253,-6.65606232843234 -44.7546459845316,-6.65768394815344 -44.7515842602647,-6.65831970796687 -44.7508909433636,-6.65855111692772 -44.7498510572814,-6.65889831900135 -44.7490424135274,-6.6588979090073 -44.748349244248,-6.65901343545282 -44.7476553330422,-6.66040362882856 -44.7475398304882,-6.66051944875337 -44.7464998786879,-6.66098243193275 -44.7443045553206,-6.66167657395149 -44.7429184783873,-6.66121233898384 -44.7408383186866,-6.66260188892992 -44.7414155044205,-6.66352922237629 -44.7406064587044,-6.6641081923506 -44.7385270170263,-6.6641070956272 -44.737833900036,-6.66410672812282 -44.7362164112853,-6.66445350315185 -44.7352919139529,-6.66503240240735 -44.7337900525488,-6.66503159491114 -44.7336739549648,-6.66607453180967 -44.7333271273534,-6.66665373845551 -44.7326339166051,-6.6666533634608 -44.7314786559205,-6.66665273635549 -44.7310166059621,-6.66665248478589 -44.7305544022727,-6.66676811144899 -44.7298610282333,-6.66723124742962 -44.7292833789906,-6.66734680966722 -44.7287057027455,-6.66734649247398 -44.727319012506,-6.66815687930135 -44.7258166273323,-6.66908307644343 -44.7252706100296,-6.67055391641646 -44.7252700289523,-6.67159691466315 -44.7257315291874,-6.67275595827541 -44.7258467434614,-6.67333541571317 -44.7267701751789,-6.67472647238492 -44.7267696611598,-6.67565359195105 -44.7253829181488,-6.67634809331285 -44.7244578027488,-6.67796987802506 -44.7235328762051,-6.67924411534285 -44.722492863691,-6.67970704511349 -44.7224920800514,-6.68109758797773 -44.7219139548899,-6.68202429070653 -44.7205269898639,-6.68306650328388 -44.7202953853517,-6.68399340036587 -44.7205255421513,-6.68561583103347 -44.7204154239519,-6.68722088105212 -44.7204146993717,-6.68849563519245 -44.7181040780478,-6.68849431679694 -44.717987674071,-6.69000067090131 -44.7186803864151,-6.69092809573857 -44.7189108472521,-6.69185525568112 -44.7182173601646,-6.69243434183695 -44.7181012874416,-6.69336130337244 -44.717407597388,-6.69428793313376 -44.7171763143896,-6.69463543560462 -44.716714038308,-6.69498280488072 -44.7163664768218,-6.69660499359819 -44.7150573618648,-6.69702197769824 -44.7161475613886,-6.69793724343854 -44.7163112076185,-6.69940088022689 -44.7154836895973,-6.70094481440008 -44.7152600770333,-6.7027231157926 -44.7190873615611,-6.7032612922303 -44.7204531889884,-6.70353697790497 -44.7222898746613,-6.703820977312 -44.7238235704801,-6.70437735378011 -44.7252974372979,-6.70465480570247 -44.7259182381596,-6.70592909282665 -44.727307580878,-6.70494177835256 -44.7285657779475,-6.70466937867347 -44.7299331325282,-6.70531248548341 -44.7316547898106,-6.70550511340263 -44.732855478156,-6.70532964380891 -44.7341408179974,-6.70505724453264 -44.7352264886413,-6.70625008749264 -44.7359502902733,-6.70734747974724 -44.7368392745095,-6.70835079131182 -44.7371225586994,-6.70972637978371 -44.7385773114447,-6.71009279458659 -44.7400493143364,-6.71001189202019 -44.7413285143058,-6.70956081347666 -44.7427800784279,-6.70911235477733 -44.7433380653231,-6.70792943627602 -44.7445872812269,-6.70857153684618 -44.7459594112624,-6.7094924943565 -44.7470463123983,-6.71013007228314 -44.7482413411702,-6.71077032673567 -44.7486884266911,-6.70968522213037 -44.7498907921958,-6.70995812002847 -44.7507798067716,-6.71096864425236 -44.7524244548808,-6.71088127918231 -44.7537047357727,-6.70988388303884 -44.7547064157507,-6.70871012876643 -44.7562722919815,-6.70798497072424 -44.7572767711903,-6.70863062679871 -44.7590034361846,-6.70954882929181 -44.7600032539388,-6.70845593372475 -44.7613755459118,-6.70892029934163 -44.7623721759998,-6.71047071896615 -44.763549036054,-6.71111915988002 -44.7650236738893,-6.71139640389371 -44.7667561486679,-6.71194722585473 -44.7679294400082,-6.71231812452136 -44.7688474978159,-6.71323048233495 -44.7707124392547,-6.71399890866122 -44.7723062362075,-6.71178836390486 -44.7712930231452,-6.71060458888019 -44.7726864248245,-6.70987748820947 -44.7740558879524,-6.71043092039371 -44.775333630272,-6.71053481239277 -44.7762254710334,-6.70943911937462 -44.7773430808327,-6.70889533159881 -44.7791542867181,-6.7096355684671 -44.780799605333,-6.71046292790962 -44.7822533622953,-6.71091904048984 -44.7834247203451,-6.71138877408619 -44.7848164198947,-6.71120792440767 -44.7864317406449,-6.71176568200353 -44.7876297281264,-6.71176882564527 -44.7889930643465,-6.71168601025647 -44.7893558944776,-6.71022343096113 -44.7906384787061,-6.70959248004557 -44.7927294900599,-6.7098810303864 -44.7940952941255,-6.71015642267039 -44.795131091967,-6.70961065980384 -44.7949311021101,-6.70815417250447 -44.7964152076758,-6.70788549155996 -44.7978593395222,-6.70734694778522 -44.7985858563455,-6.70835460780402 -44.7996684067968,-6.70918158302048 -44.8009585402367,-6.70863943931181 -44.802409745693,-6.70872894804266 -44.8044107313409,-6.70947296852555 -44.8058637821778,-6.70948078255611 -44.806782938078,-6.71030405935945 -44.8079811023326,-6.7098508733934 -44.8090620062227,-6.71030965582337 -44.8100723078042,-6.7096731196919 -44.8114381240853,-6.71041469449494 -44.8127222366158,-6.71068837555194 -44.8135285094803,-6.70978037439471 -44.8145318709173,-6.70905490409393 -44.816254432558,-6.70915722934737 -44.8177348313648,-6.70861873062754 -44.8190149791155,-6.70762016447171 -44.8205746757684,-6.70671613732976 -44.8216622367535,-6.70580352093019 -44.822753098471,-6.70626218653501 -44.8236736461262,-6.70554408468989 -44.8248690235805,-6.70572697055794 -44.8265961990183,-6.70555127723467 -44.8278788161556,-6.70492031763837 -44.8291302546858,-6.70547147563565 -44.830141010669,-6.70629573659872 -44.8308585137639,-6.70529603900717 -44.8315302306413,-6.70429541994181 -44.8324155082768,-6.70347814488909 -44.8342598128186,-6.70340341773114 -44.8349046473178,-6.70240278466407 -44.835903351039,-6.70139865061237 -44.8369069921026,-6.70213388274581 -44.8367120623987,-6.70332264445718 -44.8361608487261,-6.70468352321598 -44.8377173094566,-6.70496256686516 -44.8393609345082,-6.70543042436338 -44.840812658319,-6.70643355705381 -44.8421794220704,-6.7071661825399 -44.8429070552401,-6.7080848574068 -44.8440822385151,-6.70836565859792 -44.845471182917,-6.70736895628448 -44.8471127592644,-6.70546202843547 -44.8484771458658,-6.70483275858064 -44.8481135022771,-6.70336538283933 -44.8491993471344,-6.70255085261095 -44.8503932708046,-6.70128170009173 -44.8518809122395,-6.70083392093227 -44.8533220797128,-6.70147770613825 -44.8546107986794,-6.70148261236534 -44.8558614194471,-6.70212352950034 -44.8565089817494,-6.70339866480527 -44.8583188369512,-6.70323401015241 -44.8593465655273,-6.70214082297146 -44.8606051566895,-6.70278191137502 -44.8609633713065,-6.7040613913467 -44.8613266946318,-6.70551971224697 -44.862330564435,-6.70625407923157 -44.8637843619567,-6.70616366288314 -44.8664291002734,-6.70700024203009 -44.8665401151857,-6.70536149532609 -44.8679942147223,-6.70581816982949 -44.8682711582149,-6.70454981123466 -44.8693535181302,-6.70345842663684 -44.8705602005184,-6.70200070838961 -44.8719170336306,-6.70173782489742 -44.8736489351311,-6.70137444248384 -44.8749241513614,-6.70111080592704 -44.8762138411772,-6.70157293224756 -44.8775724586289,-6.70175844496209 -44.8787452057004,-6.70167162270951 -44.8801426843822,-6.7016791121394 -44.8815894083812,-6.70196432247764 -44.8829554856107,-6.70123599252285 -44.8831266698769,-6.70278046143498 -44.8841310023006,-6.70397305622924 -44.8854951053111,-6.70434634397905 -44.8875008994682,-6.70435585378163 -44.8883121518268,-6.70517633278748 -44.8893164891335,-6.7068261938109 -44.8901195931574,-6.70810421605564 -44.8912138152818,-6.70883212229856 -44.892775802318,-6.70929878888763 -44.8940592803909,-6.70812027990974 -44.8936974989681,-6.70702056650733 -44.8947760587696,-6.70611710072515 -44.8958948803212,-6.70648650777822 -44.8970604164867,-6.70630981332062 -44.8978994314638,-6.70512405409773 -44.8991817753076,-6.70494918802244 -44.9006341188109,-6.7039530638729 -44.9014444685752,-6.70532062528619 -44.9030807577384,-6.70569934660839 -44.9042895995484,-6.70660880044057 -44.9053697852553,-6.70561557474224 -44.906657686624,-6.70571008102601 -44.9082941758038,-6.70553263499969 -44.9092751758146,-6.70653620325144 -44.9088283528456,-6.70763059986246 -44.9086312084628,-6.70899886592711 -44.9098281006755,-6.70954908611234 -44.9120916465003,-6.71037883719671 -44.9127335927058,-6.70901797631434 -44.9141241378413,-6.70793106948699 -44.9156618255684,-6.70775249614056 -44.9160997969738,-6.70912277389366 -44.9173043624491,-6.70875824237093 -44.9183945849368,-6.70822199513434 -44.9193899683336,-6.70940547138512 -44.9206778087922,-6.70995748939593 -44.9217588219334,-6.71042480021853 -44.9212929352056,-6.71205717286421 -44.9221811265778,-6.71313994387089 -44.9245002521047,-6.71289434485346 -44.9253064158007,-6.71198507055775 -44.9263074740634,-6.71289914284234 -44.9281453200584,-6.71262722047167 -44.9289549211748,-6.71354750106067 -44.9301230348711,-6.71373817843734 -44.9310498287381,-6.7126520618309 -44.932327683341,-6.71228931294168 -44.9331626161773,-6.71329019033691 -44.9342517188669,-6.71430503135465 -44.9356193536169,-6.71449020430724 -44.9371531932124,-6.71549496556447 -44.9387126689463,-6.7155939457672 -44.9389655583296,-6.7171493525599 -44.9396897714786,-6.71879373990811 -44.9399773672455,-6.71997337805404 -44.9417850501665,-6.720892763751 -44.9418675795336,-6.72235533623272 -44.9422340750205,-6.72362580447734 -44.9427639238522,-6.7254552458595 -44.9426748422065,-6.72737254186095 -44.9434044910915,-6.7291964876152 -44.9446586181638,-6.73011498417611 -44.94593663911,-6.73020947723198 -44.9465809741156,-6.73121600941959 -44.9479506125176,-6.73176950282801 -44.9488710300571,-6.73104184676759 -44.9501244950099,-6.73150296196835 -44.9512356094424,-6.73032166235757 -44.9521252804053,-6.7293245157147 -44.9535184293051,-6.73005774053428 -44.9549713684118,-6.73106949421935 -44.9560097234597,-6.73185008035211 -44.9557845556604,-6.73325373271397 -44.9565313595831,-6.73513139383865 -44.9578146626592,-6.73606243329069 -44.9592687158376,-6.73597191543931 -44.960746461091,-6.73607000489864 -44.961996394297,-6.73571540884912 -44.9624763468122,-6.73680865874423 -44.962552620759,-6.73808279795201 -44.9638143445786,-6.73863451995783 -44.964364244153,-6.73982800309 -44.9655378522802,-6.74018902389897 -44.966741244421,-6.74038043086721 -44.9680194173044,-6.74001777045886 -44.9688291767014,-6.73892967586328 -44.9701996195721,-6.73893627454448 -44.9714768812698,-6.73857342406112 -44.972590529946,-6.73675496421025 -44.9728693986759,-6.73538839577873 -44.9741474015106,-6.73448738980115 -44.9751550291926,-6.7334831515294 -44.976432182061,-6.7331292435094 -44.9777209198972,-6.73267736412994 -44.9788818879273,-6.73222285248492 -44.9805356305322,-6.73213580781957 -44.982091559286,-6.73196525909434 -44.9834565445896,-6.73224121121534 -44.9839893833778,-6.73342445013251 -44.9856294440085,-6.73407228753729 -44.9868076612957,-6.7347213736266 -44.9885631103908,-6.73499460805338 -44.9896468131276,-6.73381213476874 -44.990369288187,-6.732542719649 -44.9914048309536,-6.73199653942444 -44.9927719189201,-6.73118621780353 -44.9941324830059,-6.73073529120544 -44.9952189642953,-6.72992125037226 -44.9971387276672,-6.72965006524494 -44.9989313542778,-6.72994108339082 -45.0003527165703,-6.73013702154582 -45.0023314789562,-6.73066530454189 -45.0041086334291,-6.73027522782497 -45.0057552270537,-6.73107533297586 -45.0076256703534,-6.73057895147191 -45.0093603887652,-6.73053821418831 -45.0085498382044,-6.73217320926301 -45.0084336863903,-6.73410788648642 -45.008908507014,-6.73596340032871 -45.0108608778122,-6.7364017315639 -45.0125327526987,-6.73733641803738 -45.014154781559,-6.73849517038883 -45.015629878561,-6.73724822041611 -45.0174732795402,-6.73675171173332 -45.0194449339362,-6.73716277938482 -45.0214851894562,-6.73775520898008 -45.0230729428175,-6.73884943494582 -45.0237128705463,-6.7406189887832 -45.025556351973,-6.74157442791493 -45.0275652199323,-6.74192349536594 -45.0294313838492,-6.74217197131416 -45.0316053041492,-6.7424522623118 -45.0331057917262,-6.74381512797748 -45.0346943969702,-6.74479406924137 -45.0370116753268,-6.74518504921995 -45.0387181152642,-6.74622837602394 -45.0386022552209,-6.74809132390271 -45.0386893534878,-6.74982363094825 -45.0404494403534,-6.74937064409547 -45.042142352453,-6.74964179103823 -45.0433778535829,-6.75109899729651 -45.043822703191,-6.75309695285699 -45.0453495972245,-6.75453151247519 -45.0469998994589,-6.75564555470502 -45.0488420496574,-6.75674509841093 -45.050765373772,-6.75779297380831 -45.0525764296728,-6.75906220975795 -45.054470144763,-6.75979527200461 -45.0564797350498,-6.76008985283392 -45.0586201582115,-6.76020936914368 -45.0605771398363,-6.76093507259669 -45.0615268933785,-6.76266446167578 -45.0612484954279,-6.76447930879361 -45.0605507681063,-6.7664402107148 -45.0592419772946,-6.76803120429382 -45.059833171786,-6.76950282821307 -45.0601355588262,-6.77134645923049 -45.0602774844029,-6.77305251995605 -45.0618132886174,-6.77394064558294 -45.0630119037899,-6.77544113472497 -45.0643481605859,-6.77687384790571 -45.0658560918235,-6.77828220023243 -45.0677254426069,-6.77883438300696 -45.0684436187522,-6.78078405932692 -45.0693101052316,-6.78260164148367 -45.0703368122285,-6.78403691439088 -45.0722957915981,-6.78465464971499 -45.0741587133416,-6.78556638697886 -45.0754475103621,-6.78461156315943 -45.0768889773892,-6.78370492698512 -45.0785400215342,-6.78275636967143 -45.0802674054632,-6.78215886968721 -45.0818806010317,-6.78329921115305 -45.0818827335525,-6.78520927489924 -45.0833335835421,-6.78630250892025 -45.0851129398601,-6.78685391575994 -45.0870645978338,-6.78685266475765 -45.0889685093441,-6.78803363678095 -45.0908875581248,-6.78881205123359 -45.0921750988041,-6.78994680998451 -45.0915081867376,-6.79167463205722 -45.0913412600146,-6.79285616167167 -45.0918436069,-6.79472171373201 -45.0927853765718,-6.79636121205252 -45.0919016132194,-6.79804086063025 -45.0931234955962,-6.79926391746627 -45.0942649916284,-6.79940969896035 -45.0960504062536,-6.80008725502738 -45.0975894252502,-6.80136080435285 -45.0990365964239,-6.80264169466503 -45.1009070766444,-6.803643242547 -45.102270938861,-6.8050483416935 -45.1026889320624,-6.80704633195045 -45.1043387354707,-6.80818848753715 -45.1060362918118,-6.80873874770337 -45.1077927496135,-6.80798907994569 -45.1097135632899,-6.80769103488504 -45.1107197554638,-6.80928778448563 -45.1123358954221,-6.81032996180827 -45.1142597267145,-6.81090212189606 -45.1151497372625,-6.81288180576836 -45.1165227192136,-6.81429608785088 -45.1183349174657,-6.81497445804773 -45.1199217496455,-6.81411397455662 -45.1215942117961,-6.81297738094577 -45.122704254426,-6.81134746631225 -45.1244344422852,-6.81057024531932 -45.1263816506979,-6.81084736135902 -45.1283125038015,-6.81053114785036 -45.1301733938343,-6.80953242614756 -45.1319025818899,-6.80880891210937 -45.1338006453762,-6.80876117055033 -45.1356154749658,-6.80881132241276 -45.1376743647087,-6.80942224877658 -45.1394535699202,-6.80895089561433 -45.140930155349,-6.80761301946475 -45.1426339505851,-6.80679132597134 -45.1444507711367,-6.8077733608782 -45.1464297502524,-6.80777276567164 -45.1482951717006,-6.80754541457614 -45.150215541512,-6.80882609382372 -45.1518037977541,-6.8098681463071 -45.153703003184,-6.81027868567588 -45.1557891916145,-6.81042230109493 -45.1578554915487,-6.81062932623611 -45.1596083869749,-6.81056162950747 -45.1609232603059,-6.80914839391112 -45.1621475226456,-6.80769891088416 -45.1615303480317,-6.80565201414793 -45.161672458688,-6.80383354540346 -45.1617324850267,-6.8020141993464 -45.1620612775857,-6.79987634498974 -45.1636506343442,-6.79883678987466 -45.1651788483116,-6.7976530577095 -45.1647633409833,-6.79597725174887 -45.1639204389489,-6.79437504334888 -45.1650920357223,-6.79333671044394 -45.1667718556463,-6.79437958829237 -45.1681892921502,-6.79583984197142 -45.1692255544359,-6.79729316869111 -45.1713110500418,-6.79793035729949 -45.1732656828827,-6.79829620454848 -45.1752172993376,-6.79832191652041 -45.1764139149714,-6.79843220469029 -45.1785362467112,-6.79855029081802 -45.1804881286008,-6.79855770856413 -45.1827704379745,-6.79884804205375 -45.1840805578943,-6.79971414904296 -45.1852530711165,-6.80115182891081 -45.1869753462843,-6.80180998403364 -45.1881237775011,-6.80156095600686 -45.1898199206798,-6.80064918468914 -45.1912130234722,-6.79939920845873 -45.1930820457088,-6.79949462523414 -45.1937547125175,-6.80149803621782 -45.1943399583318,-6.80326619573135 -45.1960616560442,-6.80245335525901 -45.1979871944003,-6.80240634649005 -45.199863479203,-6.80208896684246 -45.2017315793011,-6.80168266167719 -45.2036190018126,-6.8022533945692 -45.2052146975598,-6.80185080894447 -45.2072127295899,-6.80182263885611 -45.2091663182428,-6.80177656875587 -45.2109000670089,-6.80127756553305 -45.2127098431638,-6.80059986532969 -45.2145522321861,-6.79960092246917 -45.215579229314,-6.79801245031283 -45.2173063812425,-6.79737927624331 -45.2181957744456,-6.79892853725273 -45.2194513369185,-6.79929098355503 -45.2197311040402,-6.79737637298996 -45.2185328200276,-6.7957852810281 -45.2193113027177,-6.79442658996869 -45.2211202915527,-6.79428799799892 -45.2227357082697,-6.79533794444931 -45.2244991221219,-6.79624814731962 -45.225670169376,-6.79625022646387 -45.2275902175141,-6.7965260434187 -45.229262628762,-6.79538935606208 -45.2314142271727,-6.79540832453986 -45.2324396897879,-6.79697847970892 -45.2338682335711,-6.79834879406479 -45.2353991667527,-6.7969851012086 -45.2362306698862,-6.79514194890755 -45.2381270958667,-6.79522894692625 -45.2401340580335,-6.79520977392421 -45.2419167083834,-6.79453197991823 -45.2438109155115,-6.79417073097196 -45.2453758588991,-6.79553470036116 -45.2473257943441,-6.79566722662551 -45.2487212753545,-6.79426448384406 -45.2490783155462,-6.79308561606099 -45.2496375332323,-6.79122078166689 -45.2505817948311,-6.78967579273184 -45.2518053905569,-6.78826146122927 -45.2525936649784,-6.78731557093528 -45.2541793481015,-6.78853594254161 -45.2557713592069,-6.78989986409118 -45.2578367342977,-6.79017828909232 -45.2595872616938,-6.79077357161171 -45.2614029890728,-6.79127165929525 -45.2632412207278,-6.79104306915786 -45.2644928822865,-6.78954854488305 -45.2665598438721,-6.78925260645821 -45.2685060380136,-6.78904374791585 -45.2704031201641,-6.78905002086005 -45.2719915868505,-6.79014513522829 -45.273495495837,-6.79132848941295 -45.2751753237387,-6.7923265689583 -45.2772324658653,-6.79257687281672 -45.2787412913545,-6.79141894536059 -45.280219654159,-6.79205411060102 -45.2808280772769,-6.79410274641779 -45.2818622107003,-6.79569096845203 -45.2832874850405,-6.7962001449997 -45.2853516077102,-6.79551741523727 -45.2872171979329,-6.7957921221754 -45.2891624640922,-6.79567291589401 -45.2910903158421,-6.79549120516122 -45.2932053181263,-6.79501637704618 -45.2951884047375,-6.79474569560999 -45.2971358966883,-6.79502130938518 -45.2981089762451,-6.79334098003505 -45.2998967999041,-6.79284280520244 -45.3018992390658,-6.79257208484219 -45.3034870285883,-6.79159468001059 -45.3036313055365,-6.78961372107807 -45.3051846253716,-6.78852841528952 -45.3072276805101,-6.78797993951676 -45.3091500379552,-6.78761851071799 -45.3111278091104,-6.78716820830443 -45.3112616587972,-6.78520525618294 -45.3115180328951,-6.78407924093604 -45.3134910320276,-6.78341264558318 -45.3146389700614,-6.78314513958995 -45.3165005640965,-6.78262143900299 -45.3183693498669,-6.78216927963229 -45.3201853427227,-6.78167065223525 -45.3211952294209,-6.78038845564568 -45.3226739252476,-6.77891562058906 -45.3245158087331,-6.77791536672489 -45.3252083036078,-6.77621156527611 -45.3257099608049,-6.77453376211546 -45.3269099786133,-6.77599024651954 -45.3283020156591,-6.77742298804754 -45.3300643094148,-6.77837794210642 -45.3320400068605,-6.77908542948453 -45.3339311447085,-6.77946695367715 -45.3358869172789,-6.77922263274552 -45.3375295087664,-6.77978939297888 -45.3391534636497,-6.78087620702318 -45.3412424873248,-6.78133391084328 -45.3431943922322,-6.78188695531268 -45.3451138062422,-6.78115785530619 -45.3467042452212,-6.78001775849519 -45.3469808536285,-6.77820097242274 -45.3484054374036,-6.77874632201473 -45.3486817865945,-6.78060812194249 -45.3500757450133,-6.78033583366972 -45.3513602631484,-6.77902099600993 -45.353564329661,-6.77913925364239 -45.3540907049339,-6.77761256416687 -45.3534428446486,-6.77572652423609 -45.3542804578937,-6.77399996613136 -45.356288842872,-6.77336076545966 -45.3571811406444,-6.77218225072146 -45.35812657877,-6.77054742285498 -45.3600762390513,-6.77018568676578 -45.3607692693092,-6.76841236835286 -45.3609385198457,-6.76650402170011 -45.3611077686418,-6.76459458940897 -45.362443943901,-6.76347842419092 -45.3644495893873,-6.76300066271096 -45.3663454706129,-6.76253003154808 -45.3673708649174,-6.76103018191323 -45.3673736673505,-6.75982807791042 -45.367877825108,-6.75796126876822 -45.368992947189,-6.75750397210038 -45.3709999188531,-6.75750244759837 -45.3730910761324,-6.75730473660594 -45.3753188906383,-6.75760244228069 -45.3771311449223,-6.75832425681624 -45.3791969088929,-6.75805498669981 -45.3807854569884,-6.75701392928041 -45.3826471468951,-6.75592371463394 -45.3846889628344,-6.7565144273807 -45.3863600776855,-6.75748498819344 -45.3882193155049,-6.75810052537581 -45.3902573654293,-6.75837741738005 -45.3921276219641,-6.7578343420801 -45.3929133629954,-6.75965209879921 -45.3949098921101,-6.75915585860671 -45.3964457883349,-6.75806033873978 -45.3980386152524,-6.75676784055174 -45.3997627650415,-6.75628546302603 -45.4014889706532,-6.75720318800188 -45.4032714603788,-6.75811289953821 -45.4050912551331,-6.75893419560282 -45.406259582846,-6.75906122044547 -45.4083465381377,-6.75915934057004 -45.4090232605543,-6.76092993991205 -45.4105202923226,-6.76206826925624 -45.4106636631376,-6.76425225556168 -45.4125888484202,-6.76424972246801 -45.4139002944165,-6.76293398389102 -45.4155444875669,-6.76333901020635 -45.4170758992678,-6.76454983576997 -45.4185801861417,-6.7657779567809 -45.4203985736117,-6.76616761899933 -45.4208168734475,-6.76821250871199 -45.4206991430999,-6.77030137200927 -45.4224907005269,-6.77009845941946 -45.4239398469925,-6.77084121320437 -45.4249370533938,-6.77248260319975 -45.4261689661686,-6.77263765464258 -45.4280073555983,-6.77289384367202 -45.4298786283467,-6.77339197087596 -45.4316902450026,-6.77416712501862 -45.4326603123008,-6.77578147417049 -45.4346142200541,-6.77516814600627 -45.4364870746049,-6.77449111047966 -45.4383191672209,-6.77507852105252 -45.4401668547627,-6.7763933700331 -45.4421145487453,-6.77612113318245 -45.4432279120541,-6.77576272091292 -45.445290281866,-6.77571732484022 -45.4467971214762,-6.77675665469698 -45.4486894788711,-6.77653717922612 -45.450361504167,-6.77750850163996 -45.4523127859844,-6.77808009786664 -45.4538732702189,-6.77917453324481 -45.4545711630977,-6.78082888856503 -45.4543847580675,-6.78267575034672 -45.4553302171063,-6.78419916111236 -45.4573623599515,-6.78478983578994 -45.4590946241399,-6.78596848657483 -45.460323155294,-6.78738026504376 -45.4622203886264,-6.78844458975972 -45.4638320756914,-6.78974699175893 -45.4655857846919,-6.7907007197647 -45.4667344085463,-6.79095370942851 -45.468823955989,-6.79088086501122 -45.4706390698911,-6.79038204412218 -45.4727577773976,-6.79070562815799 -45.4744308469544,-6.79163135964999 -45.4761829323137,-6.79265669093871 -45.477801471889,-6.79360869593349 -45.4797564412649,-6.79342621204555 -45.4816763468235,-6.79420386565563 -45.4837055192679,-6.7944713153531 -45.4857129828428,-6.79492747130714 -45.4878863761001,-6.79525192725195 -45.4897578741658,-6.79575080803507 -45.4914911877488,-6.79526836474259 -45.493299616259,-6.79461587062455 -45.4948577537371,-6.79584548917754 -45.4965345593148,-6.79709506184462 -45.4981209195389,-6.79829759310578 -45.500215485348,-6.80052293054645 -45.5010504635795,-6.80215263944792 -45.5023015035996,-6.80225473456705 -45.5035887521117,-6.80236601531477 -45.5052096297981,-6.80365903173289 -45.5069331443849,-6.80323072611699 -45.5088561935771,-6.80279587283314 -45.511308625914,-6.80328600457159 -45.5146511394097,-6.8042406667152 -45.5161382624182,-6.80380724323668 -45.5186919748584,-6.80210845382162 -45.5228268286254,-6.80134389937488 -45.529291609275,-6.80606674225663 -45.5305712272394,-6.80663620978222 -45.5325805032426,-6.80693874840576 -45.5343882245815,-6.806323461137 -45.5356687313762,-6.8052404598479 -45.5371534187822,-6.80499557680753 -45.5383162116463,-6.80491631103486 -45.5398775680492,-6.80493365730172 -45.5412483446965,-6.80495654869962 -45.5421935857486,-6.80278246302503 -45.543277131023,-6.8015253552262 -45.545091926844,-6.80264225637751 -45.549051352109,-6.8057880011534 -45.5504494109835,-6.81053363212629 -45.5523172036374,-6.80801537900769 -45.5532379993888,-6.80729493031401 -45.5557156041018,-6.80523512229874 -45.5607594035498,-6.81021341737048 -45.5603683646634,-6.81185075926747 -45.5605416534446,-6.81339753349939 -45.5681535236547,-6.81586821379933 -45.5698781843269,-6.81643614301457 -45.5710179924725,-6.81772143758416 -45.5727548647446,-6.81865776686896 -45.5817272681278,-6.81476695211429 -45.582894748779,-6.81496626542791 -45.5849007817252,-6.81553814206384 -45.5876352568364,-6.81493763662689 -45.5888320070263,-6.81449982263981 -45.5921190057548,-6.81445591413854 -45.5967148124531,-6.81114665288453 -45.5976733132064,-6.81352534558184 -45.6006766900691,-6.81465212972287 -45.6019328569062,-6.81448467136383 -45.6037671735272,-6.81341989641309 -45.6053607617286,-6.81098520284685 -45.6061151239504,-6.80880763637051 -45.6070585614914,-6.80673041789137 -45.6090918183918,-6.8045737644631 -45.6103751028054,-6.80440607158143 -45.6116280681315,-6.80387921677691 -45.6162508067276,-6.80002340673542 -45.6172814719192,-6.79812760501253 -45.6182877696447,-6.79713918635074 -45.6210168185644,-6.79680707187961 -45.6222194314563,-6.79655786286292 -45.6230481681168,-6.79374238455338 -45.623883745238,-6.79266064509024 -45.6236656480335,-6.79047517419441 -45.6261725615871,-6.78613372803703 -45.6267292588305,-6.78486817894871 -45.6277539965012,-6.78334060966396 -45.6287803193349,-6.78171435043744 -45.6298150759161,-6.77899185669795 -45.6302011764683,-6.77709406598963 -45.6316022543752,-6.77474702446286 -45.6322340856656,-6.77338322983954 -45.6346654972859,-6.76968805886806 -45.6360532152257,-6.76815737932014 -45.6374505741211,-6.76708483710814 -45.6389197169716,-6.76555585311377 -45.6401188070465,-6.76283584191747 -45.6403423025294,-6.76083667993799 -45.6410890082131,-6.75857740528809 -45.6421212678414,-6.75658242405323 -45.6423221259574,-6.7554009114809 -45.6451074514126,-6.75116259713536 -45.6469456729719,-6.7492712877289 -45.6478907735337,-6.74756243071697 -45.6496465439799,-6.74621711611971 -45.6507294042256,-6.74495907798543 -45.6526556011816,-6.74379678770863 -45.6537703996979,-6.74335704342799 -45.6572461656112,-6.74177095975495 -45.6586988566267,-6.74069015157531 -45.659982909248,-6.74043252204185 -45.6616264394956,-6.74036942201816 -45.6624666433577,-6.73955708784478 -45.6636549332258,-6.73848132873738 -45.6655006775391,-6.73668863534837 -45.6669786886312,-6.73515866531047 -45.6686484835559,-6.73354285950793 -45.6696510811862,-6.73273336831388 -45.6724949840401,-6.73095547561959 -45.674881442906,-6.7293417409197 -45.676815126992,-6.72773025083483 -45.6784790399539,-6.72648230182322 -45.6806540558675,-6.72613989708697 -45.6846736883841,-6.72619688319726 -45.692441265628,-6.72256019825375 -45.699023157309,-6.72137413115134 -45.7032086901376,-6.72188263861482 -45.705772256826,-6.72109779211248 -45.7120898191933,-6.71781495081456 -45.713181467269,-6.71709561404879 -45.7151873189322,-6.71658009020769 -45.7212830310381,-6.71074143394631 -45.7249931867391,-6.71142114697737 -45.725609379852,-6.71261702330502 -45.7277889321887,-6.71418795081359</coordinates></LinearRing></outerBoundaryIs></Polygon></MultiGeometry>
  </Placemark>
  <Placemark id="ucs.6">
	<name>PARQUE ESTADUAL MARINHO DO PARCEL DE MANUEL LUÍS</name>
	<Style><LineStyle><color>ff0000ff</color></LineStyle><PolyStyle><fill>0</fill></PolyStyle></Style>
	<ExtendedData><SchemaData schemaUrl="#ucs">
		<SimpleData name="docleg_id">44417</SimpleData>
		<SimpleData name="uc_id">17383</SimpleData>
		<SimpleData name="cd_cnuc">0000.21.1886</SimpleData>
		<SimpleData name="wdpa_pid">71009</SimpleData>
		<SimpleData name="cria_ano">09-10-1991</SimpleData>
		<SimpleData name="cria_ato">Decreto 11.902 de 11-06-1991</SimpleData>
		<SimpleData name="outro_ato">Sem informação</SimpleData>
		<SimpleData name="pl_manejo">Sim</SimpleData>
		<SimpleData name="co_gestor">Sim</SimpleData>
		<SimpleData name="quali_pol">Polígono corresponde ao memorial descritivo</SimpleData>
		<SimpleData name="ppgr">Projeto GEF Mar - Áreas Marinhas e Costeiras Protegidas, Sítio Ramsar Parque Parcel Manoel Luís</SimpleData>
		<SimpleData name="ha_total">45129.23</SimpleData>
		<SimpleData name="ha_ato">45237.9</SimpleData>
		<SimpleData name="esfera">Estadual</SimpleData>
		<SimpleData name="uf">MARANHÃO</SimpleData>
		<SimpleData name="municipio">CURURUPU (MA)</SimpleData>
		<SimpleData name="org_gestor">SECRETARIA DE ESTADO DE MEIO AMBIENTE E RECURSOS NATURAIS DO MARANHÃO - MA</SimpleData>
		<SimpleData name="grupo">Proteção Integral</SimpleData>
		<SimpleData name="categoria">Parque</SimpleData>
		<SimpleData name="cat_iucn">Category II</SimpleData>
		<SimpleData name="marinho">90258.25</SimpleData>
		<SimpleData name="situacao">Ativo</SimpleData>
		<SimpleData name="limite">uc</SimpleData>
	</SchemaData></ExtendedData>
      <MultiGeometry><Polygon><outerBoundaryIs><LinearRing><coordinates>-44.250391,-0.767021 -44.15039,-0.833688 -44.15039,-0.967023 -44.350392,-0.967023 -44.350392,-0.767021 -44.250391,-0.767021</coordinates></LinearRing></outerBoundaryIs></Polygon></MultiGeometry>
  </Placemark>
  <Placemark id="ucs.7">
	<name>PARQUE ESTADUAL DO SÍTIO DO RANGEDOR</name>
	<Style><LineStyle><color>ff0000ff</color></LineStyle><PolyStyle><fill>0</fill></PolyStyle></Style>
	<ExtendedData><SchemaData schemaUrl="#ucs">
		<SimpleData name="docleg_id">46867</SimpleData>
		<SimpleData name="uc_id">18301</SimpleData>
		<SimpleData name="cd_cnuc">0000.21.1891</SimpleData>
		<SimpleData name="wdpa_pid">555576407</SimpleData>
		<SimpleData name="cria_ano">15-12-2005</SimpleData>
		<SimpleData name="cria_ato">Decreto 21.797 de 15-12-2005</SimpleData>
		<SimpleData name="outro_ato">Decreto 23.303 de 07-08-2007 Revisão dos limites , Lei ordinária 10.455 de 16-05-2016 Recategorização , Lei ordinária 9.864 de 04-07-2013 Revisão dos limites</SimpleData>
		<SimpleData name="pl_manejo">Sim</SimpleData>
		<SimpleData name="co_gestor">Sim</SimpleData>
		<SimpleData name="quali_pol">Polígono corresponde ao memorial descritivo</SimpleData>
		<SimpleData name="ha_total">121.28</SimpleData>
		<SimpleData name="ha_ato">125.65</SimpleData>
		<SimpleData name="esfera">Estadual</SimpleData>
		<SimpleData name="uf">MARANHÃO</SimpleData>
		<SimpleData name="municipio">SÃO LUÍS (MA)</SimpleData>
		<SimpleData name="org_gestor">SECRETARIA DE ESTADO DE MEIO AMBIENTE E RECURSOS NATURAIS DO MARANHÃO - MA</SimpleData>
		<SimpleData name="grupo">Proteção Integral</SimpleData>
		<SimpleData name="categoria">Parque</SimpleData>
		<SimpleData name="cat_iucn">Category II</SimpleData>
		<SimpleData name="amazonia">615.4</SimpleData>
		<SimpleData name="situacao">Ativo</SimpleData>
		<SimpleData name="limite">uc</SimpleData>
	</SchemaData></ExtendedData>
      <MultiGeometry><Polygon><outerBoundaryIs><LinearRing><coordinates>-44.2678896242477,-2.49848331540277 -44.2699463886985,-2.501918101226 -44.2712578960554,-2.50115878234339 -44.2721779614441,-2.50060965397689 -44.2724898070985,-2.50035499042803 -44.2731543136726,-2.49986482791906 -44.2734732483742,-2.49954164140379 -44.2740960166782,-2.49879488061101 -44.2751075722054,-2.49791687250073 -44.2756189819142,-2.4974908889135 -44.2759789508778,-2.49713033532466 -44.2766368544088,-2.49609425135637 -44.276924112881,-2.49589506330482 -44.2780396216951,-2.49409547782167 -44.2750810806214,-2.49422808251907 -44.2722762515642,-2.49435357392924 -44.2689323210751,-2.49446363256899 -44.2685012619526,-2.49444500038658 -44.2681896209174,-2.49438053339988 -44.2669171505541,-2.49409495926483 -44.2633836372705,-2.49318916872108 -44.2633142992013,-2.49333432430294 -44.2631166432594,-2.49358163188848 -44.2630425820137,-2.49364780978705 -44.2629571909636,-2.49370819161068 -44.2623417667898,-2.49391111738128 -44.2618611711759,-2.4941110430692 -44.2617790420207,-2.49412845628449 -44.2615856786308,-2.4942582533546 -44.2614894676512,-2.49436612248271 -44.2613984117209,-2.49458463182946 -44.2613845796342,-2.49471109252248 -44.261406043797,-2.49476954430086 -44.2614298515346,-2.49691391344805 -44.2614734981654,-2.49848240075067 -44.2615132391775,-2.50124401383075 -44.2615971794213,-2.50152730370073 -44.2615915924842,-2.50170659993254 -44.2616036086975,-2.50177174071872 -44.2616652364682,-2.50190511933521 -44.2620145430368,-2.50246004143242 -44.2621835290014,-2.5026586147667 -44.2625309190368,-2.50294187270254 -44.2628634140058,-2.5031451520875 -44.2633482679406,-2.50257417359487 -44.2643501075323,-2.50329577258198 -44.2646276727183,-2.50238664900101 -44.2648882626218,-2.50257949308574 -44.2662771123967,-2.50066140755769 -44.2678896242477,-2.49848331540277</coordinates></LinearRing></outerBoundaryIs></Polygon></MultiGeometry>
  </Placemark>
  <Placemark id="ucs.8">
	<name>PARQUE ESTADUAL MARINHO BANCO DO ÁLVARO</name>
	<Style><LineStyle><color>ff0000ff</color></LineStyle><PolyStyle><fill>0</fill></PolyStyle></Style>
	<ExtendedData><SchemaData schemaUrl="#ucs">
		<SimpleData name="docleg_id">48570</SimpleData>
		<SimpleData name="uc_id">18934</SimpleData>
		<SimpleData name="cd_cnuc">0000.21.3544</SimpleData>
		<SimpleData name="wdpa_pid">555682324</SimpleData>
		<SimpleData name="cria_ano">16-12-2014</SimpleData>
		<SimpleData name="cria_ato">Lei ordinária 10172/2014 de 12-12-2014</SimpleData>
		<SimpleData name="outro_ato">Sem informação</SimpleData>
		<SimpleData name="pl_manejo">Não</SimpleData>
		<SimpleData name="co_gestor">Sim</SimpleData>
		<SimpleData name="quali_pol">Polígono corresponde ao memorial descritivo</SimpleData>
		<SimpleData name="ha_total">45132.06</SimpleData>
		<SimpleData name="ha_ato">45274.73</SimpleData>
		<SimpleData name="esfera">Estadual</SimpleData>
		<SimpleData name="uf">MARANHÃO</SimpleData>
		<SimpleData name="municipio">CURURUPU (MA)</SimpleData>
		<SimpleData name="org_gestor">SECRETARIA DE ESTADO DE MEIO AMBIENTE E RECURSOS NATURAIS DO MARANHÃO - MA</SimpleData>
		<SimpleData name="grupo">Proteção Integral</SimpleData>
		<SimpleData name="categoria">Parque</SimpleData>
		<SimpleData name="cat_iucn">Category II</SimpleData>
		<SimpleData name="marinho">45132.76</SimpleData>
		<SimpleData name="situacao">Ativo</SimpleData>
		<SimpleData name="limite">uc</SimpleData>
	</SchemaData></ExtendedData>
      <MultiGeometry><Polygon><outerBoundaryIs><LinearRing><coordinates>-44.7333741979113,-0.2166445774962 -44.7333741986861,-0.416644886934425 -44.9167078681963,-0.41664488596624 -44.9167078674163,-0.216644576989432 -44.7333741979113,-0.2166445774962</coordinates></LinearRing></outerBoundaryIs></Polygon></MultiGeometry>
  </Placemark>
  <Placemark id="ucs.9">
	<name>ÁREA DE PROTEÇÃO AMBIENTAL DE UPAON-AÇU / MIRITIBA / ALTO PREGUIÇAS</name>
	<Style><LineStyle><color>ff0000ff</color></LineStyle><PolyStyle><fill>0</fill></PolyStyle></Style>
	<ExtendedData><SchemaData schemaUrl="#ucs">
		<SimpleData name="docleg_id">48579</SimpleData>
		<SimpleData name="uc_id">18937</SimpleData>
		<SimpleData name="cd_cnuc">0000.21.1888</SimpleData>
		<SimpleData name="wdpa_pid">555715700</SimpleData>
		<SimpleData name="cria_ano">12-06-1992</SimpleData>
		<SimpleData name="cria_ato">Decreto 12.428 de 05-06-1992</SimpleData>
		<SimpleData name="outro_ato">Sem informação</SimpleData>
		<SimpleData name="pl_manejo">Não</SimpleData>
		<SimpleData name="co_gestor">Não</SimpleData>
		<SimpleData name="quali_pol">Polígono corresponde ao memorial descritivo</SimpleData>
		<SimpleData name="ha_total">1558699.76</SimpleData>
		<SimpleData name="ha_ato">1535310</SimpleData>
		<SimpleData name="esfera">Estadual</SimpleData>
		<SimpleData name="uf">MARANHÃO</SimpleData>
		<SimpleData name="municipio">AXIXÁ (MA), BARREIRINHAS (MA), HUMBERTO DE CAMPOS (MA), ICATU (MA), MORROS (MA), PAÇO DO LUMIAR (MA), PRESIDENTE JUSCELINO (MA), PRIMEIRA CRUZ (MA), RAPOSA (MA), ROSÁRIO (MA), SANTA QUITÉRIA DO MAR...</SimpleData>
		<SimpleData name="org_gestor">SECRETARIA DE ESTADO DE MEIO AMBIENTE E RECURSOS NATURAIS DO MARANHÃO - MA</SimpleData>
		<SimpleData name="grupo">Uso Sustentável</SimpleData>
		<SimpleData name="categoria">Área de Proteção Ambiental</SimpleData>
		<SimpleData name="cat_iucn">Category V</SimpleData>
		<SimpleData name="amazonia">439189.26</SimpleData>
		<SimpleData name="cerrado">934088.35</SimpleData>
		<SimpleData name="marinho">185308.22</SimpleData>
		<SimpleData name="situacao">Ativo</SimpleData>
		<SimpleData name="limite">uc</SimpleData>
	</SchemaData></ExtendedData>
      <MultiGeometry><Polygon><outerBoundaryIs><LinearRing><coordinates>-43.4474545668784,-2.32923823875399 -43.4573766778777,-2.3315282597527 -43.4600813078775,-2.33310469775234 -43.4658797008765,-2.33942379075161 -43.4711402048752,-2.348518806751 -43.4853538888731,-2.36120491074922 -43.4916558308712,-2.37461507974846 -43.4924302088708,-2.37829702074842 -43.4908623638696,-2.38786389574867 -43.4888939758692,-2.39208512574898 -43.4851631618689,-2.39473110474948 -43.4745658608688,-2.39871654675088 -43.4655555604054,-2.55305556030876 -43.4261111159854,-2.36750000475719 -43.2789167288691,-2.44662777777735 -43.1950000048651,-2.500000004789 -43.1950000048455,-2.65805556034565 -43.0188534622912,-2.70154909628678 -42.9052560374655,-2.72927995165469 -42.8535511188451,-2.74189957183615 -42.8530555603997,-2.75000000483628 -42.7833333381794,-2.75000000484561 -42.833333338116,-3.25000000484109 -44.2936941367298,-3.24963985264086 -44.3305555602837,-3.25000000463583 -44.3287798275452,-3.24456790719126 -44.3285052414275,-3.24234796487938 -44.3272646329746,-3.24040507453924 -44.3257488675956,-3.23707512154802 -44.3236841561758,-3.22986229397628 -44.3221692340302,-3.22500573168428 -44.3194122886822,-3.22028892779496 -44.3185998916779,-3.21792778965638 -44.3129390748543,-3.20294765165858 -44.3118370618423,-3.19920162444473 -44.3117013953871,-3.19628915811425 -44.312254776015,-3.192960551295 -44.308810294146,-3.18574568709001 -44.3053677191391,-3.17478647265051 -44.3046816493097,-3.16951563666309 -44.3037191958216,-3.16549308856695 -44.302065289637,-3.16243921085584 -44.300548164925,-3.16063555783764 -44.2997221768857,-3.15799978341936 -44.2995865022796,-3.1548095241268 -44.3008326576466,-3.14759799263215 -44.3009784706973,-3.13580894464702 -44.3011187603529,-3.13150952546683 -44.3000700857374,-3.12555848598291 -44.2985083850167,-3.1150028492358 -44.2982347838046,-3.11125854462527 -44.2952128435046,-3.09086747067732 -44.2943873339357,-3.08656720360037 -44.2870846759886,-3.07269251904048 -44.286271043038,-3.06845450100097 -44.2859864406304,-3.06381460901939 -44.2835051847813,-3.05909837932391 -44.2829568809506,-3.0542432989609 -44.283235187457,-3.05049835349697 -44.2840668948823,-3.04495117255256 -44.2841355583417,-3.04218426332526 -44.2842086589361,-3.03926469431445 -44.2824611949962,-3.03256913999851 -44.2821446821453,-3.03135638957846 -44.2799502837546,-3.02456166014221 -44.2764998172178,-3.01387753251807 -44.2756723867752,-3.01276729139472 -44.2744313605465,-3.01151848689073 -44.272914558733,-3.01040737530827 -44.2718116632622,-3.00901961822256 -44.2711231015457,-3.00721592635511 -44.2702912348011,-3.00274068933506 -44.2692956529985,-3.00000069481856 -44.2622906716632,-2.98928385059469 -44.2617063817523,-2.98701214914422 -44.2609600455448,-2.97860719118636 -44.259496979317,-2.9748147383126 -44.250222472654,-2.95651230756305 -44.2475965795515,-2.94410474670449 -44.2481867703731,-2.9418486290635 -44.2494848871023,-2.94004153725237 -44.2513080145409,-2.93833937612751 -44.2525055542637,-2.93768344331723 -44.264097532333,-2.9383482978713 -44.2698977004113,-2.93618658319189 -44.2721555167051,-2.93610384797094 -44.2793059554405,-2.93787428854367 -44.2816066018166,-2.93787632593112 -44.2859783838898,-2.93502461428996 -44.289596481206,-2.93497982340738 -44.2911439572672,-2.93552741494117 -44.293819058198,-2.93910293736733 -44.2946838431201,-2.93951684498652 -44.2976052523192,-2.93985203784877 -44.3013880523082,-2.93990714419784 -44.3076382697307,-2.93799425820402 -44.3134372611386,-2.93364884319591 -44.3141896740173,-2.93356517164084 -44.3195420046817,-2.93512461438672 -44.3214244686578,-2.93520980834471 -44.324185765739,-2.9333184537339 -44.3325976465142,-2.92562921520171 -44.3343689092213,-2.92498675398021 -44.3400191710427,-2.92386555277519 -44.3442573013571,-2.91914480618503 -44.3471907890927,-2.91758378818722 -44.3538555459417,-2.91276388885738 -44.3741011796944,-2.89214668222068 -44.3749941677991,-2.88966256142138 -44.3745901716654,-2.83989370800073 -44.3742361967213,-2.79929266295648 -44.3740227399427,-2.77511438660148 -44.3735107415226,-2.77355585522954 -44.3724739608191,-2.7724972965439 -44.3603601407502,-2.76400798257332 -44.3583333381229,-2.76055556018838 -44.3579729593071,-2.76126164389743 -44.3575222139916,-2.76144298806544 -44.3572813657427,-2.76180862490065 -44.3565275944229,-2.76280358988388 -44.3551753809807,-2.76162336976681 -44.353281087672,-2.76071447857258 -44.3527396041551,-2.76071433610495 -44.3524683121757,-2.76107788791654 -44.352648973426,-2.76153162723232 -44.353370123032,-2.76189468297156 -44.3528284030901,-2.76252921546511 -44.3515658856544,-2.76225591713614 -44.3498513557896,-2.76253939763392 -44.3460605359822,-2.76316074064374 -44.3411853234454,-2.76578973470385 -44.3382969332138,-2.76860029166334 -44.3369422993462,-2.76950738574807 -44.3337352125999,-2.77325616314634 -44.3316147428319,-2.77621906368675 -44.3291773707938,-2.77730647319982 -44.327644037553,-2.7769426729876 -44.32295315158,-2.77548816137995 -44.3194343064196,-2.77439790226347 -44.3090256339686,-2.77386947093241 -44.3071659081089,-2.76849257939059 -44.3023435933058,-2.76514264834121 -44.2961087525982,-2.76422895185365 -44.2780421426525,-2.74735549908004 -44.2698603177121,-2.74004229298129 -44.2669563839316,-2.73818081031355 -44.2552777825754,-2.7313888935358 -44.2833333381317,-2.71666667130969 -44.2716666714669,-2.70555556020019 -44.2708333381411,-2.64722222686685 -44.247222227032,-2.63888889353675 -44.2340240518123,-2.62272059764957 -44.2500000048132,-2.61111111575851 -44.1066666714941,-2.54444444911115 -44.1733333381671,-2.47333333799074 -44.1666666715184,-2.33333333799099 -44.0000000048793,-2.16666667134567 -43.4261111160104,-2.16666667142208 -43.4394327558457,-2.32546045691852 -43.4394327598791,-2.32546048675495 -43.4474545668784,-2.32923823875399</coordinates></LinearRing></outerBoundaryIs></Polygon></MultiGeometry>
  </Placemark>
  <Placemark id="ucs.10">
	<name>ÁREA DE PROTEÇÃO AMBIENTAL DA FOZ DO RIO DAS PREGUIÇAS - PEQUENOS LENÇÓIS - REGIÃO LAGUNAR ADJACENTE</name>
	<Style><LineStyle><color>ff0000ff</color></LineStyle><PolyStyle><fill>0</fill></PolyStyle></Style>
	<ExtendedData><SchemaData schemaUrl="#ucs">
		<SimpleData name="docleg_id">48581</SimpleData>
		<SimpleData name="uc_id">18939</SimpleData>
		<SimpleData name="cd_cnuc">0000.21.1889</SimpleData>
		<SimpleData name="wdpa_pid">352131</SimpleData>
		<SimpleData name="cria_ano">09-10-1991</SimpleData>
		<SimpleData name="cria_ato">Decreto 11.899 de 11-06-1991</SimpleData>
		<SimpleData name="outro_ato">Sem informação</SimpleData>
		<SimpleData name="pl_manejo">Não</SimpleData>
		<SimpleData name="co_gestor">Não</SimpleData>
		<SimpleData name="quali_pol">Polígono é uma estimativa dos limites da UC</SimpleData>
		<SimpleData name="ha_total">206129.77</SimpleData>
		<SimpleData name="ha_ato">269684.3</SimpleData>
		<SimpleData name="esfera">Estadual</SimpleData>
		<SimpleData name="uf">MARANHÃO</SimpleData>
		<SimpleData name="municipio">ÁGUA DOCE DO MARANHÃO (MA), ARAIOSES (MA), BARREIRINHAS (MA), TUTÓIA (MA)</SimpleData>
		<SimpleData name="org_gestor">SECRETARIA DE ESTADO DE MEIO AMBIENTE E RECURSOS NATURAIS DO MARANHÃO - MA</SimpleData>
		<SimpleData name="grupo">Uso Sustentável</SimpleData>
		<SimpleData name="categoria">Área de Proteção Ambiental</SimpleData>
		<SimpleData name="cat_iucn">Category V</SimpleData>
		<SimpleData name="cerrado">203972.62</SimpleData>
		<SimpleData name="marinho">2147.47</SimpleData>
		<SimpleData name="situacao">Ativo</SimpleData>
		<SimpleData name="limite">uc</SimpleData>
	</SchemaData></ExtendedData>
      <MultiGeometry><Polygon><outerBoundaryIs><LinearRing><coordinates>-42.7681465489364,-2.59533884381423 -42.7398398598122,-2.59528829312018 -42.7295888880291,-2.58283552025216 -42.7289528675006,-2.58388338375467 -42.7274815751644,-2.58494945029128 -42.7257888264513,-2.58574698690176 -42.7240657402011,-2.58677127847922 -42.7223990309629,-2.5878857054222 -42.7210926709721,-2.58935704501008 -42.719872985323,-2.5895577870152 -42.7179285543383,-2.58949758748348 -42.7166481608324,-2.58951759742467 -42.7147037518474,-2.58954797343723 -42.712676819427,-2.58978403598462 -42.7107324153408,-2.58981440541678 -42.7087878994488,-2.58995840326037 -42.7069563213697,-2.59053109453047 -42.7052028817657,-2.59148839052693 -42.7032062919975,-2.59195012409304 -42.7015396644908,-2.59102429365363 -42.6996212606115,-2.59035202350121 -42.6978981706203,-2.59058291818378 -42.6975118418829,-2.59271968268507 -42.6973729893511,-2.59494322936192 -42.697373020122,-2.59616749492087 -42.6972340732123,-2.59734856656238 -42.6967870102581,-2.59921411175537 -42.6958712740514,-2.60117805243254 -42.694816525904,-2.60346156322102 -42.6940656539769,-2.60442545413135 -42.6931498675399,-2.60616284778144 -42.6920952245445,-2.60778888323758 -42.6914267946126,-2.6097262357269 -42.6910665518687,-2.61168133099295 -42.691010113293,-2.61349551402046 -42.6916220676759,-2.61511829512208 -42.6930110078445,-2.61654725465574 -42.6940396073794,-2.61845809437578 -42.6952896236784,-2.62016115851273 -42.696730584776,-2.62136232453479 -42.6980109820777,-2.62301997748326 -42.6993434640874,-2.62460857357205 -42.7003720944452,-2.62636068239139 -42.7014832403625,-2.62836072817389 -42.7020648752784,-2.63034641661064 -42.7026203512385,-2.63233232907395 -42.7032062994755,-2.63431802807097 -42.7037314993321,-2.6364410218107 -42.7039007864661,-2.63838789230137 -42.7039267958131,-2.64042751740755 -42.7033973202902,-2.64224933376989 -42.7019259474379,-2.64349662981498 -42.7006499484954,-2.64501249798786 -42.6988443624463,-2.64572102014571 -42.6971212274212,-2.64656384289795 -42.6957887432347,-2.64789933848931 -42.6950379410879,-2.64981555156119 -42.6937054448746,-2.65076558231802 -42.6920084245271,-2.64959066408741 -42.6917046187059,-2.64778240664434 -42.6927592993201,-2.64617891177152 -42.6945387818362,-2.64524444839613 -42.6964267795608,-2.64376381540634 -42.6978720835618,-2.64251711523608 -42.6991481625597,-2.64095541874317 -42.6992870386288,-2.63963866202669 -42.6992610358369,-2.63759904347289 -42.698566611938,-2.63570562286137 -42.6979285856009,-2.63467290105584 -42.696287887781,-2.63229545004591 -42.6948165647839,-2.63064132161137 -42.6931498726154,-2.62871771673142 -42.6922340939306,-2.62773492523448 -42.6907584233681,-2.62639754763637 -42.6894823825303,-2.62492187168813 -42.6885926217268,-2.62416476368856 -42.6870388108329,-2.62260251492551 -42.6857323761803,-2.6209906470671 -42.6852896382483,-2.61895777664563 -42.6856195330808,-2.61679879012053 -42.6856195187796,-2.61489501613773 -42.6857063364688,-2.61298932383525 -42.686483227239,-2.61102750602747 -42.6877592769019,-2.6091034000953 -42.6885925495336,-2.60791150788911 -42.6892870198224,-2.6060872052678 -42.6896776862497,-2.60499293625218 -42.6899814766335,-2.60308402116421 -42.6895648541781,-2.60150327920844 -42.6887879349612,-2.6000878452078 -42.6906759246363,-2.59953690903112 -42.6917870136941,-2.59770586063215 -42.6924814618517,-2.59588181802709 -42.6928981869342,-2.59374394414705 -42.6926768096619,-2.59175288165657 -42.6926767602852,-2.58989384454513 -42.6927028651915,-2.58803485523653 -42.6931195404669,-2.58621490858194 -42.693648978749,-2.58516382227646 -42.6945387632187,-2.58351721638644 -42.6955110106399,-2.58159820722959 -42.6965917571264,-2.57972242179698 -42.6979545529163,-2.57825023208976 -42.6998426395219,-2.57742696904356 -42.7016481261991,-2.57665082963441 -42.7028157397508,-2.57645090634715 -42.7040396811012,-2.57631852126963 -42.7064008163114,-2.57671214651981 -42.7074815435082,-2.57714837998915 -42.7092610204284,-2.57780048507346 -42.7111750825528,-2.57854106233203 -42.7124555128819,-2.57879333119427 -42.7145084698727,-2.57957700683063 -42.7163140249986,-2.58043255442949 -42.7185926713871,-2.58037429047657 -42.7207888604377,-2.57993158368507 -42.7227592771342,-2.57897101568364 -42.7244259645027,-2.57806088176943 -42.725675958368,-2.57668127024353 -42.7260926495087,-2.57477041488908 -42.7255110348349,-2.57292068732934 -42.7246777414266,-2.57091628723044 -42.7230674481534,-2.56998933090737 -42.7210926373596,-2.57004328325343 -42.7198990438351,-2.57003924249811 -42.7180370792144,-2.57002297109443 -42.7164008013634,-2.56900628846421 -42.7150379466942,-2.56744073953471 -42.7132063524461,-2.56688031444634 -42.7115917681881,-2.56595343812551 -42.7114268463874,-2.56387061213913 -42.7112619131657,-2.56174222527675 -42.7128157083189,-2.56040303612972 -42.7148165673895,-2.56059827153336 -42.7159840810773,-2.56060235286555 -42.718119517292,-2.56084085521654 -42.7201768824049,-2.55978830469373 -42.7186751202298,-2.55854262155658 -42.719538810442,-2.55707806108931 -42.7212879812958,-2.55641566047064 -42.7224250840918,-2.55608058771632 -42.7242306244576,-2.55546293868859 -42.7261490774738,-2.55611289823804 -42.7272601894937,-2.55772752790816 -42.7283713287817,-2.55702980724428 -42.7299814983119,-2.55639227457912 -42.7312879957674,-2.55802668895114 -42.7330935211575,-2.55808883923256 -42.7348730042975,-2.55865031494199 -42.7366482386192,-2.55948370796466 -42.7385926789375,-2.55927182228798 -42.740259306525,-2.55842952571513 -42.7413140050585,-2.5565990512782 -42.741261952539,-2.55542148341524 -42.7401508378464,-2.55353474457737 -42.7388704493159,-2.55196790898523 -42.7375380067116,-2.55035686714365 -42.7356195628245,-2.55000154364115 -42.733397384465,-2.55001370180422 -42.7312880037799,-2.55054567861397 -42.7299555159349,-2.55102035910009 -42.7289007934546,-2.55153548748021 -42.7270648445716,-2.55222180029327 -42.7258972914305,-2.55264831223884 -42.7246776741932,-2.55318863398016 -42.7235666397702,-2.55352393879864 -42.7210925979415,-2.55410685868304 -42.7186490899269,-2.55455341298454 -42.717511891236,-2.55484310187139 -42.7155935379616,-2.55541759769063 -42.7142871013028,-2.55580063355914 -42.7125119210672,-2.55628190547287 -42.7104545732975,-2.55692647116163 -42.7087618504085,-2.55820005096559 -42.7072861629674,-2.55949263790978 -42.7063443827829,-2.56023266821411 -42.7054806730682,-2.56099435234477 -42.7042870700716,-2.56262227541828 -42.7029545995052,-2.56409436769176 -42.7021776934786,-2.56496820610852 -42.701231502573,-2.56570821833111 -42.6996212189504,-2.56736565813653 -42.6982887647544,-2.56897315311687 -42.6973730079336,-2.56978128290174 -42.6965656637626,-2.57063254688246 -42.6951507332155,-2.57226447058497 -42.6934537481889,-2.57374174752818 -42.6924250882682,-2.57480051718632 -42.6917045360953,-2.57571846320065 -42.6901203995295,-2.57746658503945 -42.6887878880624,-2.57889289211342 -42.6879546034877,-2.57976714420889 -42.6862879164078,-2.58138013724928 -42.6850118297988,-2.58271505362144 -42.6838443550416,-2.58422978536151 -42.68242500573,-2.58570228744156 -42.6814007825726,-2.58653450328689 -42.6796212693404,-2.58814934359432 -42.6781498724883,-2.58966847194672 -42.6773990430982,-2.59081377612813 -42.6759840551188,-2.59240007536749 -42.6753156617161,-2.59333978372214 -42.6740395922272,-2.59494676226868 -42.6726203694191,-2.59623852903102 -42.6713703608861,-2.59784473379415 -42.6702895774109,-2.59985649663628 -42.6692609573448,-2.60087019314578 -42.6673164870548,-2.60139919630462 -42.6661229788611,-2.6028233414415 -42.6647861287139,-2.60447618974819 -42.6639267415851,-2.60535097968262 -42.662650738841,-2.60700303021587 -42.6618173374899,-2.60796844120923 -42.6604805886041,-2.6098025190009 -42.6592305589934,-2.61081948460318 -42.658484068141,-2.61173795521372 -42.6571472001758,-2.61343669863394 -42.6555933839701,-2.61477534538164 -42.6542044976797,-2.61602100903079 -42.652872080188,-2.61744738514369 -42.6513703468662,-2.61880862451324 -42.6494822619114,-2.61969943624612 -42.648093418166,-2.62139841462039 -42.6467045391151,-2.62282547946383 -42.6445386768298,-2.62397030192728 -42.643536114554,-2.62482417160458 -42.6422036117261,-2.62523086311561 -42.6403980659242,-2.62682263297532 -42.6388442439557,-2.62795793002508 -42.6378980351804,-2.62881135350559 -42.6363139019715,-2.63024172316686 -42.6346471638711,-2.63171821185342 -42.6330369484673,-2.63305803620923 -42.6313138346146,-2.63444527717765 -42.6295647065439,-2.63594563571407 -42.6282582718801,-2.63743951451155 -42.626648044237,-2.63877931754482 -42.6250638810413,-2.64011880381732 -42.6233147339197,-2.64100753654703 -42.6223728579196,-2.64174749395096 -42.6207322173466,-2.64281603971216 -42.6192045094072,-2.64433568020862 -42.6176506334395,-2.64576523326028 -42.6166220433558,-2.6463479995767 -42.6147036176502,-2.6477154622013 -42.6137877982387,-2.64840962495343 -42.6121471717036,-2.64984025816317 -42.610233125232,-2.65093590209065 -42.6082582330143,-2.65216773368466 -42.606370216197,-2.65342096979098 -42.6042304951664,-2.65440678068135 -42.6024813481857,-2.65561254759165 -42.601261736639,-2.65615297247687 -42.6002026873646,-2.65714413220718 -42.5986488762171,-2.6586642897826 -42.5977591247861,-2.65963028426623 -42.5957582609662,-2.66034100304456 -42.5944257968774,-2.66099671349438 -42.5927330408465,-2.66217914847449 -42.5909839288513,-2.66349831994027 -42.5898164162429,-2.66442307764302 -42.5886488842365,-2.6648492345358 -42.5868997610277,-2.66598688731324 -42.5852894691658,-2.66723635107365 -42.5832321681786,-2.66853735331088 -42.5814830812437,-2.66960728635866 -42.5794257664539,-2.6705458988756 -42.577316406976,-2.67153086255776 -42.5759535476386,-2.67191439749984 -42.5739526782917,-2.67276181128627 -42.5722338778499,-2.67378558901228 -42.570675795951,-2.67498838272236 -42.5690091273026,-2.67610219232022 -42.5673988584679,-2.67701128610639 -42.5662053006563,-2.67755133297929 -42.5641479293935,-2.67774174215205 -42.5629804385142,-2.67809988193212 -42.5610923734862,-2.67880918701161 -42.5590655231873,-2.67933950954553 -42.5577330022195,-2.6797000224834 -42.5565090636293,-2.68019515963024 -42.5541218628345,-2.68050410748347 -42.5521209959113,-2.68080686637874 -42.5502330247428,-2.68142557575713 -42.5494257423378,-2.68320650405743 -42.5484838997043,-2.68485247939332 -42.5469257088014,-2.68596500044423 -42.5459274257883,-2.68656940026501 -42.543900531788,-2.68707690171155 -42.5426505804514,-2.6868699158335 -42.5432885280841,-2.68522794934746 -42.5413137312651,-2.6855760179518 -42.5392607909305,-2.68544875494784 -42.5380368216087,-2.68533184540587 -42.5358709858111,-2.68538828757397 -42.5345081428358,-2.68549977382954 -42.5326504931377,-2.68516609004514 -42.5306192258609,-2.6851748003519 -42.529399666419,-2.68519374404425 -42.528232151198,-2.68521197881993 -42.5260098494142,-2.6849289755734 -42.5241479002017,-2.6845953633318 -42.5230107773751,-2.68443152605785 -42.521678260685,-2.68386262856371 -42.5195949532521,-2.68298868201203 -42.5176764967885,-2.68220220341018 -42.515814567131,-2.68182302966001 -42.5138700905781,-2.68124113014876 -42.5118692050477,-2.68095494741819 -42.5095645461324,-2.68110389121869 -42.5076201020985,-2.68113398735802 -42.5057320436677,-2.68057352592739 -42.5039265085278,-2.67983110556718 -42.5026504704206,-2.68121102473411 -42.5012051350235,-2.68261562889678 -42.5000636402046,-2.68474754990869 -42.4987876107726,-2.68602956900076 -42.4968432181385,-2.68753806751204 -42.495675636182,-2.68874763156181 -42.4950375775757,-2.69006873586243 -42.4946209875355,-2.69134284402418 -42.4938136972657,-2.69239162776362 -42.492789308243,-2.69394132438642 -42.49156535333,-2.69585566770083 -42.4903153939644,-2.69808819606648 -42.4895948869848,-2.69954577751398 -42.4884274008035,-2.70095985695536 -42.487537573278,-2.7021452956781 -42.4870384577035,-2.70332910497419 -42.4864828981292,-2.70446787461812 -42.4858449119962,-2.70565229602743 -42.484842290411,-2.70717923431882 -42.4835922674489,-2.70920719377892 -42.4817302856378,-2.71116960511341 -42.4806496065556,-2.71201541559947 -42.4789264837222,-2.71206829723339 -42.4773423204033,-2.71068888753175 -42.4758449217544,-2.70951374680215 -42.4750115280601,-2.70779037656673 -42.475202518712,-2.70592598522337 -42.4770080691426,-2.70564550670886 -42.4770645019261,-2.70378182482326 -42.4752893055366,-2.70238078519336 -42.4732060211378,-2.70179887931572 -42.4719820440762,-2.70166788408683 -42.4707580557146,-2.70167327600935 -42.4690913916647,-2.70186266308729 -42.4669820151953,-2.70264412121917 -42.4646469072077,-2.70340422068928 -42.4627892978947,-2.70404854238141 -42.461452508648,-2.70457690970138 -42.4601503888398,-2.7049008120379 -42.4590088750631,-2.70531480020102 -42.4577589055305,-2.70545668822741 -42.4558969192541,-2.70587358225966 -42.4539264642161,-2.70615494142183 -42.4522858087963,-2.70616196127907 -42.4501764202242,-2.70630762776611 -42.4479802390736,-2.70699883018079 -42.4468430596621,-2.707276334162 -42.4447033711272,-2.70794478031418 -42.4427589005762,-2.70861209823014 -42.4407579919915,-2.70923437170081 -42.4381495227184,-2.70972293985663 -42.4363135425057,-2.71000337137841 -42.4350115303662,-2.71028168298711 -42.4328413554641,-2.71045013743188 -42.4306755274421,-2.71073229509198 -42.4292866425921,-2.71107919246377 -42.4272597331704,-2.71163314048835 -42.4255366426127,-2.71195871050977 -42.4233708037639,-2.71237696273985 -42.4221772934164,-2.71256411361154 -42.4203152823629,-2.71270843598956 -42.4191477754371,-2.712713343398 -42.417928153146,-2.71262793917337 -42.4158447484006,-2.71206880901324 -42.4138699644617,-2.71212277124389 -42.4125635500122,-2.7124919632364 -42.41025886152,-2.71295616194785 -42.4082319285113,-2.71289675648204 -42.4067041383304,-2.71276702465735 -42.404759705251,-2.71250254210718 -42.4025939100353,-2.71223947739921 -42.4006191121878,-2.71222509105135 -42.3986745979313,-2.71225622710808 -42.3967041318692,-2.71244645923546 -42.3944254921432,-2.71259263891052 -42.3922336498702,-2.71262467423141 -42.390788300603,-2.71274427343383 -42.3893994089157,-2.71277307349826 -42.3871468451405,-2.71291893296963 -42.3852024006263,-2.71317752497905 -42.3829801310906,-2.7133231701243 -42.3810921087061,-2.71346745975627 -42.3792865368078,-2.71392968986418 -42.37789765725,-2.71445816688009 -42.3757058795479,-2.71501317648292 -42.3736745959007,-2.71545339152367 -42.3716780400146,-2.71546186073731 -42.3697596227002,-2.71624285035193 -42.3678716435229,-2.7167053264788 -42.3657882712961,-2.71721400357826 -42.3637613995711,-2.71765420436475 -42.362650305894,-2.71827273443092 -42.361122500402,-2.71941533653421 -42.3614827561422,-2.7212541820341 -42.3629801283902,-2.72270194572804 -42.3635356614583,-2.72463123804906 -42.363813442862,-2.72653823004111 -42.3658707859234,-2.72503023213394 -42.3665088202914,-2.72357333299821 -42.3667041207983,-2.72170913056445 -42.3677588111089,-2.72115925001264 -42.3698160442284,-2.72110501858426 -42.3710356669656,-2.72096345220038 -42.3722857320495,-2.72095823816004 -42.3743690611916,-2.72076758736869 -42.3770079671142,-2.71959186883861 -42.3758968283629,-2.721806282007 -42.3742605235253,-2.72299494378849 -42.3729801592345,-2.72445460540448 -42.3712049488626,-2.7258709706873 -42.3703716699973,-2.72751045894831 -42.3690912137387,-2.72892482858879 -42.3676763453922,-2.72763548752341 -42.3661485313952,-2.7289370597886 -42.3647596366319,-2.73057901632881 -42.3632883216841,-2.73222159900691 -42.3627327608986,-2.73331454769578 -42.3618169162492,-2.73406806250056 -42.3604280168044,-2.73566481477779 -42.3595642983011,-2.73662259755296 -42.3578716545479,-2.73803864105872 -42.3558446733766,-2.7394560149409 -42.353900234474,-2.74069109748485 -42.3522336057327,-2.7418797960998 -42.3512874331011,-2.74256526083443 -42.3501762895592,-2.74307014965342 -42.3482882576442,-2.74403231638632 -42.34656516498,-2.74490311541554 -42.3453716020905,-2.7458169353787 -42.3444557815246,-2.7465933718942 -42.3427587432564,-2.74787315933944 -42.3407318064614,-2.74901763536972 -42.3395078680856,-2.74952252243888 -42.3383446773268,-2.74986839555348 -42.3371771624051,-2.75025953429744 -42.3348420874088,-2.75086015557052 -42.3335355997836,-2.75118373874663 -42.3317300537536,-2.7514639930856 -42.3296207243259,-2.75179109613588 -42.3283142847941,-2.7519330218254 -42.3267300914895,-2.7522576860271 -42.3248420831692,-2.75240173002304 -42.3225938294231,-2.75268385964126 -42.3206493731604,-2.75287403893627 -42.3187048576224,-2.75313199340299 -42.3173984731933,-2.75361460708324 -42.3150937349127,-2.7537604905667 -42.312954006232,-2.75390592977368 -42.3105364440492,-2.75387035252392 -42.3091476165482,-2.75380827800565 -42.3078150904016,-2.75376838048691 -42.3055104304673,-2.75368696051287 -42.3042864841156,-2.75344234448257 -42.3018428494803,-2.75317976999565 -42.3005928609093,-2.75320765046647 -42.2991475429879,-2.75321393781133 -42.2977890439119,-2.75321933682638 -42.2956189161821,-2.75322857633775 -42.2941475932615,-2.7532120248667 -42.2920642627726,-2.75315232276559 -42.2894817154709,-2.75273135156771 -42.2875112964907,-2.75258080781814 -42.2861484079044,-2.75242722371516 -42.2841214673366,-2.75227663624299 -42.2828150466612,-2.75219122659922 -42.2807057387131,-2.75222272027963 -42.2788133129279,-2.75263959009422 -42.2776501608242,-2.75282624334917 -42.2755667600424,-2.75356194079924 -42.2733706270625,-2.7541164543618 -42.2714261318847,-2.75466955322425 -42.2703411400503,-2.75510570295482 -42.2687308741272,-2.75608962788093 -42.2676762060766,-2.75654834455065 -42.2665086481063,-2.75705288661126 -42.265618896272,-2.75778371769442 -42.2645077335796,-2.75842438999068 -42.2630668300889,-2.75981661062623 -42.2617038929829,-2.76161692733043 -42.2607577594254,-2.7635749931918 -42.2597594646345,-2.76535120453832 -42.2591778473583,-2.76726203412954 -42.2596770546042,-2.7684414987211 -42.261174407547,-2.77002569219992 -42.2629278834346,-2.77122280449665 -42.2640650567704,-2.77178599963416 -42.2654278839386,-2.77337096928459 -42.2666779264307,-2.7749563114129 -42.2680928746653,-2.77615444892187 -42.2693992361245,-2.77489928395042 -42.2692039761807,-2.77367343477329 -42.2685355069387,-2.77172200480938 -42.2681492302178,-2.76976969456614 -42.2689001729846,-2.76781269993486 -42.2703715234775,-2.76639777271626 -42.2715650232023,-2.7661883478707 -42.2734270096923,-2.76588539829029 -42.2753975370756,-2.76610457582159 -42.2757881683079,-2.76769335024269 -42.2739261356423,-2.76754201733511 -42.2715650924885,-2.76741528269535 -42.2707056547045,-2.76930497893254 -42.2708142359644,-2.77125836590184 -42.2719253080321,-2.77298065513183 -42.2722595524746,-2.77493321203819 -42.2718168307669,-2.77725230922504 -42.2715390606605,-2.77943460822174 -42.2715389909423,-2.78161511189066 -42.2710919556236,-2.78373176913289 -42.2707057110722,-2.78559571504588 -42.2727890114085,-2.78649575800955 -42.274815904633,-2.78675965323965 -42.2749244028757,-2.78862358229874 -42.272841071122,-2.78890402392339 -42.2715650624924,-2.78890945410464 -42.2697334779132,-2.78778181244012 -42.2690911198231,-2.78573726545122 -42.2693428605493,-2.78460119814469 -42.2698723590042,-2.7827373168019 -42.2700633646624,-2.78057614727477 -42.268982567704,-2.77890136589581 -42.2669252577766,-2.77870409607767 -42.265232628534,-2.77800667150604 -42.2646770027745,-2.7768955676688 -42.2629539330983,-2.77572129151036 -42.2610919848577,-2.77534256217512 -42.259230010194,-2.77505501197868 -42.2574547634747,-2.77422166126413 -42.2552021845258,-2.77391295448792 -42.2531752736138,-2.77414842049731 -42.251174383875,-2.77397485130582 -42.2501197250539,-2.77570607744883 -42.2505928008599,-2.7778401163637 -42.2508966343355,-2.77974847543243 -42.2510094360576,-2.78156520746267 -42.25126122378,-2.78363167866547 -42.2511223004095,-2.78490399210774 -42.2510658885124,-2.78744841492427 -42.2513436674246,-2.78930963439821 -42.2511744471614,-2.79135686373971 -42.2512872757455,-2.79330968982698 -42.2505927741414,-2.79504012008478 -42.249399222992,-2.79649845179243 -42.2495381064882,-2.79767906132075 -42.250926979477,-2.79894557534448 -42.2523419595018,-2.80034860653407 -42.2534269926761,-2.80184303600508 -42.2549244215936,-2.80304013701966 -42.2559531065182,-2.80376522963179 -42.2572030991634,-2.80528183072859 -42.2583141563348,-2.80691242103951 -42.2581492765384,-2.80882357709758 -42.2572855543727,-2.810462521972 -42.2558445947556,-2.80828749970495 -42.2542038864237,-2.80690678932311 -42.2524547699025,-2.80584581435774 -42.2508141363564,-2.80439859648277 -42.2496769848881,-2.8034041329833 -42.2481752546862,-2.80220674875484 -42.2465650261891,-2.80109839150129 -42.2456188705336,-2.80032903322304 -42.2439522072388,-2.79933729743019 -42.2426761008908,-2.80115968134805 -42.2410094770893,-2.80180393347079 -42.2394817216719,-2.80301510623761 -42.2383705977596,-2.80522354818645 -42.2373158813905,-2.80690673115946 -42.235566766207,-2.80823185568792 -42.2340650220318,-2.80942083928833 -42.2325936597661,-2.81072076890306 -42.2311743596915,-2.81193171720494 -42.2303149643533,-2.81370688379091 -42.2300371984461,-2.81575118967144 -42.230176083125,-2.81797911933237 -42.2303410487369,-2.81993194913954 -42.2310919551433,-2.82170138482488 -42.2317038839625,-2.82356230079959 -42.2312872283225,-2.82519863523121 -42.2295077051389,-2.82557083130552 -42.2276501090362,-2.82464573389314 -42.2272030472464,-2.82349015572776 -42.2266778380222,-2.82167346021892 -42.2265085504468,-2.82044842613442 -42.226261201587,-2.81913193657924 -42.225983356006,-2.81790393225465 -42.2258445314933,-2.81599581217609 -42.2257880553668,-2.81354307837664 -42.2257880888681,-2.81136229792196 -42.2255103468172,-2.80936528922755 -42.2250936607443,-2.8080930387778 -42.2243428090592,-2.80641524673331 -42.2230927881861,-2.80482916037224 -42.2213435954415,-2.80474582540462 -42.2201500322335,-2.80638725018447 -42.2195077113696,-2.80829864311631 -42.2188436230012,-2.8100263606637 -42.2179538460076,-2.81202914664321 -42.21725944064,-2.81380404669483 -42.2159834105143,-2.81485409071842 -42.2159269353081,-2.81290127243738 -42.2165085701476,-2.81108182575632 -42.2167602703146,-2.80885422392677 -42.2167039114532,-2.80680968494727 -42.2165649828669,-2.80562910321316 -42.2164000208881,-2.80367620553111 -42.215731666886,-2.8018150902076 -42.2143427831957,-2.80054847805701 -42.2124243438753,-2.79987628125072 -42.2114000664543,-2.79815131301006 -42.2106187620969,-2.79602074164594 -42.2101196329648,-2.79415958869108 -42.2097333745623,-2.79207053772239 -42.2088696276206,-2.78980115736516 -42.2080927084709,-2.78771506364789 -42.2076500108495,-2.78585396108816 -42.206899187711,-2.78367621428466 -42.2060918782321,-2.78174855205532 -42.2055363540793,-2.77952338177271 -42.2050935782039,-2.77834281277857 -42.2045380684528,-2.77630153517518 -42.2038435789356,-2.77450951269755 -42.2030926986437,-2.77235427782368 -42.2021465650338,-2.77049506354602 -42.2011483104001,-2.76863599880918 -42.200202130745,-2.76702682374891 -42.1995380839685,-2.76578013392464 -42.1988999934396,-2.76396530371966 -42.1982576955531,-2.76210501253059 -42.197650012366,-2.76019881027469 -42.1969816522902,-2.75833873172242 -42.1958445014286,-2.75688932817989 -42.1941778346756,-2.75591922101691 -42.1922333868318,-2.75499562518111 -42.1902888804416,-2.75436760453262 -42.1887871342877,-2.75301050568841 -42.1903973699403,-2.75209497570833 -42.1924807458843,-2.7526317840112 -42.194286342086,-2.75321501210641 -42.1953713889757,-2.75361969428991 -42.1970944677708,-2.75440775926676 -42.1992038084621,-2.75476254267436 -42.201369628695,-2.75475392558124 -42.2036743134097,-2.75431279131536 -42.205119645456,-2.75394336119056 -42.2068167343196,-2.75293664437784 -42.2080927532346,-2.7515681083916 -42.2097030116241,-2.74983501263033 -42.2114000708556,-2.74837392876948 -42.2125371920964,-2.74818755673757 -42.2140910302564,-2.74690911471156 -42.2158445178617,-2.74544778551611 -42.217788898693,-2.74498524342657 -42.2197594605476,-2.7447044812365 -42.2212612004421,-2.74360779990971 -42.2224243254287,-2.74360292566918 -42.2242602731948,-2.74359528290908 -42.2262047807387,-2.74358743859388 -42.2258705693863,-2.74222539831314 -42.228036341134,-2.74217116483334 -42.2298158558093,-2.74161883742172 -42.2317299451784,-2.74190613444858 -42.2337308315276,-2.74196609003768 -42.2356188066635,-2.74145828225839 -42.2367863900328,-2.74131722052903 -42.2386483256548,-2.74060511765406 -42.2405363509539,-2.73980216155923 -42.2427890078936,-2.74015646335538 -42.2442299950916,-2.74051394483199 -42.2467603542249,-2.74070794097481 -42.2489521404491,-2.74033518226649 -42.2511223570162,-2.73953113655676 -42.2520641910068,-2.73884570552864 -42.2538133207901,-2.73779316319886 -42.2547855195364,-2.7368350682511 -42.2557317034434,-2.73526331607417 -42.256148330926,-2.73403473418173 -42.2568992454309,-2.73194137876782 -42.2572030747381,-2.73044043844218 -42.2576501334239,-2.729302470887 -42.2578150084274,-2.72816584358968 -42.2581188845378,-2.7261652582382 -42.2580667710196,-2.72393866088421 -42.2580364376383,-2.72253030211498 -42.2578974803207,-2.72134942149489 -42.2576197555367,-2.72021476326729 -42.2576197556354,-2.71894220649988 -42.2579538851552,-2.71635050286727 -42.2581188357917,-2.7152138734321 -42.258427052711,-2.71334947785647 -42.2588697290236,-2.71139393528221 -42.2590910925922,-2.70982520360465 -42.2602586215214,-2.70834347815107 -42.2595945298141,-2.70730102165502 -42.2583706114614,-2.70580662969305 -42.2567299448334,-2.70465477938604 -42.2555103478815,-2.70331935696889 -42.2548723341919,-2.70123168395408 -42.2546205725642,-2.69941526914372 -42.2545077216186,-2.69732571848018 -42.2528714419902,-2.69594634331782 -42.2517863887456,-2.69524642644244 -42.2497334274843,-2.69450536418868 -42.2477889701196,-2.69330900793814 -42.2461743541355,-2.69213445723171 -42.2451197366348,-2.69141174809122 -42.2430103306076,-2.69028469181301 -42.241426139346,-2.68913262353971 -42.2400112124028,-2.68779794925219 -42.2387872250344,-2.68587199245361 -42.237619741052,-2.68419548688621 -42.2369252379529,-2.68238071327077 -42.2376760985611,-2.68078700400921 -42.2393427586805,-2.6797806704775 -42.2411223302079,-2.67911436521479 -42.2425111966858,-2.68028983479075 -42.2437611964101,-2.68176139350598 -42.245675268975,-2.68259393848647 -42.2468991909172,-2.68415671170574 -42.2485354984092,-2.68519484643514 -42.249620591257,-2.6869171681143 -42.2506188421612,-2.68877611104746 -42.2523419475686,-2.69006386045977 -42.2530103732349,-2.68808443250912 -42.252979993577,-2.68672126339428 -42.251868820549,-2.68504460688821 -42.2508705557751,-2.68286766405478 -42.249147487645,-2.681284514742 -42.2481492001677,-2.68060721707197 -42.2464826009706,-2.6796143840698 -42.2455363480639,-2.67893675293382 -42.2434530768555,-2.67790050613334 -42.241591055669,-2.67702208797944 -42.2404539086253,-2.67648147311256 -42.2387047352371,-2.67501204402951 -42.2378410336884,-2.67415233320847 -42.236538953657,-2.67274907287188 -42.2346205178078,-2.67239347714774 -42.2327325545797,-2.67235603613031 -42.231565012919,-2.6726335235201 -42.2298983480167,-2.67373111912456 -42.2293688274824,-2.6756418708722 -42.2292299443548,-2.67682380728481 -42.2289260750616,-2.67800654298035 -42.2286743328628,-2.6801432943532 -42.2285355143522,-2.68205221955293 -42.2288132386149,-2.68414128836009 -42.2285094793198,-2.6861874635631 -42.228535520471,-2.68818667758529 -42.228036342714,-2.69025617067137 -42.2276500390425,-2.69212088089306 -42.2265085851531,-2.69364788297385 -42.2256492151263,-2.69544635186206 -42.2248983614086,-2.69642644847727 -42.2243688228099,-2.69745105891975 -42.2231752629232,-2.69888738298226 -42.2219252281062,-2.70030125297806 -42.2205103070973,-2.70167027977452 -42.2191778598384,-2.70324344468764 -42.2174807793971,-2.70456825512972 -42.2166474077317,-2.70543500715739 -42.2152325435003,-2.70716755143737 -42.2137308005637,-2.7085368956089 -42.2125632735616,-2.70722400484331 -42.2123418695821,-2.70513472497516 -42.2123419154243,-2.70322632402358 -42.2125111732025,-2.7012751193729 -42.2127325192207,-2.69886272486529 -42.2125111782895,-2.69681871869079 -42.2125111478089,-2.69481941070058 -42.2128974523343,-2.69272746420546 -42.2129538961095,-2.69086437377236 -42.2148419242261,-2.69158349330017 -42.2164521374801,-2.69050905205094 -42.2183141247393,-2.69134205777394 -42.2200632402692,-2.69206148697602 -42.2206752574833,-2.69028685985651 -42.2198419087702,-2.68849536632852 -42.2187308124819,-2.68681899595883 -42.2170641372726,-2.68505379242636 -42.2156752570988,-2.68458261402712 -42.2139000584718,-2.6841580815967 -42.211729903094,-2.68366739937438 -42.2095380537177,-2.68378996566888 -42.2083141224172,-2.68409050795023 -42.207007662432,-2.68436862927516 -42.2046769398226,-2.68510533843672 -42.2033141127533,-2.68547459125941 -42.202064073453,-2.68579792570899 -42.2007880010369,-2.68618906103809 -42.1987307267218,-2.68676580605963 -42.197341843692,-2.68713498823502 -42.195479893677,-2.68796076350753 -42.1933140597767,-2.68858296627198 -42.1921465672622,-2.68888307133257 -42.190232500042,-2.68927741128206 -42.1890084741033,-2.68962301391223 -42.1867037803588,-2.69006442315655 -42.1855362819006,-2.69025102380027 -42.1835093972546,-2.69066821947182 -42.1810353990556,-2.69158732462677 -42.1797593261555,-2.69186511079359 -42.1774242720795,-2.69257904432236 -42.1751760072512,-2.6933380823589 -42.1737871202529,-2.69348023475473 -42.1717038379066,-2.69369314355988 -42.1697333073388,-2.69383745643874 -42.1685093141386,-2.69397881204706 -42.1663999498446,-2.69428291308281 -42.16503708396,-2.69456119700524 -42.1638696081459,-2.69458864400769 -42.1627020123037,-2.69470717275925 -42.1608139826903,-2.69485120970451 -42.1594554813841,-2.69499305181437 -42.1574806548106,-2.69513742120549 -42.1553973725553,-2.69489623805129 -42.1542298476627,-2.69483277321139 -42.1521204253261,-2.6949776303605 -42.1509529246425,-2.69498247421772 -42.1488999846747,-2.69499092511771 -42.14698152098,-2.69486234351143 -42.1444554502625,-2.69500909602797 -42.1430926486862,-2.69503732635604 -42.1409832764436,-2.6950918037339 -42.1386742310427,-2.69507821727344 -42.1373721904334,-2.69494719238113 -42.1361481864688,-2.69495206901422 -42.1348156879717,-2.69482133119657 -42.1326759744243,-2.69471633080096 -42.1305101705108,-2.69458885645069 -42.1279797391891,-2.69434937424549 -42.1258443157364,-2.69422187441644 -42.123396424494,-2.69423187583685 -42.1214259819525,-2.69410358606664 -42.1200631328513,-2.69397285286256 -42.1185656853256,-2.69384261149614 -42.1169814974646,-2.69380360319769 -42.115649024617,-2.69367284780852 -42.1134832180966,-2.69340917960827 -42.1113998682089,-2.69323551923998 -42.1101498671628,-2.6929227072713 -42.1089519307465,-2.69274591444765 -42.1077887693726,-2.69256875201564 -42.1053148025155,-2.69203381248749 -42.1041472780907,-2.69176582994795 -42.1030101252763,-2.69149773869059 -42.1010656896382,-2.69114215054129 -42.0996203491569,-2.69087548923556 -42.097454580023,-2.69038446784541 -42.0953408394747,-2.6897798120842 -42.0942037162689,-2.68935260170003 -42.0922592269326,-2.68838358729405 -42.0902887227602,-2.68766479298925 -42.0891212382187,-2.68757877807256 -42.0879536468528,-2.68731105923541 -42.086508366722,-2.68718028325605 -42.0853712383744,-2.68702594020719 -42.0841472623538,-2.686894608901 -42.0829276366172,-2.68667248131572 -42.0807574898271,-2.68668118188307 -42.0787870095789,-2.68698445995643 -42.0776194276071,-2.68739809056479 -42.0757314576782,-2.68686046011939 -42.0737045243642,-2.68702779133979 -42.0716776473815,-2.68728583319988 -42.0703971854362,-2.68756356179002 -42.0683442782454,-2.68754921009389 -42.066590811209,-2.68717001146363 -42.0654796927524,-2.68685642366517 -42.0639518880713,-2.68581774361309 -42.0620638988171,-2.68605261335741 -42.0602323185582,-2.68719574552864 -42.0590647519764,-2.68749577860183 -42.0569249422631,-2.6884356747646 -42.0557574501988,-2.68866766771693 -42.0538129604019,-2.68867550794261 -42.051898971184,-2.68859225444668 -42.0499544458141,-2.6888046438966 -42.0491472091862,-2.69080685315995 -42.0503711603571,-2.69216483012519 -42.0523980242794,-2.69208862508754 -42.0536480488644,-2.69194728226696 -42.0549241012748,-2.69219198366698 -42.0563694331392,-2.69232243893341 -42.0575369231319,-2.69231786494983 -42.0592861084571,-2.69312868324604 -42.0594814216331,-2.6950814854397 -42.0592860808353,-2.69721774742352 -42.0585656188077,-2.69944678743043 -42.0578407832612,-2.70117607671843 -42.0573720249705,-2.70308605883137 -42.0566472265878,-2.70408864318443 -42.0556185685995,-2.70568292075174 -42.0547027278034,-2.70754924803582 -42.0539258292438,-2.70932411411345 -42.052840741983,-2.71110039104703 -42.0522027950426,-2.71214808072047 -42.0512305514062,-2.71392372374152 -42.0505100572863,-2.71510781805541 -42.0500109502628,-2.7162910987525 -42.0495074798216,-2.71738347406723 -42.0484527117934,-2.71902328580907 -42.0475108671139,-2.72029907581352 -42.046286904622,-2.72193945703066 -42.0452886456277,-2.7237610014255 -42.0443425110453,-2.72535471518499 -42.0432573956936,-2.72690362948979 -42.041647162483,-2.72813682085752 -42.0405664467385,-2.72986752229138 -42.0399544352136,-2.73091515664911 -42.0392600165682,-2.73237160157295 -42.0385091368583,-2.73332862813372 -42.0376757827436,-2.73483116388645 -42.0370074088957,-2.73610588200498 -42.0363129395886,-2.73717625158873 -42.0353407640615,-2.7392246007056 -42.0342036377676,-2.74104647876019 -42.0324805444051,-2.74223462231762 -42.0310091206245,-2.74360318377707 -42.0290907105416,-2.74401960327738 -42.0276757755412,-2.74525195783977 -42.0267295825307,-2.74739114264934 -42.0265647000029,-2.74920892029055 -42.0263693999885,-2.75093609104034 -42.0259266647921,-2.75334577142801 -42.0256749369103,-2.75452790209092 -42.025510037165,-2.75652773032395 -42.0250629384621,-2.75830124626916 -42.0240082393056,-2.75889589185638 -42.022814663379,-2.75749238790352 -42.0216775225241,-2.75572474078138 -42.0203146993203,-2.75409476242253 -42.0189257741936,-2.75273730296078 -42.0178971752858,-2.75115117540197 -42.0172851683658,-2.7492908047641 -42.017063804169,-2.74729264154948 -42.0170377703271,-2.74511219407491 -42.0164257805797,-2.7432065631111 -42.0157052741342,-2.74143763015069 -42.0150629081034,-2.74044074138178 -42.0143685047906,-2.73839893455589 -42.014229631289,-2.73635517796188 -42.0143684860558,-2.73437843233956 -42.0133138083836,-2.73283788492518 -42.0117859936404,-2.73166278905869 -42.0128407162481,-2.72965942485668 -42.0135091323453,-2.72774896341247 -42.0142035569147,-2.72611051265316 -42.0147027359551,-2.72410963705307 -42.016286871412,-2.72310375824583 -42.0166210820696,-2.72110336962657 -42.0165907098742,-2.71905915779627 -42.0164518450773,-2.71710628995469 -42.0155924703613,-2.71633727679628 -42.0135091424836,-2.71589129002114 -42.011621063588,-2.71598950208928 -42.0095074169012,-2.71611154335138 -42.0079275176309,-2.71518651335139 -42.005757394273,-2.71460441942235 -42.0037304500221,-2.71465809471436 -42.001759937988,-2.71561971726021 -42.0006749189322,-2.71607841292087 -42.0001757356893,-2.71582618206272 -41.9978233266573,-2.71670236454516 -41.9965602678439,-2.71700322432798 -41.993799868213,-2.71791957084323 -41.9913172497189,-2.71858986647679 -41.9890993156934,-2.71951297451923 -41.9865646245,-2.72038703412831 -41.985778999885,-2.72039915419996 -41.9844943534588,-2.72049575758781 -41.9828710420956,-2.72061075115744 -41.9817425395533,-2.72089069385239 -41.9804752442514,-2.72123687010843 -41.9787607774478,-2.72173604679592 -41.9772243427489,-2.72221452759627 -41.9762303902244,-2.72247357013928 -41.9741774154353,-2.72260571367902 -41.9732573642211,-2.7225934526169 -41.9717295069704,-2.72230157390763 -41.9695724494576,-2.7220238236477 -41.9680446417899,-2.72182255770956 -41.9660177178943,-2.72181878506667 -41.9640776201963,-2.72208806835063 -41.9625455218749,-2.72220425450445 -41.9616470661026,-2.72214695803041 -41.9609092060829,-2.72181984942558 -41.9596852272229,-2.72080634064783 -41.9585264260689,-2.71988433565645 -41.9580793256277,-2.71940230259665 -41.9573675669897,-2.71873547849038 -41.9568771120241,-2.71852499928515 -41.9556617981402,-2.71864514605158 -41.9552104237725,-2.71843521736981 -41.9542512245718,-2.71799199856103 -41.9532876404491,-2.71743502643277 -41.9529535005257,-2.7174078886979 -41.9521852816987,-2.71751127927122 -41.9506227078617,-2.71821632450598 -41.9494465149206,-2.71860912873045 -41.9479534908928,-2.71920186702929 -41.9464170266163,-2.71963503634823 -41.9443857299839,-2.71999394536571 -41.9427625014417,-2.72031269356302 -41.940418747977,-2.72059942646199 -41.9383440684046,-2.72070841494527 -41.9369985911783,-2.72050929887995 -41.9353796854642,-2.72032944878621 -41.9332615770742,-2.72027904523518 -41.9314169677973,-2.7202546334065 -41.9295289702477,-2.72022992706929 -41.9278188517257,-2.72020738989516 -41.9268509838642,-2.72014962196402 -41.9247112107038,-2.72007611157706 -41.9225975265006,-2.72002570145478 -41.9209308093598,-2.72000398894839 -41.9181400591711,-2.72008074893818 -41.9176235980075,-2.72007364022434 -41.9168336016332,-2.72019953181131 -41.9158830708888,-2.72032320313238 -41.9152971945384,-2.72058747710792 -41.9147937092263,-2.72098918897959 -41.9142120607611,-2.72100413429662 -41.9136044628383,-2.72083733891763 -41.9128709730948,-2.72001155136326 -41.9120289644031,-2.71918422048556 -41.9112954127362,-2.71831290292991 -41.9107399016126,-2.71794288745492 -41.910153912317,-2.71793523632922 -41.9097459049182,-2.71813383670127 -41.9095636122473,-2.71824475614042 -41.9094725199399,-2.71824370856356 -41.9067815454962,-2.71764153141714 -41.9051105508781,-2.71800499629074 -41.9014386105138,-2.7180929097879 -41.9003361736753,-2.71807850037336 -41.8994811511544,-2.71820330861974 -41.8976322340153,-2.71820169352251 -41.8970897109314,-2.71830797481749 -41.8966426262626,-2.71812054106938 -41.8963084237986,-2.71784414474978 -41.895822271005,-2.71740682430844 -41.8955098087012,-2.71713066507744 -41.8951712545401,-2.71708082641523 -41.8944550950981,-2.71693542707414 -41.8938213997493,-2.71710841208776 -41.8929881105926,-2.71709758398026 -41.892311026368,-2.7172700942361 -41.8906617432366,-2.71779258554138 -41.8891426336756,-2.71838478976053 -41.8878578817064,-2.71877596429607 -41.8857354536382,-2.71929242907708 -41.8843770045564,-2.71959189436308 -41.8828448474057,-2.71984393058509 -41.8805444810736,-2.72010842056951 -41.8784698486814,-2.72055705708139 -41.8769377199561,-2.72069571028834 -41.8755575339265,-2.72092708107738 -41.8738213788088,-2.72117640199237 -41.8715687869656,-2.72141859062407 -41.8704403668725,-2.72156271314768 -41.8689993720954,-2.72179301166089 -41.8670115227781,-2.72210706542918 -41.8653882569688,-2.72219902919277 -41.8630011086761,-2.72237182916968 -41.8613344327342,-2.72250856974175 -41.8605227326319,-2.72263390695687 -41.8591208550496,-2.72288750850439 -41.8569637642555,-2.7228590882584 -41.8547588819687,-2.72269413313659 -41.8533222224449,-2.72240309723324 -41.8513908125979,-2.72206017353971 -41.850266681163,-2.72190934267564 -41.8493161803668,-2.72221425279438 -41.847106962558,-2.72247980753728 -41.8458005240926,-2.72262144650976 -41.8435478888452,-2.72272780061545 -41.841295348163,-2.7228340599184 -41.8400799910393,-2.72263663849488 -41.8390036569718,-2.72235042380539 -41.8373673307426,-2.72192072731556 -41.8360478846874,-2.72126838178457 -41.8347935952396,-2.72057149351572 -41.8326798195936,-2.72031704577304 -41.8304749418967,-2.72031049869739 -41.8289038202334,-2.7199269489427 -41.8275149309591,-2.71952301336072 -41.8269766810105,-2.71931192836185 -41.8255618096067,-2.7190892203715 -41.8244115755114,-2.71907407242527 -41.8234914757605,-2.71892593137948 -41.8224541630032,-2.71918415446193 -41.8215253632823,-2.71958023919122 -41.8207961644698,-2.72025082817788 -41.8204315347624,-2.72056331326662 -41.8201537717189,-2.72114928222069 -41.8199671799373,-2.7216003562168 -41.8196850824614,-2.72263959803015 -41.819585174306,-2.72322802523097 -41.8197371422384,-2.72388739918764 -41.8202536176602,-2.72400791802289 -41.8207093032996,-2.72360561503624 -41.8207396850081,-2.72301637034292 -41.8213516944254,-2.72243508191358 -41.8220331151237,-2.72210383484748 -41.8224888614293,-2.7218149868568 -41.8231702487527,-2.72132502474566 -41.8241642066838,-2.72102098010271 -41.8248369809136,-2.72100713426411 -41.8260522248181,-2.72113654582252 -41.8264602457283,-2.7209604839455 -41.8268638988336,-2.72094312433013 -41.8276711851677,-2.72129385342089 -41.8283916937821,-2.7214394786637 -41.8285696423316,-2.721441665707 -41.828795291949,-2.72158083279857 -41.828947193608,-2.72171890150872 -41.8286520918706,-2.72216842887162 -41.8283308750792,-2.72243640865981 -41.8274237237361,-2.72310454571136 -41.8264211515675,-2.72408895282539 -41.8259567289997,-2.72487677535519 -41.8254055368225,-2.72586716291204 -41.8250279538272,-2.72710931419896 -41.8247110782906,-2.72746790527798 -41.8240730429489,-2.72807170824349 -41.8238864175668,-2.7285001098154 -41.8232484102663,-2.7290586548938 -41.8227449644897,-2.7296188212577 -41.8221806998473,-2.7297701630786 -41.8213864500104,-2.73016786040696 -41.8212475200465,-2.73046079869185 -41.820748441326,-2.73072640174039 -41.8202059152051,-2.73087798022934 -41.8200453063954,-2.73114791595239 -41.8198846678057,-2.73139499753952 -41.8198803580437,-2.73166715583088 -41.8198326322021,-2.73198400309422 -41.813783637794,-2.7388539243782 -41.813760580638,-2.73894473597024 -41.8149237487366,-2.74205289703115 -41.8158698920612,-2.74400442059604 -41.8168160990922,-2.74559290469297 -41.8178143781811,-2.74722705757725 -41.8186476989198,-2.74877025830259 -41.8202319446373,-2.75108555263497 -41.8212301418916,-2.75231168380998 -41.824229326534,-2.75585387782509 -41.8257310425862,-2.75701271299608 -41.8277319008526,-2.75833142167183 -41.8298412786344,-2.76012665678727 -41.8318681749901,-2.76135411303017 -41.83314856181,-2.76230875110475 -41.8352015171556,-2.76380881470769 -41.836646846588,-2.76476371668682 -41.8384524414131,-2.76621768341172 -41.8396460030564,-2.76712674623117 -41.8420070847586,-2.76860460793354 -41.8433135488278,-2.76921903553644 -41.8448413074629,-2.77006070383589 -41.846034941669,-2.77101502769926 -41.8479272568417,-2.77233337350262 -41.8487041506624,-2.77315072078851 -41.8492033571072,-2.77464790388094 -41.8494550366693,-2.77591795649957 -41.8494550487359,-2.77791226803608 -41.849424665587,-2.77927352517244 -41.849316160988,-2.78258190973545 -41.8491772722692,-2.78417069795569 -41.8488690753534,-2.78598170427861 -41.8485088348457,-2.78847630928412 -41.8480096946614,-2.79006240808219 -41.8475930256659,-2.79151232292942 -41.8469247059366,-2.79364014718852 -41.8467293616611,-2.79486518254673 -41.8466468726982,-2.79735953559034 -41.8466208829647,-2.80012341725687 -41.8465904808786,-2.80275422464807 -41.8464515964121,-2.80506513578759 -41.8462042140378,-2.80642634111458 -41.8456485832285,-2.80819285073428 -41.8447589041073,-2.80986793601565 -41.8438690832768,-2.81109297418219 -41.8423717151768,-2.81367352981823 -41.8412606138083,-2.81559849412873 -41.8406746961153,-2.8175930877581 -41.8406485717538,-2.81881784897729 -41.841286657049,-2.82112905889286 -41.8423716713735,-2.82308196429871 -41.8436477374047,-2.82421796427383 -41.8460653120451,-2.82522085963941 -41.8479533359869,-2.82560686237802 -41.8504533338141,-2.82620121782973 -41.8529533547797,-2.82652348293598 -41.854871730927,-2.82682076289241 -41.856173772342,-2.82709585621048 -41.8578144577026,-2.82739291879526 -41.8583960447536,-2.82764301379832 -41.8593422535995,-2.82800973021021 -41.8605357841771,-2.82878182146812 -41.8612605903664,-2.8294623926932 -41.8623413989399,-2.8314597588191 -41.8624802668025,-2.83250414335382 -41.8626191187317,-2.83345412756529 -41.8625106344738,-2.83427091594088 -41.8621200360486,-2.83635696029928 -41.8617033277754,-2.8378958607653 -41.8613430865428,-2.83998189436956 -41.8609828440466,-2.84156801091021 -41.8607875341409,-2.84242900447269 -41.8604794037703,-2.84387921682014 -41.8602884319502,-2.84605694743763 -41.8602580326301,-2.84832364571171 -41.8603708381676,-2.85059037519884 -41.8603969102995,-2.85290131197952 -41.8605097654607,-2.85557626714673 -41.8606486852522,-2.85725408379453 -41.8606486294406,-2.85952077535823 -41.8607571870477,-2.86135966715999 -41.8611738457496,-2.86299028165049 -41.861868309714,-2.8643542699596 -41.8627579963423,-2.86555700675681 -41.863730264025,-2.86734850813863 -41.8645375783856,-2.86907370265709 -41.864841394072,-2.87057085873782 -41.8649802672075,-2.87229312848867 -41.865149515731,-2.87351818498416 -41.8651494878222,-2.87451539967478 -41.8648978239343,-2.87632638487737 -41.8646200153429,-2.87764307098348 -41.8638431376878,-2.87940987243288 -41.8632050502439,-2.88072357117936 -41.8619550666733,-2.88280694568579 -41.8607050619804,-2.88561534409535 -41.8597328381916,-2.8870875465545 -41.8589819589163,-2.88860417329671 -41.8575627331634,-2.89154857819796 -41.8567033275162,-2.89263472005277 -41.855175564089,-2.89462929891451 -41.8541469230115,-2.89612372568828 -41.8522848768273,-2.89852368102105 -41.8504793570866,-2.90101258146897 -41.8486737642805,-2.90391267110604 -41.847284909131,-2.90517923350495 -41.8460088749639,-2.90680979199957 -41.8440383914917,-2.90886819994216 -41.8418161272158,-2.91045154588832 -41.8397024783106,-2.91248748598558 -41.8326999096338,-2.91703387326743 -42.3337093020436,-2.91703812384992 -42.3337092908773,-2.83370417791788 -42.6670453677379,-2.83370399739125 -42.6698231796706,-2.75037002382009 -42.8534357740234,-2.75037003465112 -42.8534357660561,-2.74453665252973 -42.7681465489364,-2.59533884381423</coordinates></LinearRing></outerBoundaryIs></Polygon></MultiGeometry>
  </Placemark>
  <Placemark id="ucs.11">
	<name>ÁREA DE PROTEÇÃO AMBIENTAL DOS MORROS GARAPENSES</name>
	<Style><LineStyle><color>ff0000ff</color></LineStyle><PolyStyle><fill>0</fill></PolyStyle></Style>
	<ExtendedData><SchemaData schemaUrl="#ucs">
		<SimpleData name="docleg_id">48583</SimpleData>
		<SimpleData name="uc_id">18941</SimpleData>
		<SimpleData name="cd_cnuc">0000.21.1892</SimpleData>
		<SimpleData name="wdpa_pid">555576453</SimpleData>
		<SimpleData name="cria_ano">31-12-2010</SimpleData>
		<SimpleData name="cria_ato">Decreto 25.087 de 31-12-2010</SimpleData>
		<SimpleData name="outro_ato">Sem informação</SimpleData>
		<SimpleData name="pl_manejo">Não</SimpleData>
		<SimpleData name="co_gestor">Não</SimpleData>
		<SimpleData name="quali_pol">Polígono corresponde ao memorial descritivo</SimpleData>
		<SimpleData name="ha_total">234319.2</SimpleData>
		<SimpleData name="ha_ato">234767.91</SimpleData>
		<SimpleData name="esfera">Estadual</SimpleData>
		<SimpleData name="uf">MARANHÃO</SimpleData>
		<SimpleData name="municipio">AFONSO CUNHA (MA), BURITI (MA), COELHO NETO (MA), DUQUE BACELAR (MA)</SimpleData>
		<SimpleData name="org_gestor">SECRETARIA DE ESTADO DE MEIO AMBIENTE E RECURSOS NATURAIS DO MARANHÃO - MA</SimpleData>
		<SimpleData name="grupo">Uso Sustentável</SimpleData>
		<SimpleData name="categoria">Área de Proteção Ambiental</SimpleData>
		<SimpleData name="cat_iucn">Category V</SimpleData>
		<SimpleData name="cerrado">234323.73</SimpleData>
		<SimpleData name="situacao">Ativo</SimpleData>
		<SimpleData name="limite">uc</SimpleData>
	</SchemaData></ExtendedData>
      <MultiGeometry><Polygon><outerBoundaryIs><LinearRing><coordinates>-42.9888371195657,-4.23409710101478 -43.429211277101,-4.2233395096241 -43.2097344491531,-4.02269354977877 -43.1228686195823,-3.69025466575265 -42.7197853832738,-3.87418690168243 -42.7214157743487,-3.88022025365422 -42.7221140092291,-3.8834011467883 -42.7230897856142,-3.88875135380572 -42.7235326392282,-3.89239345082426 -42.7237496293614,-3.89586426988135 -42.7237113162722,-3.89959039725769 -42.7237814827982,-3.90186208531595 -42.7243242856319,-3.90439918562298 -42.7249318380308,-3.90690395534142 -42.7256692420541,-3.9092140314056 -42.7263110980359,-3.91098746610004 -42.7272765351371,-3.91266425767239 -42.7298381084075,-3.91593828870662 -42.7312062156126,-3.91816881701802 -42.733042180638,-3.92075820931473 -42.7344117889531,-3.92243610562344 -42.7354921185904,-3.92347930553254 -42.7368787333737,-3.92484842052706 -42.7386693340557,-3.92628364950413 -42.7402977099949,-3.92792974217161 -42.7426007537241,-3.92968331822465 -42.7461594059903,-3.93194011502948 -42.7485318289363,-3.93345412543472 -42.7587147591782,-3.9395191313223 -42.7677120420421,-3.94467065156789 -42.7740872050068,-3.94911817635256 -42.7759151621566,-3.95061647706651 -42.7796190205708,-3.9542105629559 -42.7831094763258,-3.95760495790943 -42.7847737652583,-3.95948683546542 -42.7865210496534,-3.96208007874717 -42.7875892299174,-3.96469994864604 -42.7885992373552,-3.96791702507622 -42.7896618960005,-3.97261342473151 -42.7906388379193,-3.97762250234255 -42.7917256889284,-3.98385504908222 -42.7923657487776,-3.98786762757245 -42.7931795958772,-3.9903730491584 -42.7940358612756,-3.99273249638967 -42.795615159599,-3.99467817780342 -42.7982839349808,-3.99657701215657 -42.8008070978651,-3.99738028401163 -42.8044716464509,-3.99724078529009 -42.8062060172738,-3.9967476319943 -42.8084379237561,-3.99535975455988 -42.8116233289608,-3.99184806577259 -42.8137242028858,-3.98917973272303 -42.814518705607,-3.98832846488414 -42.8161597886582,-3.98833283741938 -42.8172060116264,-3.9885916396491 -42.8184786678702,-3.98882259716662 -42.8214740017306,-3.99030977183904 -42.8233914578836,-3.99192469942499 -42.8249411561211,-3.99440365275394 -42.8260938314048,-3.99722291042255 -42.8270778636908,-3.99961502575555 -42.8274154566758,-4.00035553050401 -42.8287462203631,-4.0045472397864 -42.8294318443444,-4.00743638036411 -42.8300697894317,-4.00962845687901 -42.8306551959426,-4.01296536650761 -42.8311439311995,-4.01540595555096 -42.8323259142535,-4.01784839224493 -42.8333115386211,-4.01964314897587 -42.8339018103142,-4.02113816497884 -42.8344924773694,-4.02248383824148 -42.8349864755731,-4.02293318743766 -42.8363532234928,-4.02506320964485 -42.8376188928099,-4.0279681346068 -42.8388309037116,-4.02976350021141 -42.840325433102,-4.03173029900773 -42.8418722060483,-4.03534714636123 -42.8440654553851,-4.04061562999066 -42.8457541054588,-4.04409063150396 -42.8465953522165,-4.04699444344724 -42.8485052805663,-4.05240442478871 -42.8505801121672,-4.05966389920187 -42.8519264342433,-4.06419054210178 -42.8535221388454,-4.07071980631453 -42.8548942048025,-4.07621194758376 -42.8562697375916,-4.08039732376743 -42.8570885589381,-4.0828063285447 -42.8593089770354,-4.08691447349079 -42.8615925823831,-4.09016354006914 -42.8626920930331,-4.09173106725935 -42.8641572327032,-4.09415298475765 -42.865649772966,-4.09691634249767 -42.8680445823112,-4.10093378844849 -42.8709503096818,-4.10438366073556 -42.8738854142634,-4.10743535210728 -42.8762834446255,-4.11025803252439 -42.8802886473456,-4.11265828931579 -42.8837044390285,-4.11321499854719 -42.8849415204574,-4.11361655397451 -42.8887037454759,-4.1142737332726 -42.8907826383899,-4.11472730022772 -42.8940476671507,-4.11612988946944 -42.8966691369956,-4.11743120061211 -42.8990419431614,-4.11913011739038 -42.9006227323479,-4.12067758725869 -42.9023990225481,-4.12322124533875 -42.9038784229237,-4.1256645529411 -42.9044204754239,-4.12671144213602 -42.9048104228383,-4.12910208791286 -42.904311756907,-4.13039514319904 -42.903455162726,-4.13232705351143 -42.9022627739369,-4.13374628190989 -42.8995952695921,-4.13647018500469 -42.8938941690906,-4.14120576987639 -42.8922485510224,-4.14276599625535 -42.8892129900308,-4.14551729517773 -42.8878215383972,-4.14727731538047 -42.8869939160328,-4.14986381755434 -42.886674123295,-4.15304907495678 -42.8873849809467,-4.15484317214531 -42.888997983735,-4.15644055824368 -42.8902407120133,-4.15740297822581 -42.8917430681644,-4.15804097884843 -42.8945578205889,-4.15777216876639 -42.898133117163,-4.1573428216147 -42.9001719797928,-4.15692561378239 -42.9042479887596,-4.15674140912187 -42.9056066174389,-4.15669625842674 -42.9141987112372,-4.15658090204477 -42.9181128077225,-4.15609342555821 -42.9217271265016,-4.15660081870377 -42.9277174362577,-4.15766208584674 -42.9309700827196,-4.15849386713775 -42.9325533240734,-4.15915234011804 -42.9356884037451,-4.16166402784359 -42.9393272819768,-4.16431927641411 -42.9411333468595,-4.16637229860728 -42.9425162044543,-4.1679121397093 -42.9451689435099,-4.17090618094772 -42.9470032663348,-4.17298772680948 -42.9493448459132,-4.17592405768185 -42.951122139299,-4.17817614700144 -42.9527592515373,-4.1799157952363 -42.9621576021283,-4.19067909987862 -42.9640587449961,-4.19294929711361 -42.9686405327394,-4.19775309949017 -42.9715776340106,-4.20168136900966 -42.9736530948374,-4.20360352272995 -42.9766775974929,-4.20727064748951 -42.9796183623012,-4.20980492726023 -42.9826406681602,-4.21434330191551 -42.9847912531442,-4.21802949768183 -42.9867320337704,-4.22281400182665 -42.9869548137879,-4.2242370403715 -42.9879871672431,-4.2300433615489 -42.9887984285466,-4.23377231931565 -42.9888371195657,-4.23409710101478</coordinates></LinearRing></outerBoundaryIs></Polygon></MultiGeometry>
  </Placemark>
  <Placemark id="ucs.12">
	<name>ÁREA DE PROTEÇÃO AMBIENTAL DA REGIÃO DO MARACANÃ</name>
	<Style><LineStyle><color>ff0000ff</color></LineStyle><PolyStyle><fill>0</fill></PolyStyle></Style>
	<ExtendedData><SchemaData schemaUrl="#ucs">
		<SimpleData name="docleg_id">48586</SimpleData>
		<SimpleData name="uc_id">18943</SimpleData>
		<SimpleData name="cd_cnuc">0000.21.1893</SimpleData>
		<SimpleData name="wdpa_pid">352128</SimpleData>
		<SimpleData name="cria_ano">01-10-1991</SimpleData>
		<SimpleData name="cria_ato">Decreto 12.103 de 01-10-1991</SimpleData>
		<SimpleData name="outro_ato">Sem informação</SimpleData>
		<SimpleData name="pl_manejo">Sim</SimpleData>
		<SimpleData name="co_gestor">Não</SimpleData>
		<SimpleData name="quali_pol">Polígono é uma estimativa dos limites da UC</SimpleData>
		<SimpleData name="ha_total">2190.15</SimpleData>
		<SimpleData name="ha_ato">1831</SimpleData>
		<SimpleData name="esfera">Estadual</SimpleData>
		<SimpleData name="uf">MARANHÃO</SimpleData>
		<SimpleData name="municipio">SÃO LUÍS (MA)</SimpleData>
		<SimpleData name="org_gestor">SECRETARIA DE ESTADO DE MEIO AMBIENTE E RECURSOS NATURAIS DO MARANHÃO - MA</SimpleData>
		<SimpleData name="grupo">Uso Sustentável</SimpleData>
		<SimpleData name="categoria">Área de Proteção Ambiental</SimpleData>
		<SimpleData name="cat_iucn">Category V</SimpleData>
		<SimpleData name="amazonia">2190.63</SimpleData>
		<SimpleData name="situacao">Ativo</SimpleData>
		<SimpleData name="limite">uc</SimpleData>
	</SchemaData></ExtendedData>
      <MultiGeometry><Polygon><outerBoundaryIs><LinearRing><coordinates>-44.2456984920756,-2.59991149604829 -44.2458215676078,-2.60091794610523 -44.246370527781,-2.60510530393968 -44.2483341216096,-2.60880815932655 -44.2503621824222,-2.61213257803336 -44.2539312566009,-2.61614616204873 -44.2754596652847,-2.64622103531573 -44.2866102551401,-2.66208097399979 -44.2950070291174,-2.66189199938251 -44.303783787231,-2.64773394170899 -44.3108578031146,-2.61975899860442 -44.3055725074565,-2.61015497706791 -44.3013195277656,-2.60638522517172 -44.3013658036188,-2.60674762282949 -44.3014907443388,-2.60736691250369 -44.301686175959,-2.60787121507872 -44.3016833818948,-2.6084573568326 -44.301709914431,-2.60911959037817 -44.3020177311853,-2.60960977325443 -44.3022557677923,-2.60991265118255 -44.3023815547152,-2.61017206866637 -44.3023105911139,-2.61048858414493 -44.3020853138776,-2.61073274613422 -44.3017622022672,-2.61077513923358 -44.3015093098362,-2.61081770438222 -44.3015230159067,-2.61096168768744 -44.3015503259022,-2.61129283866517 -44.3014091420569,-2.6116091814604 -44.3010576379808,-2.61178105926544 -44.3006363875411,-2.61175123654515 -44.2998931758557,-2.61127438026566 -44.2995844799886,-2.61115846372216 -44.2995701657027,-2.61127358800569 -44.2994150732346,-2.61153231705248 -44.2990354473982,-2.61171851998252 -44.2986697634801,-2.61194794192359 -44.298387361024,-2.61259502185559 -44.2981198490533,-2.61288226455916 -44.2978160583389,-2.61306045739486 -44.2973665845281,-2.6130881442377 -44.2972122711481,-2.61301579058724 -44.2971847246026,-2.6127854038619 -44.2973539974102,-2.61246913041474 -44.2974668567253,-2.61225348308256 -44.2973692602654,-2.61195094959555 -44.2971592448855,-2.6116769299858 -44.2969206675877,-2.61160436948741 -44.2969060481906,-2.61184904778484 -44.2968495677144,-2.61197846359956 -44.2967089247364,-2.6120644881758 -44.2965962686033,-2.61219376601364 -44.296792138695,-2.61251093592577 -44.2970575505992,-2.61311617535956 -44.2970560261569,-2.61376394432377 -44.2967033006728,-2.61445403539773 -44.2960265815924,-2.61556078428133 -44.2954489821825,-2.6163222969894 -44.2953917892425,-2.61675400460066 -44.2954889783778,-2.61722927654034 -44.2953476904079,-2.61758880314248 -44.2946007120878,-2.61810255062957 -44.2942767846352,-2.61849041742152 -44.2941914012852,-2.6189652404503 -44.2938671001973,-2.6195114506779 -44.2936693639754,-2.61998599729405 -44.2932747741492,-2.62056082414406 -44.2930769023635,-2.62109294982206 -44.2927937810977,-2.62204231886145 -44.2924976682389,-2.62254541279249 -44.2922716736328,-2.62309186405096 -44.2923268987798,-2.62349505802004 -44.2923894454372,-2.62377605034856 -44.2922504986497,-2.62419052703345 -44.2918453239219,-2.62438751099138 -44.2913853630672,-2.62441466162978 -44.2909897423752,-2.62446082600933 -44.290004522004,-2.62490150056194 -44.2897096107119,-2.62514589426779 -44.2895249409029,-2.62544712514168 -44.2892948372,-2.62551255176922 -44.2889730669808,-2.62544576523604 -44.2884854900588,-2.62548227410943 -44.2878690533503,-2.62555617611853 -44.2876287028848,-2.62557962816492 -44.2871627606745,-2.62527308025749 -44.2866812292108,-2.62487986882791 -44.2862625117193,-2.62452879358556 -44.2860601548234,-2.62431817669218 -44.2857530366913,-2.62416363292572 -44.2853900797585,-2.62398099028958 -44.2850480402019,-2.62384747671798 -44.2847130109069,-2.62366484997758 -44.2845176486586,-2.62343318658618 -44.2843128993121,-2.62299415089907 -44.2841246467043,-2.62253795711011 -44.2839782652946,-2.62211687101842 -44.283789964998,-2.62174487794702 -44.2835109471719,-2.62128863197742 -44.2832388878156,-2.62087449048675 -44.2829231223907,-2.62044211246873 -44.282490674989,-2.61968406041162 -44.2821698229529,-2.61912955660741 -44.2818489188097,-2.61866627008573 -44.2816674854048,-2.61849776469534 -44.2814162006903,-2.61838535301119 -44.2811976631209,-2.6182411576969 -44.280974362171,-2.61803052814964 -44.280744115485,-2.61775674450277 -44.2805486987449,-2.61762331455774 -44.2803043321207,-2.61762317361339 -44.2800110367882,-2.61772123804082 -44.2797037128953,-2.61793156142056 -44.2788514966513,-2.61867483837973 -44.2786489453626,-2.61880803818953 -44.2783905587783,-2.61890612231533 -44.2781461442359,-2.61899018123392 -44.2779157294602,-2.61901109791925 -44.277573608464,-2.61902493298161 -44.2774269686464,-2.61905993158439 -44.2773122804595,-2.61918138515881 -44.2770187871442,-2.61962326640798 -44.2767273434025,-2.61997335776908 -44.2764750482288,-2.62008819076785 -44.2762630340104,-2.62015132565341 -44.2757640977389,-2.61999500632815 -44.2752960841035,-2.61955961043651 -44.2745110690446,-2.61881325991079 -44.2737261278426,-2.61803589204721 -44.2733636970453,-2.61774033370916 -44.2731373302231,-2.61749163743064 -44.2727144528699,-2.6171649121136 -44.2720351686016,-2.61649636504846 -44.2716278634778,-2.61598357630078 -44.2710542356965,-2.61542384993708 -44.2705112368736,-2.6147091143995 -44.2697871531505,-2.61379232000054 -44.2692675581762,-2.6128989653537 -44.268906309449,-2.61210713743389 -44.2688317994807,-2.6116261897341 -44.2687881403274,-2.61089718273302 -44.2693342673694,-2.6102937047837 -44.2698967066918,-2.60985655263921 -44.2701466318231,-2.60931560485877 -44.2704903257882,-2.60855189097028 -44.2704714707832,-2.60776604159684 -44.2700389611447,-2.60714414380801 -44.2691220606812,-2.60663400118628 -44.2682043098012,-2.60648235430235 -44.2671955519655,-2.60640143891553 -44.266439631841,-2.60688456576413 -44.2660316630639,-2.60728529239826 -44.2658355101028,-2.60736206345767 -44.2656697256615,-2.60734620067883 -44.2647462574222,-2.6068974240807 -44.2638555918627,-2.60627530117158 -44.2632734710796,-2.60589911032381 -44.2628797816768,-2.60550299248236 -44.2625208774748,-2.60506032030758 -44.2621618854329,-2.60476901607264 -44.261941828832,-2.60464080564652 -44.2616174453392,-2.60460568347654 -44.261188864215,-2.60444241895563 -44.2607023808105,-2.60423254545922 -44.2602274089815,-2.60415075946107 -44.2598566279424,-2.60420875919243 -44.2596637601792,-2.60432959138754 -44.2595162416147,-2.60442922398476 -44.2590141655183,-2.60416867263795 -44.2584179283786,-2.60389623549846 -44.2578491272691,-2.60367507660289 -44.2573979809046,-2.60354862544693 -44.2570723339193,-2.60352082983991 -44.2566897141969,-2.60354768129279 -44.2562776934911,-2.6036105292304 -44.2558146167867,-2.60375615475891 -44.255400447027,-2.60391430204256 -44.2546665453751,-2.60421749662343 -44.2538620178687,-2.60452064839638 -44.2533439536646,-2.60476087855096 -44.2528905477911,-2.60494694937469 -44.252513830286,-2.60502558970718 -44.2521332264266,-2.60504113573277 -44.2516859740723,-2.60496594701899 -44.251238807971,-2.60474485817182 -44.2506947912511,-2.60425674008439 -44.2504302300407,-2.60374639236653 -44.250353266529,-2.60325833899229 -44.2502984669955,-2.60261502381921 -44.2502547753905,-2.60184971344494 -44.2501888477577,-2.60136166669005 -44.2499948864648,-2.60102549329079 -44.2480495200151,-2.60028463629859 -44.2457450204222,-2.59991888077533 -44.2457233289238,-2.59978349175866 -44.2456984920756,-2.59991149604829</coordinates></LinearRing></outerBoundaryIs></Polygon></MultiGeometry>
  </Placemark>
  <Placemark id="ucs.13">
	<name>ÁREA DE PROTEÇÃO AMBIENTAL DO ITAPIRACÓ</name>
	<Style><LineStyle><color>ff0000ff</color></LineStyle><PolyStyle><fill>0</fill></PolyStyle></Style>
	<ExtendedData><SchemaData schemaUrl="#ucs">
		<SimpleData name="docleg_id">48590</SimpleData>
		<SimpleData name="uc_id">18945</SimpleData>
		<SimpleData name="cd_cnuc">0000.21.1890</SimpleData>
		<SimpleData name="wdpa_pid">555576166</SimpleData>
		<SimpleData name="cria_ano">26-06-1997</SimpleData>
		<SimpleData name="cria_ato">Decreto 15.618 de 23-06-1997</SimpleData>
		<SimpleData name="outro_ato">Sem informação</SimpleData>
		<SimpleData name="pl_manejo">Não</SimpleData>
		<SimpleData name="co_gestor">Não</SimpleData>
		<SimpleData name="quali_pol">Polígono é uma estimativa dos limites da UC</SimpleData>
		<SimpleData name="ha_total">355.32</SimpleData>
		<SimpleData name="ha_ato">322</SimpleData>
		<SimpleData name="esfera">Estadual</SimpleData>
		<SimpleData name="uf">MARANHÃO</SimpleData>
		<SimpleData name="municipio">SÃO JOSÉ DE RIBAMAR (MA), SÃO LUÍS (MA)</SimpleData>
		<SimpleData name="org_gestor">SECRETARIA DE ESTADO DE MEIO AMBIENTE E RECURSOS NATURAIS DO MARANHÃO - MA</SimpleData>
		<SimpleData name="grupo">Uso Sustentável</SimpleData>
		<SimpleData name="categoria">Área de Proteção Ambiental</SimpleData>
		<SimpleData name="cat_iucn">Category V</SimpleData>
		<SimpleData name="amazonia">355.01</SimpleData>
		<SimpleData name="situacao">Ativo</SimpleData>
		<SimpleData name="limite">uc</SimpleData>
	</SchemaData></ExtendedData>
      <MultiGeometry><Polygon><outerBoundaryIs><LinearRing><coordinates>-44.1902179490925,-2.51970719399299 -44.1899988153433,-2.52062443908311 -44.1899805767768,-2.52146446411152 -44.1919419702167,-2.52153724546967 -44.191870510801,-2.52233544391467 -44.1916569676099,-2.52381274762569 -44.1908353580425,-2.52970126468436 -44.1955044698639,-2.53098794058127 -44.1991905147699,-2.53163659100114 -44.2012284773218,-2.53199536412561 -44.2028705907427,-2.53249682119523 -44.2034496336207,-2.53240183107991 -44.2053632853137,-2.5329234454751 -44.2054225467799,-2.53294519312306 -44.2072638706956,-2.52637807608169 -44.2141628213048,-2.52878318241487 -44.2206720604925,-2.5310509724313 -44.2226744062829,-2.53173427432739 -44.2230644778902,-2.5314783170375 -44.2232299820918,-2.53132354338342 -44.2234372165778,-2.53102595311029 -44.2224685735988,-2.53058454166215 -44.2223386788081,-2.53045338195467 -44.2222561550904,-2.53007202909936 -44.2219851647339,-2.52883269853859 -44.2218080788833,-2.52849905339586 -44.2207336173741,-2.5272264908751 -44.2174562940429,-2.52443344665907 -44.2131160806217,-2.52091586651465 -44.2110316259793,-2.5192077399327 -44.2056082042908,-2.51931162610411 -44.2035874882119,-2.51960828063888 -44.1991447011558,-2.51979017754895 -44.193178509402,-2.51851764612866 -44.1913060498855,-2.5180487873371 -44.1907679059457,-2.51892711582867 -44.1904071794586,-2.51943918081044 -44.1902179490925,-2.51970719399299</coordinates></LinearRing></outerBoundaryIs></Polygon></MultiGeometry>
  </Placemark>
  <Placemark id="ucs.14">
	<name>PARQUE ESTADUAL MARINHO DO PARCEL DE MANUEL LUÍS</name>
	<Style><LineStyle><color>ff0000ff</color></LineStyle><PolyStyle><fill>0</fill></PolyStyle></Style>
	<ExtendedData><SchemaData schemaUrl="#ucs">
		<SimpleData name="docleg_id">44417</SimpleData>
		<SimpleData name="uc_id">17383</SimpleData>
		<SimpleData name="cd_cnuc">0000.21.1886</SimpleData>
		<SimpleData name="wdpa_pid">71009</SimpleData>
		<SimpleData name="cria_ano">09-10-1991</SimpleData>
		<SimpleData name="cria_ato">Decreto 11.902 de 11-06-1991</SimpleData>
		<SimpleData name="outro_ato">Sem informação</SimpleData>
		<SimpleData name="pl_manejo">Sim</SimpleData>
		<SimpleData name="co_gestor">Sim</SimpleData>
		<SimpleData name="quali_pol">Polígono corresponde ao memorial descritivo</SimpleData>
		<SimpleData name="ppgr">Projeto GEF Mar - Áreas Marinhas e Costeiras Protegidas, Sítio Ramsar Parque Parcel Manoel Luís</SimpleData>
		<SimpleData name="ha_total">242210.59</SimpleData>
		<SimpleData name="ha_ato">45237.9</SimpleData>
		<SimpleData name="esfera">Estadual</SimpleData>
		<SimpleData name="uf">MARANHÃO</SimpleData>
		<SimpleData name="municipio">CURURUPU (MA)</SimpleData>
		<SimpleData name="org_gestor">SECRETARIA DE ESTADO DE MEIO AMBIENTE E RECURSOS NATURAIS DO MARANHÃO - MA</SimpleData>
		<SimpleData name="grupo">Proteção Integral</SimpleData>
		<SimpleData name="categoria">Parque</SimpleData>
		<SimpleData name="cat_iucn">Category II</SimpleData>
		<SimpleData name="marinho">90258.25</SimpleData>
		<SimpleData name="situacao">Ativo</SimpleData>
		<SimpleData name="limite">za</SimpleData>
	</SchemaData></ExtendedData>
      <MultiGeometry><Polygon><outerBoundaryIs><LinearRing><coordinates>-44.494227,-1.128231 -44.494027,-0.999984 -44.494031,-0.833347 -44.494845,-0.729681 -44.44104,-0.66665 -44.440487,-0.666162 -44.155906,-0.666693 -44.067969,-0.725715 -44.027866,-0.776001 -44.015235,-0.931328 -44.016165,-1.22183400000002 -44.494227,-1.128231</coordinates></LinearRing></outerBoundaryIs><innerBoundaryIs><LinearRing><coordinates>-44.25,-0.766667 -44.35,-0.766667 -44.35,-0.966667 -44.15,-0.966667 -44.15,-0.833333 -44.25,-0.766667</coordinates></LinearRing></innerBoundaryIs></Polygon></MultiGeometry>
  </Placemark>
</Folder>
</Document></kml>
